id,name,email,age,salary
1,user_1,user_1mail.com,20,30000
2,user_2,user_2@mail.com,10,30003
3,user_3,user_3@mail.com,2,30006
4,user_4,user_4@mail.com,4,30009
5,user_5,user_5@mail.com,24,30012
6,user_6,user_6@mail.com,25,30015
7,user_7,user_7@mail.com,26,30018
8,user_8,user_8@mail.com,27,30021
9,user_9,user_9@mail.com,28,30024
10,user_10,user_10@mail.com,29,30027
11,user_11,user_11@mail.com,30,30030
12,user_12,user_12@mail.com,31,30033
13,user_13,user_13@mail.com,32,30036
14,user_14,user_14@mail.com,33,30039
15,user_15,user_15@mail.com,34,30042
16,user_16,user_16@mail.com,35,30045
17,user_17,user_17@mail.com,36,30048
18,user_18,user_18@mail.com,37,30051
19,user_19,user_19@mail.com,38,30054
20,user_20,user_20@mail.com,39,30057
21,user_21,user_21@mail.com,40,30060
22,user_22,user_22@mail.com,41,30063
23,user_23,user_23@mail.com,42,30066
24,user_24,user_24@mail.com,43,30069
25,user_25,user_25@mail.com,44,30072
26,user_26,user_26@mail.com,45,30075
27,user_27,user_27@mail.com,46,30078
28,user_28,user_28@mail.com,47,30081
29,user_29,user_29@mail.com,48,30084
30,user_30,user_30@mail.com,49,30087
31,user_31,user_31@mail.com,50,30090
32,user_32,user_32@mail.com,51,30093
33,user_33,user_33@mail.com,52,30096
34,user_34,user_34@mail.com,53,30099
35,user_35,user_35@mail.com,54,30102
36,user_36,user_36@mail.com,55,30105
37,user_37,user_37@mail.com,56,30108
38,user_38,user_38@mail.com,57,30111
39,user_39,user_39@mail.com,58,30114
40,user_40,user_40@mail.com,59,30117
41,user_41,user_41@mail.com,20,30120
42,user_42,user_42@mail.com,21,30123
43,user_43,user_43@mail.com,22,30126
44,user_44,user_44@mail.com,23,30129
45,user_45,user_45@mail.com,24,30132
46,user_46,user_46@mail.com,25,30135
47,user_47,user_47@mail.com,26,30138
48,user_48,user_48@mail.com,27,30141
49,user_49,user_49@mail.com,28,30144
50,user_50,user_50@mail.com,29,30147
51,user_51,user_51@mail.com,30,30150
52,user_52,user_52@mail.com,31,30153
53,user_53,user_53@mail.com,32,30156
54,user_54,user_54@mail.com,33,30159
55,user_55,user_55@mail.com,34,30162
56,user_56,user_56@mail.com,35,30165
57,user_57,user_57@mail.com,36,30168
58,user_58,user_58@mail.com,37,30171
59,user_59,user_59@mail.com,38,30174
60,user_60,user_60@mail.com,39,30177
61,user_61,user_61@mail.com,40,30180
62,user_62,user_62@mail.com,41,30183
63,user_63,user_63@mail.com,42,30186
64,user_64,user_64@mail.com,43,30189
65,user_65,user_65@mail.com,44,30192
66,user_66,user_66@mail.com,45,30195
67,user_67,user_67@mail.com,46,30198
68,user_68,user_68@mail.com,47,30201
69,user_69,user_69@mail.com,48,30204
70,user_70,user_70@mail.com,49,30207
71,user_71,user_71@mail.com,50,30210
72,user_72,user_72@mail.com,51,30213
73,user_73,user_73@mail.com,52,30216
74,user_74,user_74@mail.com,53,30219
75,user_75,user_75@mail.com,54,30222
76,user_76,user_76@mail.com,55,30225
77,user_77,user_77@mail.com,56,30228
78,user_78,user_78@mail.com,57,30231
79,user_79,user_79@mail.com,58,30234
80,user_80,user_80@mail.com,59,30237
81,user_81,user_81@mail.com,20,30240
82,user_82,user_82@mail.com,21,30243
83,user_83,user_83@mail.com,22,30246
84,user_84,user_84@mail.com,23,30249
85,user_85,user_85@mail.com,24,30252
86,user_86,user_86@mail.com,25,30255
87,user_87,user_87@mail.com,26,30258
88,user_88,user_88@mail.com,27,30261
89,user_89,user_89@mail.com,28,30264
90,user_90,user_90@mail.com,29,30267
91,user_91,user_91@mail.com,30,30270
92,user_92,user_92@mail.com,31,30273
93,user_93,user_93@mail.com,32,30276
94,user_94,user_94@mail.com,33,30279
95,user_95,user_95@mail.com,34,30282
96,user_96,user_96@mail.com,35,30285
97,user_97,user_97@mail.com,36,30288
98,user_98,user_98@mail.com,37,30291
99,user_99,user_99@mail.com,38,30294
100,user_100,user_100@mail.com,39,30297
101,user_101,user_101@mail.com,40,30300
102,user_102,user_102@mail.com,41,30303
103,user_103,user_103@mail.com,42,30306
104,user_104,user_104@mail.com,43,30309
105,user_105,user_105@mail.com,44,30312
106,user_106,user_106@mail.com,45,30315
107,user_107,user_107@mail.com,46,30318
108,user_108,user_108@mail.com,47,30321
109,user_109,user_109@mail.com,48,30324
110,user_110,user_110@mail.com,49,30327
111,user_111,user_111@mail.com,50,30330
112,user_112,user_112@mail.com,51,30333
113,user_113,user_113@mail.com,52,30336
114,user_114,user_114@mail.com,53,30339
115,user_115,user_115@mail.com,54,30342
116,user_116,user_116@mail.com,55,30345
117,user_117,user_117@mail.com,56,30348
118,user_118,user_118@mail.com,57,30351
119,user_119,user_119@mail.com,58,30354
120,user_120,user_120@mail.com,59,30357
121,user_121,user_121@mail.com,20,30360
122,user_122,user_122@mail.com,21,30363
123,user_123,user_123@mail.com,22,30366
124,user_124,user_124@mail.com,23,30369
125,user_125,user_125@mail.com,24,30372
126,user_126,user_126@mail.com,25,30375
127,user_127,user_127@mail.com,26,30378
128,user_128,user_128@mail.com,27,30381
129,user_129,user_129@mail.com,28,30384
130,user_130,user_130@mail.com,29,30387
131,user_131,user_131@mail.com,30,30390
132,user_132,user_132@mail.com,31,30393
133,user_133,user_133@mail.com,32,30396
134,user_134,user_134@mail.com,33,30399
135,user_135,user_135@mail.com,34,30402
136,user_136,user_136@mail.com,35,30405
137,user_137,user_137@mail.com,36,30408
138,user_138,user_138@mail.com,37,30411
139,user_139,user_139@mail.com,38,30414
140,user_140,user_140@mail.com,39,30417
141,user_141,user_141@mail.com,40,30420
142,user_142,user_142@mail.com,41,30423
143,user_143,user_143@mail.com,42,30426
144,user_144,user_144@mail.com,43,30429
145,user_145,user_145@mail.com,44,30432
146,user_146,user_146@mail.com,45,30435
147,user_147,user_147@mail.com,46,30438
148,user_148,user_148@mail.com,47,30441
149,user_149,user_149@mail.com,48,30444
150,user_150,user_150@mail.com,49,30447
151,user_151,user_151@mail.com,50,30450
152,user_152,user_152@mail.com,51,30453
153,user_153,user_153@mail.com,52,30456
154,user_154,user_154@mail.com,53,30459
155,user_155,user_155@mail.com,54,30462
156,user_156,user_156@mail.com,55,30465
157,user_157,user_157@mail.com,56,30468
158,user_158,user_158@mail.com,57,30471
159,user_159,user_159@mail.com,58,30474
160,user_160,user_160@mail.com,59,30477
161,user_161,user_161@mail.com,20,30480
162,user_162,user_162@mail.com,21,30483
163,user_163,user_163@mail.com,22,30486
164,user_164,user_164@mail.com,23,30489
165,user_165,user_165@mail.com,24,30492
166,user_166,user_166@mail.com,25,30495
167,user_167,user_167@mail.com,26,30498
168,user_168,user_168@mail.com,27,30501
169,user_169,user_169@mail.com,28,30504
170,user_170,user_170@mail.com,29,30507
171,user_171,user_171@mail.com,30,30510
172,user_172,user_172@mail.com,31,30513
173,user_173,user_173@mail.com,32,30516
174,user_174,user_174@mail.com,33,30519
175,user_175,user_175@mail.com,34,30522
176,user_176,user_176@mail.com,35,30525
177,user_177,user_177@mail.com,36,30528
178,user_178,user_178@mail.com,37,30531
179,user_179,user_179@mail.com,38,30534
180,user_180,user_180@mail.com,39,30537
181,user_181,user_181@mail.com,40,30540
182,user_182,user_182@mail.com,41,30543
183,user_183,user_183@mail.com,42,30546
184,user_184,user_184@mail.com,43,30549
185,user_185,user_185@mail.com,44,30552
186,user_186,user_186@mail.com,45,30555
187,user_187,user_187@mail.com,46,30558
188,user_188,user_188@mail.com,47,30561
189,user_189,user_189@mail.com,48,30564
190,user_190,user_190@mail.com,49,30567
191,user_191,user_191@mail.com,50,30570
192,user_192,user_192@mail.com,51,30573
193,user_193,user_193@mail.com,52,30576
194,user_194,user_194@mail.com,53,30579
195,user_195,user_195@mail.com,54,30582
196,user_196,user_196@mail.com,55,30585
197,user_197,user_197@mail.com,56,30588
198,user_198,user_198@mail.com,57,30591
199,user_199,user_199@mail.com,58,30594
200,user_200,user_200@mail.com,59,30597
201,user_201,user_201@mail.com,20,30600
202,user_202,user_202@mail.com,21,30603
203,user_203,user_203@mail.com,22,30606
204,user_204,user_204@mail.com,23,30609
205,user_205,user_205@mail.com,24,30612
206,user_206,user_206@mail.com,25,30615
207,user_207,user_207@mail.com,26,30618
208,user_208,user_208@mail.com,27,30621
209,user_209,user_209@mail.com,28,30624
210,user_210,user_210@mail.com,29,30627
211,user_211,user_211@mail.com,30,30630
212,user_212,user_212@mail.com,31,30633
213,user_213,user_213@mail.com,32,30636
214,user_214,user_214@mail.com,33,30639
215,user_215,user_215@mail.com,34,30642
216,user_216,user_216@mail.com,35,30645
217,user_217,user_217@mail.com,36,30648
218,user_218,user_218@mail.com,37,30651
219,user_219,user_219@mail.com,38,30654
220,user_220,user_220@mail.com,39,30657
221,user_221,user_221@mail.com,40,30660
222,user_222,user_222@mail.com,41,30663
223,user_223,user_223@mail.com,42,30666
224,user_224,user_224@mail.com,43,30669
225,user_225,user_225@mail.com,44,30672
226,user_226,user_226@mail.com,45,30675
227,user_227,user_227@mail.com,46,30678
228,user_228,user_228@mail.com,47,30681
229,user_229,user_229@mail.com,48,30684
230,user_230,user_230@mail.com,49,30687
231,user_231,user_231@mail.com,50,30690
232,user_232,user_232@mail.com,51,30693
233,user_233,user_233@mail.com,52,30696
234,user_234,user_234@mail.com,53,30699
235,user_235,user_235@mail.com,54,30702
236,user_236,user_236@mail.com,55,30705
237,user_237,user_237@mail.com,56,30708
238,user_238,user_238@mail.com,57,30711
239,user_239,user_239@mail.com,58,30714
240,user_240,user_240@mail.com,59,30717
241,user_241,user_241@mail.com,20,30720
242,user_242,user_242@mail.com,21,30723
243,user_243,user_243@mail.com,22,30726
244,user_244,user_244@mail.com,23,30729
245,user_245,user_245@mail.com,24,30732
246,user_246,user_246@mail.com,25,30735
247,user_247,user_247@mail.com,26,30738
248,user_248,user_248@mail.com,27,30741
249,user_249,user_249@mail.com,28,30744
250,user_250,user_250@mail.com,29,30747
251,user_251,user_251@mail.com,30,30750
252,user_252,user_252@mail.com,31,30753
253,user_253,user_253@mail.com,32,30756
254,user_254,user_254@mail.com,33,30759
255,user_255,user_255@mail.com,34,30762
256,user_256,user_256@mail.com,35,30765
257,user_257,user_257@mail.com,36,30768
258,user_258,user_258@mail.com,37,30771
259,user_259,user_259@mail.com,38,30774
260,user_260,user_260@mail.com,39,30777
261,user_261,user_261@mail.com,40,30780
262,user_262,user_262@mail.com,41,30783
263,user_263,user_263@mail.com,42,30786
264,user_264,user_264@mail.com,43,30789
265,user_265,user_265@mail.com,44,30792
266,user_266,user_266@mail.com,45,30795
267,user_267,user_267@mail.com,46,30798
268,user_268,user_268@mail.com,47,30801
269,user_269,user_269@mail.com,48,30804
270,user_270,user_270@mail.com,49,30807
271,user_271,user_271@mail.com,50,30810
272,user_272,user_272@mail.com,51,30813
273,user_273,user_273@mail.com,52,30816
274,user_274,user_274@mail.com,53,30819
275,user_275,user_275@mail.com,54,30822
276,user_276,user_276@mail.com,55,30825
277,user_277,user_277@mail.com,56,30828
278,user_278,user_278@mail.com,57,30831
279,user_279,user_279@mail.com,58,30834
280,user_280,user_280@mail.com,59,30837
281,user_281,user_281@mail.com,20,30840
282,user_282,user_282@mail.com,21,30843
283,user_283,user_283@mail.com,22,30846
284,user_284,user_284@mail.com,23,30849
285,user_285,user_285@mail.com,24,30852
286,user_286,user_286@mail.com,25,30855
287,user_287,user_287@mail.com,26,30858
288,user_288,user_288@mail.com,27,30861
289,user_289,user_289@mail.com,28,30864
290,user_290,user_290@mail.com,29,30867
291,user_291,user_291@mail.com,30,30870
292,user_292,user_292@mail.com,31,30873
293,user_293,user_293@mail.com,32,30876
294,user_294,user_294@mail.com,33,30879
295,user_295,user_295@mail.com,34,30882
296,user_296,user_296@mail.com,35,30885
297,user_297,user_297@mail.com,36,30888
298,user_298,user_298@mail.com,37,30891
299,user_299,user_299@mail.com,38,30894
300,user_300,user_300@mail.com,39,30897
301,user_301,user_301@mail.com,40,30900
302,user_302,user_302@mail.com,41,30903
303,user_303,user_303@mail.com,42,30906
304,user_304,user_304@mail.com,43,30909
305,user_305,user_305@mail.com,44,30912
306,user_306,user_306@mail.com,45,30915
307,user_307,user_307@mail.com,46,30918
308,user_308,user_308@mail.com,47,30921
309,user_309,user_309@mail.com,48,30924
310,user_310,user_310@mail.com,49,30927
311,user_311,user_311@mail.com,50,30930
312,user_312,user_312@mail.com,51,30933
313,user_313,user_313@mail.com,52,30936
314,user_314,user_314@mail.com,53,30939
315,user_315,user_315@mail.com,54,30942
316,user_316,user_316@mail.com,55,30945
317,user_317,user_317@mail.com,56,30948
318,user_318,user_318@mail.com,57,30951
319,user_319,user_319@mail.com,58,30954
320,user_320,user_320@mail.com,59,30957
321,user_321,user_321@mail.com,20,30960
322,user_322,user_322@mail.com,21,30963
323,user_323,user_323@mail.com,22,30966
324,user_324,user_324@mail.com,23,30969
325,user_325,user_325@mail.com,24,30972
326,user_326,user_326@mail.com,25,30975
327,user_327,user_327@mail.com,26,30978
328,user_328,user_328@mail.com,27,30981
329,user_329,user_329@mail.com,28,30984
330,user_330,user_330@mail.com,29,30987
331,user_331,user_331@mail.com,30,30990
332,user_332,user_332@mail.com,31,30993
333,user_333,user_333@mail.com,32,30996
334,user_334,user_334@mail.com,33,30999
335,user_335,user_335@mail.com,34,31002
336,user_336,user_336@mail.com,35,31005
337,user_337,user_337@mail.com,36,31008
338,user_338,user_338@mail.com,37,31011
339,user_339,user_339@mail.com,38,31014
340,user_340,user_340@mail.com,39,31017
341,user_341,user_341@mail.com,40,31020
342,user_342,user_342@mail.com,41,31023
343,user_343,user_343@mail.com,42,31026
344,user_344,user_344@mail.com,43,31029
345,user_345,user_345@mail.com,44,31032
346,user_346,user_346@mail.com,45,31035
347,user_347,user_347@mail.com,46,31038
348,user_348,user_348@mail.com,47,31041
349,user_349,user_349@mail.com,48,31044
350,user_350,user_350@mail.com,49,31047
351,user_351,user_351@mail.com,50,31050
352,user_352,user_352@mail.com,51,31053
353,user_353,user_353@mail.com,52,31056
354,user_354,user_354@mail.com,53,31059
355,user_355,user_355@mail.com,54,31062
356,user_356,user_356@mail.com,55,31065
357,user_357,user_357@mail.com,56,31068
358,user_358,user_358@mail.com,57,31071
359,user_359,user_359@mail.com,58,31074
360,user_360,user_360@mail.com,59,31077
361,user_361,user_361@mail.com,20,31080
362,user_362,user_362@mail.com,21,31083
363,user_363,user_363@mail.com,22,31086
364,user_364,user_364@mail.com,23,31089
365,user_365,user_365@mail.com,24,31092
366,user_366,user_366@mail.com,25,31095
367,user_367,user_367@mail.com,26,31098
368,user_368,user_368@mail.com,27,31101
369,user_369,user_369@mail.com,28,31104
370,user_370,user_370@mail.com,29,31107
371,user_371,user_371@mail.com,30,31110
372,user_372,user_372@mail.com,31,31113
373,user_373,user_373@mail.com,32,31116
374,user_374,user_374@mail.com,33,31119
375,user_375,user_375@mail.com,34,31122
376,user_376,user_376@mail.com,35,31125
377,user_377,user_377@mail.com,36,31128
378,user_378,user_378@mail.com,37,31131
379,user_379,user_379@mail.com,38,31134
380,user_380,user_380@mail.com,39,31137
381,user_381,user_381@mail.com,40,31140
382,user_382,user_382@mail.com,41,31143
383,user_383,user_383@mail.com,42,31146
384,user_384,user_384@mail.com,43,31149
385,user_385,user_385@mail.com,44,31152
386,user_386,user_386@mail.com,45,31155
387,user_387,user_387@mail.com,46,31158
388,user_388,user_388@mail.com,47,31161
389,user_389,user_389@mail.com,48,31164
390,user_390,user_390@mail.com,49,31167
391,user_391,user_391@mail.com,50,31170
392,user_392,user_392@mail.com,51,31173
393,user_393,user_393@mail.com,52,31176
394,user_394,user_394@mail.com,53,31179
395,user_395,user_395@mail.com,54,31182
396,user_396,user_396@mail.com,55,31185
397,user_397,user_397@mail.com,56,31188
398,user_398,user_398@mail.com,57,31191
399,user_399,user_399@mail.com,58,31194
400,user_400,user_400@mail.com,59,31197
401,user_401,user_401@mail.com,20,31200
402,user_402,user_402@mail.com,21,31203
403,user_403,user_403@mail.com,22,31206
404,user_404,user_404@mail.com,23,31209
405,user_405,user_405@mail.com,24,31212
406,user_406,user_406@mail.com,25,31215
407,user_407,user_407@mail.com,26,31218
408,user_408,user_408@mail.com,27,31221
409,user_409,user_409@mail.com,28,31224
410,user_410,user_410@mail.com,29,31227
411,user_411,user_411@mail.com,30,31230
412,user_412,user_412@mail.com,31,31233
413,user_413,user_413@mail.com,32,31236
414,user_414,user_414@mail.com,33,31239
415,user_415,user_415@mail.com,34,31242
416,user_416,user_416@mail.com,35,31245
417,user_417,user_417@mail.com,36,31248
418,user_418,user_418@mail.com,37,31251
419,user_419,user_419@mail.com,38,31254
420,user_420,user_420@mail.com,39,31257
421,user_421,user_421@mail.com,40,31260
422,user_422,user_422@mail.com,41,31263
423,user_423,user_423@mail.com,42,31266
424,user_424,user_424@mail.com,43,31269
425,user_425,user_425@mail.com,44,31272
426,user_426,user_426@mail.com,45,31275
427,user_427,user_427@mail.com,46,31278
428,user_428,user_428@mail.com,47,31281
429,user_429,user_429@mail.com,48,31284
430,user_430,user_430@mail.com,49,31287
431,user_431,user_431@mail.com,50,31290
432,user_432,user_432@mail.com,51,31293
433,user_433,user_433@mail.com,52,31296
434,user_434,user_434@mail.com,53,31299
435,user_435,user_435@mail.com,54,31302
436,user_436,user_436@mail.com,55,31305
437,user_437,user_437@mail.com,56,31308
438,user_438,user_438@mail.com,57,31311
439,user_439,user_439@mail.com,58,31314
440,user_440,user_440@mail.com,59,31317
441,user_441,user_441@mail.com,20,31320
442,user_442,user_442@mail.com,21,31323
443,user_443,user_443@mail.com,22,31326
444,user_444,user_444@mail.com,23,31329
445,user_445,user_445@mail.com,24,31332
446,user_446,user_446@mail.com,25,31335
447,user_447,user_447@mail.com,26,31338
448,user_448,user_448@mail.com,27,31341
449,user_449,user_449@mail.com,28,31344
450,user_450,user_450@mail.com,29,31347
451,user_451,user_451@mail.com,30,31350
452,user_452,user_452@mail.com,31,31353
453,user_453,user_453@mail.com,32,31356
454,user_454,user_454@mail.com,33,31359
455,user_455,user_455@mail.com,34,31362
456,user_456,user_456@mail.com,35,31365
457,user_457,user_457@mail.com,36,31368
458,user_458,user_458@mail.com,37,31371
459,user_459,user_459@mail.com,38,31374
460,user_460,user_460@mail.com,39,31377
461,user_461,user_461@mail.com,40,31380
462,user_462,user_462@mail.com,41,31383
463,user_463,user_463@mail.com,42,31386
464,user_464,user_464@mail.com,43,31389
465,user_465,user_465@mail.com,44,31392
466,user_466,user_466@mail.com,45,31395
467,user_467,user_467@mail.com,46,31398
468,user_468,user_468@mail.com,47,31401
469,user_469,user_469@mail.com,48,31404
470,user_470,user_470@mail.com,49,31407
471,user_471,user_471@mail.com,50,31410
472,user_472,user_472@mail.com,51,31413
473,user_473,user_473@mail.com,52,31416
474,user_474,user_474@mail.com,53,31419
475,user_475,user_475@mail.com,54,31422
476,user_476,user_476@mail.com,55,31425
477,user_477,user_477@mail.com,56,31428
478,user_478,user_478@mail.com,57,31431
479,user_479,user_479@mail.com,58,31434
480,user_480,user_480@mail.com,59,31437
481,user_481,user_481@mail.com,20,31440
482,user_482,user_482@mail.com,21,31443
483,user_483,user_483@mail.com,22,31446
484,user_484,user_484@mail.com,23,31449
485,user_485,user_485@mail.com,24,31452
486,user_486,user_486@mail.com,25,31455
487,user_487,user_487@mail.com,26,31458
488,user_488,user_488@mail.com,27,31461
489,user_489,user_489@mail.com,28,31464
490,user_490,user_490@mail.com,29,31467
491,user_491,user_491@mail.com,30,31470
492,user_492,user_492@mail.com,31,31473
493,user_493,user_493@mail.com,32,31476
494,user_494,user_494@mail.com,33,31479
495,user_495,user_495@mail.com,34,31482
496,user_496,user_496@mail.com,35,31485
497,user_497,user_497@mail.com,36,31488
498,user_498,user_498@mail.com,37,31491
499,user_499,user_499@mail.com,38,31494
500,user_500,user_500@mail.com,39,31497
501,user_501,user_501@mail.com,40,31500
502,user_502,user_502@mail.com,41,31503
503,user_503,user_503@mail.com,42,31506
504,user_504,user_504@mail.com,43,31509
505,user_505,user_505@mail.com,44,31512
506,user_506,user_506@mail.com,45,31515
507,user_507,user_507@mail.com,46,31518
508,user_508,user_508@mail.com,47,31521
509,user_509,user_509@mail.com,48,31524
510,user_510,user_510@mail.com,49,31527
511,user_511,user_511@mail.com,50,31530
512,user_512,user_512@mail.com,51,31533
513,user_513,user_513@mail.com,52,31536
514,user_514,user_514@mail.com,53,31539
515,user_515,user_515@mail.com,54,31542
516,user_516,user_516@mail.com,55,31545
517,user_517,user_517@mail.com,56,31548
518,user_518,user_518@mail.com,57,31551
519,user_519,user_519@mail.com,58,31554
520,user_520,user_520@mail.com,59,31557
521,user_521,user_521@mail.com,20,31560
522,user_522,user_522@mail.com,21,31563
523,user_523,user_523@mail.com,22,31566
524,user_524,user_524@mail.com,23,31569
525,user_525,user_525@mail.com,24,31572
526,user_526,user_526@mail.com,25,31575
527,user_527,user_527@mail.com,26,31578
528,user_528,user_528@mail.com,27,31581
529,user_529,user_529@mail.com,28,31584
530,user_530,user_530@mail.com,29,31587
531,user_531,user_531@mail.com,30,31590
532,user_532,user_532@mail.com,31,31593
533,user_533,user_533@mail.com,32,31596
534,user_534,user_534@mail.com,33,31599
535,user_535,user_535@mail.com,34,31602
536,user_536,user_536@mail.com,35,31605
537,user_537,user_537@mail.com,36,31608
538,user_538,user_538@mail.com,37,31611
539,user_539,user_539@mail.com,38,31614
540,user_540,user_540@mail.com,39,31617
541,user_541,user_541@mail.com,40,31620
542,user_542,user_542@mail.com,41,31623
543,user_543,user_543@mail.com,42,31626
544,user_544,user_544@mail.com,43,31629
545,user_545,user_545@mail.com,44,31632
546,user_546,user_546@mail.com,45,31635
547,user_547,user_547@mail.com,46,31638
548,user_548,user_548@mail.com,47,31641
549,user_549,user_549@mail.com,48,31644
550,user_550,user_550@mail.com,49,31647
551,user_551,user_551@mail.com,50,31650
552,user_552,user_552@mail.com,51,31653
553,user_553,user_553@mail.com,52,31656
554,user_554,user_554@mail.com,53,31659
555,user_555,user_555@mail.com,54,31662
556,user_556,user_556@mail.com,55,31665
557,user_557,user_557@mail.com,56,31668
558,user_558,user_558@mail.com,57,31671
559,user_559,user_559@mail.com,58,31674
560,user_560,user_560@mail.com,59,31677
561,user_561,user_561@mail.com,20,31680
562,user_562,user_562@mail.com,21,31683
563,user_563,user_563@mail.com,22,31686
564,user_564,user_564@mail.com,23,31689
565,user_565,user_565@mail.com,24,31692
566,user_566,user_566@mail.com,25,31695
567,user_567,user_567@mail.com,26,31698
568,user_568,user_568@mail.com,27,31701
569,user_569,user_569@mail.com,28,31704
570,user_570,user_570@mail.com,29,31707
571,user_571,user_571@mail.com,30,31710
572,user_572,user_572@mail.com,31,31713
573,user_573,user_573@mail.com,32,31716
574,user_574,user_574@mail.com,33,31719
575,user_575,user_575@mail.com,34,31722
576,user_576,user_576@mail.com,35,31725
577,user_577,user_577@mail.com,36,31728
578,user_578,user_578@mail.com,37,31731
579,user_579,user_579@mail.com,38,31734
580,user_580,user_580@mail.com,39,31737
581,user_581,user_581@mail.com,40,31740
582,user_582,user_582@mail.com,41,31743
583,user_583,user_583@mail.com,42,31746
584,user_584,user_584@mail.com,43,31749
585,user_585,user_585@mail.com,44,31752
586,user_586,user_586@mail.com,45,31755
587,user_587,user_587@mail.com,46,31758
588,user_588,user_588@mail.com,47,31761
589,user_589,user_589@mail.com,48,31764
590,user_590,user_590@mail.com,49,31767
591,user_591,user_591@mail.com,50,31770
592,user_592,user_592@mail.com,51,31773
593,user_593,user_593@mail.com,52,31776
594,user_594,user_594@mail.com,53,31779
595,user_595,user_595@mail.com,54,31782
596,user_596,user_596@mail.com,55,31785
597,user_597,user_597@mail.com,56,31788
598,user_598,user_598@mail.com,57,31791
599,user_599,user_599@mail.com,58,31794
600,user_600,user_600@mail.com,59,31797
601,user_601,user_601@mail.com,20,31800
602,user_602,user_602@mail.com,21,31803
603,user_603,user_603@mail.com,22,31806
604,user_604,user_604@mail.com,23,31809
605,user_605,user_605@mail.com,24,31812
606,user_606,user_606@mail.com,25,31815
607,user_607,user_607@mail.com,26,31818
608,user_608,user_608@mail.com,27,31821
609,user_609,user_609@mail.com,28,31824
610,user_610,user_610@mail.com,29,31827
611,user_611,user_611@mail.com,30,31830
612,user_612,user_612@mail.com,31,31833
613,user_613,user_613@mail.com,32,31836
614,user_614,user_614@mail.com,33,31839
615,user_615,user_615@mail.com,34,31842
616,user_616,user_616@mail.com,35,31845
617,user_617,user_617@mail.com,36,31848
618,user_618,user_618@mail.com,37,31851
619,user_619,user_619@mail.com,38,31854
620,user_620,user_620@mail.com,39,31857
621,user_621,user_621@mail.com,40,31860
622,user_622,user_622@mail.com,41,31863
623,user_623,user_623@mail.com,42,31866
624,user_624,user_624@mail.com,43,31869
625,user_625,user_625@mail.com,44,31872
626,user_626,user_626@mail.com,45,31875
627,user_627,user_627@mail.com,46,31878
628,user_628,user_628@mail.com,47,31881
629,user_629,user_629@mail.com,48,31884
630,user_630,user_630@mail.com,49,31887
631,user_631,user_631@mail.com,50,31890
632,user_632,user_632@mail.com,51,31893
633,user_633,user_633@mail.com,52,31896
634,user_634,user_634@mail.com,53,31899
635,user_635,user_635@mail.com,54,31902
636,user_636,user_636@mail.com,55,31905
637,user_637,user_637@mail.com,56,31908
638,user_638,user_638@mail.com,57,31911
639,user_639,user_639@mail.com,58,31914
640,user_640,user_640@mail.com,59,31917
641,user_641,user_641@mail.com,20,31920
642,user_642,user_642@mail.com,21,31923
643,user_643,user_643@mail.com,22,31926
644,user_644,user_644@mail.com,23,31929
645,user_645,user_645@mail.com,24,31932
646,user_646,user_646@mail.com,25,31935
647,user_647,user_647@mail.com,26,31938
648,user_648,user_648@mail.com,27,31941
649,user_649,user_649@mail.com,28,31944
650,user_650,user_650@mail.com,29,31947
651,user_651,user_651@mail.com,30,31950
652,user_652,user_652@mail.com,31,31953
653,user_653,user_653@mail.com,32,31956
654,user_654,user_654@mail.com,33,31959
655,user_655,user_655@mail.com,34,31962
656,user_656,user_656@mail.com,35,31965
657,user_657,user_657@mail.com,36,31968
658,user_658,user_658@mail.com,37,31971
659,user_659,user_659@mail.com,38,31974
660,user_660,user_660@mail.com,39,31977
661,user_661,user_661@mail.com,40,31980
662,user_662,user_662@mail.com,41,31983
663,user_663,user_663@mail.com,42,31986
664,user_664,user_664@mail.com,43,31989
665,user_665,user_665@mail.com,44,31992
666,user_666,user_666@mail.com,45,31995
667,user_667,user_667@mail.com,46,31998
668,user_668,user_668@mail.com,47,32001
669,user_669,user_669@mail.com,48,32004
670,user_670,user_670@mail.com,49,32007
671,user_671,user_671@mail.com,50,32010
672,user_672,user_672@mail.com,51,32013
673,user_673,user_673@mail.com,52,32016
674,user_674,user_674@mail.com,53,32019
675,user_675,user_675@mail.com,54,32022
676,user_676,user_676@mail.com,55,32025
677,user_677,user_677@mail.com,56,32028
678,user_678,user_678@mail.com,57,32031
679,user_679,user_679@mail.com,58,32034
680,user_680,user_680@mail.com,59,32037
681,user_681,user_681@mail.com,20,32040
682,user_682,user_682@mail.com,21,32043
683,user_683,user_683@mail.com,22,32046
684,user_684,user_684@mail.com,23,32049
685,user_685,user_685@mail.com,24,32052
686,user_686,user_686@mail.com,25,32055
687,user_687,user_687@mail.com,26,32058
688,user_688,user_688@mail.com,27,32061
689,user_689,user_689@mail.com,28,32064
690,user_690,user_690@mail.com,29,32067
691,user_691,user_691@mail.com,30,32070
692,user_692,user_692@mail.com,31,32073
693,user_693,user_693@mail.com,32,32076
694,user_694,user_694@mail.com,33,32079
695,user_695,user_695@mail.com,34,32082
696,user_696,user_696@mail.com,35,32085
697,user_697,user_697@mail.com,36,32088
698,user_698,user_698@mail.com,37,32091
699,user_699,user_699@mail.com,38,32094
700,user_700,user_700@mail.com,39,32097
701,user_701,user_701@mail.com,40,32100
702,user_702,user_702@mail.com,41,32103
703,user_703,user_703@mail.com,42,32106
704,user_704,user_704@mail.com,43,32109
705,user_705,user_705@mail.com,44,32112
706,user_706,user_706@mail.com,45,32115
707,user_707,user_707@mail.com,46,32118
708,user_708,user_708@mail.com,47,32121
709,user_709,user_709@mail.com,48,32124
710,user_710,user_710@mail.com,49,32127
711,user_711,user_711@mail.com,50,32130
712,user_712,user_712@mail.com,51,32133
713,user_713,user_713@mail.com,52,32136
714,user_714,user_714@mail.com,53,32139
715,user_715,user_715@mail.com,54,32142
716,user_716,user_716@mail.com,55,32145
717,user_717,user_717@mail.com,56,32148
718,user_718,user_718@mail.com,57,32151
719,user_719,user_719@mail.com,58,32154
720,user_720,user_720@mail.com,59,32157
721,user_721,user_721@mail.com,20,32160
722,user_722,user_722@mail.com,21,32163
723,user_723,user_723@mail.com,22,32166
724,user_724,user_724@mail.com,23,32169
725,user_725,user_725@mail.com,24,32172
726,user_726,user_726@mail.com,25,32175
727,user_727,user_727@mail.com,26,32178
728,user_728,user_728@mail.com,27,32181
729,user_729,user_729@mail.com,28,32184
730,user_730,user_730@mail.com,29,32187
731,user_731,user_731@mail.com,30,32190
732,user_732,user_732@mail.com,31,32193
733,user_733,user_733@mail.com,32,32196
734,user_734,user_734@mail.com,33,32199
735,user_735,user_735@mail.com,34,32202
736,user_736,user_736@mail.com,35,32205
737,user_737,user_737@mail.com,36,32208
738,user_738,user_738@mail.com,37,32211
739,user_739,user_739@mail.com,38,32214
740,user_740,user_740@mail.com,39,32217
741,user_741,user_741@mail.com,40,32220
742,user_742,user_742@mail.com,41,32223
743,user_743,user_743@mail.com,42,32226
744,user_744,user_744@mail.com,43,32229
745,user_745,user_745@mail.com,44,32232
746,user_746,user_746@mail.com,45,32235
747,user_747,user_747@mail.com,46,32238
748,user_748,user_748@mail.com,47,32241
749,user_749,user_749@mail.com,48,32244
750,user_750,user_750@mail.com,49,32247
751,user_751,user_751@mail.com,50,32250
752,user_752,user_752@mail.com,51,32253
753,user_753,user_753@mail.com,52,32256
754,user_754,user_754@mail.com,53,32259
755,user_755,user_755@mail.com,54,32262
756,user_756,user_756@mail.com,55,32265
757,user_757,user_757@mail.com,56,32268
758,user_758,user_758@mail.com,57,32271
759,user_759,user_759@mail.com,58,32274
760,user_760,user_760@mail.com,59,32277
761,user_761,user_761@mail.com,20,32280
762,user_762,user_762@mail.com,21,32283
763,user_763,user_763@mail.com,22,32286
764,user_764,user_764@mail.com,23,32289
765,user_765,user_765@mail.com,24,32292
766,user_766,user_766@mail.com,25,32295
767,user_767,user_767@mail.com,26,32298
768,user_768,user_768@mail.com,27,32301
769,user_769,user_769@mail.com,28,32304
770,user_770,user_770@mail.com,29,32307
771,user_771,user_771@mail.com,30,32310
772,user_772,user_772@mail.com,31,32313
773,user_773,user_773@mail.com,32,32316
774,user_774,user_774@mail.com,33,32319
775,user_775,user_775@mail.com,34,32322
776,user_776,user_776@mail.com,35,32325
777,user_777,user_777@mail.com,36,32328
778,user_778,user_778@mail.com,37,32331
779,user_779,user_779@mail.com,38,32334
780,user_780,user_780@mail.com,39,32337
781,user_781,user_781@mail.com,40,32340
782,user_782,user_782@mail.com,41,32343
783,user_783,user_783@mail.com,42,32346
784,user_784,user_784@mail.com,43,32349
785,user_785,user_785@mail.com,44,32352
786,user_786,user_786@mail.com,45,32355
787,user_787,user_787@mail.com,46,32358
788,user_788,user_788@mail.com,47,32361
789,user_789,user_789@mail.com,48,32364
790,user_790,user_790@mail.com,49,32367
791,user_791,user_791@mail.com,50,32370
792,user_792,user_792@mail.com,51,32373
793,user_793,user_793@mail.com,52,32376
794,user_794,user_794@mail.com,53,32379
795,user_795,user_795@mail.com,54,32382
796,user_796,user_796@mail.com,55,32385
797,user_797,user_797@mail.com,56,32388
798,user_798,user_798@mail.com,57,32391
799,user_799,user_799@mail.com,58,32394
800,user_800,user_800@mail.com,59,32397
801,user_801,user_801@mail.com,20,32400
802,user_802,user_802@mail.com,21,32403
803,user_803,user_803@mail.com,22,32406
804,user_804,user_804@mail.com,23,32409
805,user_805,user_805@mail.com,24,32412
806,user_806,user_806@mail.com,25,32415
807,user_807,user_807@mail.com,26,32418
808,user_808,user_808@mail.com,27,32421
809,user_809,user_809@mail.com,28,32424
810,user_810,user_810@mail.com,29,32427
811,user_811,user_811@mail.com,30,32430
812,user_812,user_812@mail.com,31,32433
813,user_813,user_813@mail.com,32,32436
814,user_814,user_814@mail.com,33,32439
815,user_815,user_815@mail.com,34,32442
816,user_816,user_816@mail.com,35,32445
817,user_817,user_817@mail.com,36,32448
818,user_818,user_818@mail.com,37,32451
819,user_819,user_819@mail.com,38,32454
820,user_820,user_820@mail.com,39,32457
821,user_821,user_821@mail.com,40,32460
822,user_822,user_822@mail.com,41,32463
823,user_823,user_823@mail.com,42,32466
824,user_824,user_824@mail.com,43,32469
825,user_825,user_825@mail.com,44,32472
826,user_826,user_826@mail.com,45,32475
827,user_827,user_827@mail.com,46,32478
828,user_828,user_828@mail.com,47,32481
829,user_829,user_829@mail.com,48,32484
830,user_830,user_830@mail.com,49,32487
831,user_831,user_831@mail.com,50,32490
832,user_832,user_832@mail.com,51,32493
833,user_833,user_833@mail.com,52,32496
834,user_834,user_834@mail.com,53,32499
835,user_835,user_835@mail.com,54,32502
836,user_836,user_836@mail.com,55,32505
837,user_837,user_837@mail.com,56,32508
838,user_838,user_838@mail.com,57,32511
839,user_839,user_839@mail.com,58,32514
840,user_840,user_840@mail.com,59,32517
841,user_841,user_841@mail.com,20,32520
842,user_842,user_842@mail.com,21,32523
843,user_843,user_843@mail.com,22,32526
844,user_844,user_844@mail.com,23,32529
845,user_845,user_845@mail.com,24,32532
846,user_846,user_846@mail.com,25,32535
847,user_847,user_847@mail.com,26,32538
848,user_848,user_848@mail.com,27,32541
849,user_849,user_849@mail.com,28,32544
850,user_850,user_850@mail.com,29,32547
851,user_851,user_851@mail.com,30,32550
852,user_852,user_852@mail.com,31,32553
853,user_853,user_853@mail.com,32,32556
854,user_854,user_854@mail.com,33,32559
855,user_855,user_855@mail.com,34,32562
856,user_856,user_856@mail.com,35,32565
857,user_857,user_857@mail.com,36,32568
858,user_858,user_858@mail.com,37,32571
859,user_859,user_859@mail.com,38,32574
860,user_860,user_860@mail.com,39,32577
861,user_861,user_861@mail.com,40,32580
862,user_862,user_862@mail.com,41,32583
863,user_863,user_863@mail.com,42,32586
864,user_864,user_864@mail.com,43,32589
865,user_865,user_865@mail.com,44,32592
866,user_866,user_866@mail.com,45,32595
867,user_867,user_867@mail.com,46,32598
868,user_868,user_868@mail.com,47,32601
869,user_869,user_869@mail.com,48,32604
870,user_870,user_870@mail.com,49,32607
871,user_871,user_871@mail.com,50,32610
872,user_872,user_872@mail.com,51,32613
873,user_873,user_873@mail.com,52,32616
874,user_874,user_874@mail.com,53,32619
875,user_875,user_875@mail.com,54,32622
876,user_876,user_876@mail.com,55,32625
877,user_877,user_877@mail.com,56,32628
878,user_878,user_878@mail.com,57,32631
879,user_879,user_879@mail.com,58,32634
880,user_880,user_880@mail.com,59,32637
881,user_881,user_881@mail.com,20,32640
882,user_882,user_882@mail.com,21,32643
883,user_883,user_883@mail.com,22,32646
884,user_884,user_884@mail.com,23,32649
885,user_885,user_885@mail.com,24,32652
886,user_886,user_886@mail.com,25,32655
887,user_887,user_887@mail.com,26,32658
888,user_888,user_888@mail.com,27,32661
889,user_889,user_889@mail.com,28,32664
890,user_890,user_890@mail.com,29,32667
891,user_891,user_891@mail.com,30,32670
892,user_892,user_892@mail.com,31,32673
893,user_893,user_893@mail.com,32,32676
894,user_894,user_894@mail.com,33,32679
895,user_895,user_895@mail.com,34,32682
896,user_896,user_896@mail.com,35,32685
897,user_897,user_897@mail.com,36,32688
898,user_898,user_898@mail.com,37,32691
899,user_899,user_899@mail.com,38,32694
900,user_900,user_900@mail.com,39,32697
901,user_901,user_901@mail.com,40,32700
902,user_902,user_902@mail.com,41,32703
903,user_903,user_903@mail.com,42,32706
904,user_904,user_904@mail.com,43,32709
905,user_905,user_905@mail.com,44,32712
906,user_906,user_906@mail.com,45,32715
907,user_907,user_907@mail.com,46,32718
908,user_908,user_908@mail.com,47,32721
909,user_909,user_909@mail.com,48,32724
910,user_910,user_910@mail.com,49,32727
911,user_911,user_911@mail.com,50,32730
912,user_912,user_912@mail.com,51,32733
913,user_913,user_913@mail.com,52,32736
914,user_914,user_914@mail.com,53,32739
915,user_915,user_915@mail.com,54,32742
916,user_916,user_916@mail.com,55,32745
917,user_917,user_917@mail.com,56,32748
918,user_918,user_918@mail.com,57,32751
919,user_919,user_919@mail.com,58,32754
920,user_920,user_920@mail.com,59,32757
921,user_921,user_921@mail.com,20,32760
922,user_922,user_922@mail.com,21,32763
923,user_923,user_923@mail.com,22,32766
924,user_924,user_924@mail.com,23,32769
925,user_925,user_925@mail.com,24,32772
926,user_926,user_926@mail.com,25,32775
927,user_927,user_927@mail.com,26,32778
928,user_928,user_928@mail.com,27,32781
929,user_929,user_929@mail.com,28,32784
930,user_930,user_930@mail.com,29,32787
931,user_931,user_931@mail.com,30,32790
932,user_932,user_932@mail.com,31,32793
933,user_933,user_933@mail.com,32,32796
934,user_934,user_934@mail.com,33,32799
935,user_935,user_935@mail.com,34,32802
936,user_936,user_936@mail.com,35,32805
937,user_937,user_937@mail.com,36,32808
938,user_938,user_938@mail.com,37,32811
939,user_939,user_939@mail.com,38,32814
940,user_940,user_940@mail.com,39,32817
941,user_941,user_941@mail.com,40,32820
942,user_942,user_942@mail.com,41,32823
943,user_943,user_943@mail.com,42,32826
944,user_944,user_944@mail.com,43,32829
945,user_945,user_945@mail.com,44,32832
946,user_946,user_946@mail.com,45,32835
947,user_947,user_947@mail.com,46,32838
948,user_948,user_948@mail.com,47,32841
949,user_949,user_949@mail.com,48,32844
950,user_950,user_950@mail.com,49,32847
951,user_951,user_951@mail.com,50,32850
952,user_952,user_952@mail.com,51,32853
953,user_953,user_953@mail.com,52,32856
954,user_954,user_954@mail.com,53,32859
955,user_955,user_955@mail.com,54,32862
956,user_956,user_956@mail.com,55,32865
957,user_957,user_957@mail.com,56,32868
958,user_958,user_958@mail.com,57,32871
959,user_959,user_959@mail.com,58,32874
960,user_960,user_960@mail.com,59,32877
961,user_961,user_961@mail.com,20,32880
962,user_962,user_962@mail.com,21,32883
963,user_963,user_963@mail.com,22,32886
964,user_964,user_964@mail.com,23,32889
965,user_965,user_965@mail.com,24,32892
966,user_966,user_966@mail.com,25,32895
967,user_967,user_967@mail.com,26,32898
968,user_968,user_968@mail.com,27,32901
969,user_969,user_969@mail.com,28,32904
970,user_970,user_970@mail.com,29,32907
971,user_971,user_971@mail.com,30,32910
972,user_972,user_972@mail.com,31,32913
973,user_973,user_973@mail.com,32,32916
974,user_974,user_974@mail.com,33,32919
975,user_975,user_975@mail.com,34,32922
976,user_976,user_976@mail.com,35,32925
977,user_977,user_977@mail.com,36,32928
978,user_978,user_978@mail.com,37,32931
979,user_979,user_979@mail.com,38,32934
980,user_980,user_980@mail.com,39,32937
981,user_981,user_981@mail.com,40,32940
982,user_982,user_982@mail.com,41,32943
983,user_983,user_983@mail.com,42,32946
984,user_984,user_984@mail.com,43,32949
985,user_985,user_985@mail.com,44,32952
986,user_986,user_986@mail.com,45,32955
987,user_987,user_987@mail.com,46,32958
988,user_988,user_988@mail.com,47,32961
989,user_989,user_989@mail.com,48,32964
990,user_990,user_990@mail.com,49,32967
991,user_991,user_991@mail.com,50,32970
992,user_992,user_992@mail.com,51,32973
993,user_993,user_993@mail.com,52,32976
994,user_994,user_994@mail.com,53,32979
995,user_995,user_995@mail.com,54,32982
996,user_996,user_996@mail.com,55,32985
997,user_997,user_997@mail.com,56,32988
998,user_998,user_998@mail.com,57,32991
999,user_999,user_999@mail.com,58,32994
1000,user_1000,user_1000@mail.com,59,32997
1001,user_1001,user_1001@mail.com,20,33000
1002,user_1002,user_1002@mail.com,21,33003
1003,user_1003,user_1003@mail.com,22,33006
1004,user_1004,user_1004@mail.com,23,33009
1005,user_1005,user_1005@mail.com,24,33012
1006,user_1006,user_1006@mail.com,25,33015
1007,user_1007,user_1007@mail.com,26,33018
1008,user_1008,user_1008@mail.com,27,33021
1009,user_1009,user_1009@mail.com,28,33024
1010,user_1010,user_1010@mail.com,29,33027
1011,user_1011,user_1011@mail.com,30,33030
1012,user_1012,user_1012@mail.com,31,33033
1013,user_1013,user_1013@mail.com,32,33036
1014,user_1014,user_1014@mail.com,33,33039
1015,user_1015,user_1015@mail.com,34,33042
1016,user_1016,user_1016@mail.com,35,33045
1017,user_1017,user_1017@mail.com,36,33048
1018,user_1018,user_1018@mail.com,37,33051
1019,user_1019,user_1019@mail.com,38,33054
1020,user_1020,user_1020@mail.com,39,33057
1021,user_1021,user_1021@mail.com,40,33060
1022,user_1022,user_1022@mail.com,41,33063
1023,user_1023,user_1023@mail.com,42,33066
1024,user_1024,user_1024@mail.com,43,33069
1025,user_1025,user_1025@mail.com,44,33072
1026,user_1026,user_1026@mail.com,45,33075
1027,user_1027,user_1027@mail.com,46,33078
1028,user_1028,user_1028@mail.com,47,33081
1029,user_1029,user_1029@mail.com,48,33084
1030,user_1030,user_1030@mail.com,49,33087
1031,user_1031,user_1031@mail.com,50,33090
1032,user_1032,user_1032@mail.com,51,33093
1033,user_1033,user_1033@mail.com,52,33096
1034,user_1034,user_1034@mail.com,53,33099
1035,user_1035,user_1035@mail.com,54,33102
1036,user_1036,user_1036@mail.com,55,33105
1037,user_1037,user_1037@mail.com,56,33108
1038,user_1038,user_1038@mail.com,57,33111
1039,user_1039,user_1039@mail.com,58,33114
1040,user_1040,user_1040@mail.com,59,33117
1041,user_1041,user_1041@mail.com,20,33120
1042,user_1042,user_1042@mail.com,21,33123
1043,user_1043,user_1043@mail.com,22,33126
1044,user_1044,user_1044@mail.com,23,33129
1045,user_1045,user_1045@mail.com,24,33132
1046,user_1046,user_1046@mail.com,25,33135
1047,user_1047,user_1047@mail.com,26,33138
1048,user_1048,user_1048@mail.com,27,33141
1049,user_1049,user_1049@mail.com,28,33144
1050,user_1050,user_1050@mail.com,29,33147
1051,user_1051,user_1051@mail.com,30,33150
1052,user_1052,user_1052@mail.com,31,33153
1053,user_1053,user_1053@mail.com,32,33156
1054,user_1054,user_1054@mail.com,33,33159
1055,user_1055,user_1055@mail.com,34,33162
1056,user_1056,user_1056@mail.com,35,33165
1057,user_1057,user_1057@mail.com,36,33168
1058,user_1058,user_1058@mail.com,37,33171
1059,user_1059,user_1059@mail.com,38,33174
1060,user_1060,user_1060@mail.com,39,33177
1061,user_1061,user_1061@mail.com,40,33180
1062,user_1062,user_1062@mail.com,41,33183
1063,user_1063,user_1063@mail.com,42,33186
1064,user_1064,user_1064@mail.com,43,33189
1065,user_1065,user_1065@mail.com,44,33192
1066,user_1066,user_1066@mail.com,45,33195
1067,user_1067,user_1067@mail.com,46,33198
1068,user_1068,user_1068@mail.com,47,33201
1069,user_1069,user_1069@mail.com,48,33204
1070,user_1070,user_1070@mail.com,49,33207
1071,user_1071,user_1071@mail.com,50,33210
1072,user_1072,user_1072@mail.com,51,33213
1073,user_1073,user_1073@mail.com,52,33216
1074,user_1074,user_1074@mail.com,53,33219
1075,user_1075,user_1075@mail.com,54,33222
1076,user_1076,user_1076@mail.com,55,33225
1077,user_1077,user_1077@mail.com,56,33228
1078,user_1078,user_1078@mail.com,57,33231
1079,user_1079,user_1079@mail.com,58,33234
1080,user_1080,user_1080@mail.com,59,33237
1081,user_1081,user_1081@mail.com,20,33240
1082,user_1082,user_1082@mail.com,21,33243
1083,user_1083,user_1083@mail.com,22,33246
1084,user_1084,user_1084@mail.com,23,33249
1085,user_1085,user_1085@mail.com,24,33252
1086,user_1086,user_1086@mail.com,25,33255
1087,user_1087,user_1087@mail.com,26,33258
1088,user_1088,user_1088@mail.com,27,33261
1089,user_1089,user_1089@mail.com,28,33264
1090,user_1090,user_1090@mail.com,29,33267
1091,user_1091,user_1091@mail.com,30,33270
1092,user_1092,user_1092@mail.com,31,33273
1093,user_1093,user_1093@mail.com,32,33276
1094,user_1094,user_1094@mail.com,33,33279
1095,user_1095,user_1095@mail.com,34,33282
1096,user_1096,user_1096@mail.com,35,33285
1097,user_1097,user_1097@mail.com,36,33288
1098,user_1098,user_1098@mail.com,37,33291
1099,user_1099,user_1099@mail.com,38,33294
1100,user_1100,user_1100@mail.com,39,33297
1101,user_1101,user_1101@mail.com,40,33300
1102,user_1102,user_1102@mail.com,41,33303
1103,user_1103,user_1103@mail.com,42,33306
1104,user_1104,user_1104@mail.com,43,33309
1105,user_1105,user_1105@mail.com,44,33312
1106,user_1106,user_1106@mail.com,45,33315
1107,user_1107,user_1107@mail.com,46,33318
1108,user_1108,user_1108@mail.com,47,33321
1109,user_1109,user_1109@mail.com,48,33324
1110,user_1110,user_1110@mail.com,49,33327
1111,user_1111,user_1111@mail.com,50,33330
1112,user_1112,user_1112@mail.com,51,33333
1113,user_1113,user_1113@mail.com,52,33336
1114,user_1114,user_1114@mail.com,53,33339
1115,user_1115,user_1115@mail.com,54,33342
1116,user_1116,user_1116@mail.com,55,33345
1117,user_1117,user_1117@mail.com,56,33348
1118,user_1118,user_1118@mail.com,57,33351
1119,user_1119,user_1119@mail.com,58,33354
1120,user_1120,user_1120@mail.com,59,33357
1121,user_1121,user_1121@mail.com,20,33360
1122,user_1122,user_1122@mail.com,21,33363
1123,user_1123,user_1123@mail.com,22,33366
1124,user_1124,user_1124@mail.com,23,33369
1125,user_1125,user_1125@mail.com,24,33372
1126,user_1126,user_1126@mail.com,25,33375
1127,user_1127,user_1127@mail.com,26,33378
1128,user_1128,user_1128@mail.com,27,33381
1129,user_1129,user_1129@mail.com,28,33384
1130,user_1130,user_1130@mail.com,29,33387
1131,user_1131,user_1131@mail.com,30,33390
1132,user_1132,user_1132@mail.com,31,33393
1133,user_1133,user_1133@mail.com,32,33396
1134,user_1134,user_1134@mail.com,33,33399
1135,user_1135,user_1135@mail.com,34,33402
1136,user_1136,user_1136@mail.com,35,33405
1137,user_1137,user_1137@mail.com,36,33408
1138,user_1138,user_1138@mail.com,37,33411
1139,user_1139,user_1139@mail.com,38,33414
1140,user_1140,user_1140@mail.com,39,33417
1141,user_1141,user_1141@mail.com,40,33420
1142,user_1142,user_1142@mail.com,41,33423
1143,user_1143,user_1143@mail.com,42,33426
1144,user_1144,user_1144@mail.com,43,33429
1145,user_1145,user_1145@mail.com,44,33432
1146,user_1146,user_1146@mail.com,45,33435
1147,user_1147,user_1147@mail.com,46,33438
1148,user_1148,user_1148@mail.com,47,33441
1149,user_1149,user_1149@mail.com,48,33444
1150,user_1150,user_1150@mail.com,49,33447
1151,user_1151,user_1151@mail.com,50,33450
1152,user_1152,user_1152@mail.com,51,33453
1153,user_1153,user_1153@mail.com,52,33456
1154,user_1154,user_1154@mail.com,53,33459
1155,user_1155,user_1155@mail.com,54,33462
1156,user_1156,user_1156@mail.com,55,33465
1157,user_1157,user_1157@mail.com,56,33468
1158,user_1158,user_1158@mail.com,57,33471
1159,user_1159,user_1159@mail.com,58,33474
1160,user_1160,user_1160@mail.com,59,33477
1161,user_1161,user_1161@mail.com,20,33480
1162,user_1162,user_1162@mail.com,21,33483
1163,user_1163,user_1163@mail.com,22,33486
1164,user_1164,user_1164@mail.com,23,33489
1165,user_1165,user_1165@mail.com,24,33492
1166,user_1166,user_1166@mail.com,25,33495
1167,user_1167,user_1167@mail.com,26,33498
1168,user_1168,user_1168@mail.com,27,33501
1169,user_1169,user_1169@mail.com,28,33504
1170,user_1170,user_1170@mail.com,29,33507
1171,user_1171,user_1171@mail.com,30,33510
1172,user_1172,user_1172@mail.com,31,33513
1173,user_1173,user_1173@mail.com,32,33516
1174,user_1174,user_1174@mail.com,33,33519
1175,user_1175,user_1175@mail.com,34,33522
1176,user_1176,user_1176@mail.com,35,33525
1177,user_1177,user_1177@mail.com,36,33528
1178,user_1178,user_1178@mail.com,37,33531
1179,user_1179,user_1179@mail.com,38,33534
1180,user_1180,user_1180@mail.com,39,33537
1181,user_1181,user_1181@mail.com,40,33540
1182,user_1182,user_1182@mail.com,41,33543
1183,user_1183,user_1183@mail.com,42,33546
1184,user_1184,user_1184@mail.com,43,33549
1185,user_1185,user_1185@mail.com,44,33552
1186,user_1186,user_1186@mail.com,45,33555
1187,user_1187,user_1187@mail.com,46,33558
1188,user_1188,user_1188@mail.com,47,33561
1189,user_1189,user_1189@mail.com,48,33564
1190,user_1190,user_1190@mail.com,49,33567
1191,user_1191,user_1191@mail.com,50,33570
1192,user_1192,user_1192@mail.com,51,33573
1193,user_1193,user_1193@mail.com,52,33576
1194,user_1194,user_1194@mail.com,53,33579
1195,user_1195,user_1195@mail.com,54,33582
1196,user_1196,user_1196@mail.com,55,33585
1197,user_1197,user_1197@mail.com,56,33588
1198,user_1198,user_1198@mail.com,57,33591
1199,user_1199,user_1199@mail.com,58,33594
1200,user_1200,user_1200@mail.com,59,33597
1201,user_1201,user_1201@mail.com,20,33600
1202,user_1202,user_1202@mail.com,21,33603
1203,user_1203,user_1203@mail.com,22,33606
1204,user_1204,user_1204@mail.com,23,33609
1205,user_1205,user_1205@mail.com,24,33612
1206,user_1206,user_1206@mail.com,25,33615
1207,user_1207,user_1207@mail.com,26,33618
1208,user_1208,user_1208@mail.com,27,33621
1209,user_1209,user_1209@mail.com,28,33624
1210,user_1210,user_1210@mail.com,29,33627
1211,user_1211,user_1211@mail.com,30,33630
1212,user_1212,user_1212@mail.com,31,33633
1213,user_1213,user_1213@mail.com,32,33636
1214,user_1214,user_1214@mail.com,33,33639
1215,user_1215,user_1215@mail.com,34,33642
1216,user_1216,user_1216@mail.com,35,33645
1217,user_1217,user_1217@mail.com,36,33648
1218,user_1218,user_1218@mail.com,37,33651
1219,user_1219,user_1219@mail.com,38,33654
1220,user_1220,user_1220@mail.com,39,33657
1221,user_1221,user_1221@mail.com,40,33660
1222,user_1222,user_1222@mail.com,41,33663
1223,user_1223,user_1223@mail.com,42,33666
1224,user_1224,user_1224@mail.com,43,33669
1225,user_1225,user_1225@mail.com,44,33672
1226,user_1226,user_1226@mail.com,45,33675
1227,user_1227,user_1227@mail.com,46,33678
1228,user_1228,user_1228@mail.com,47,33681
1229,user_1229,user_1229@mail.com,48,33684
1230,user_1230,user_1230@mail.com,49,33687
1231,user_1231,user_1231@mail.com,50,33690
1232,user_1232,user_1232@mail.com,51,33693
1233,user_1233,user_1233@mail.com,52,33696
1234,user_1234,user_1234@mail.com,53,33699
1235,user_1235,user_1235@mail.com,54,33702
1236,user_1236,user_1236@mail.com,55,33705
1237,user_1237,user_1237@mail.com,56,33708
1238,user_1238,user_1238@mail.com,57,33711
1239,user_1239,user_1239@mail.com,58,33714
1240,user_1240,user_1240@mail.com,59,33717
1241,user_1241,user_1241@mail.com,20,33720
1242,user_1242,user_1242@mail.com,21,33723
1243,user_1243,user_1243@mail.com,22,33726
1244,user_1244,user_1244@mail.com,23,33729
1245,user_1245,user_1245@mail.com,24,33732
1246,user_1246,user_1246@mail.com,25,33735
1247,user_1247,user_1247@mail.com,26,33738
1248,user_1248,user_1248@mail.com,27,33741
1249,user_1249,user_1249@mail.com,28,33744
1250,user_1250,user_1250@mail.com,29,33747
1251,user_1251,user_1251@mail.com,30,33750
1252,user_1252,user_1252@mail.com,31,33753
1253,user_1253,user_1253@mail.com,32,33756
1254,user_1254,user_1254@mail.com,33,33759
1255,user_1255,user_1255@mail.com,34,33762
1256,user_1256,user_1256@mail.com,35,33765
1257,user_1257,user_1257@mail.com,36,33768
1258,user_1258,user_1258@mail.com,37,33771
1259,user_1259,user_1259@mail.com,38,33774
1260,user_1260,user_1260@mail.com,39,33777
1261,user_1261,user_1261@mail.com,40,33780
1262,user_1262,user_1262@mail.com,41,33783
1263,user_1263,user_1263@mail.com,42,33786
1264,user_1264,user_1264@mail.com,43,33789
1265,user_1265,user_1265@mail.com,44,33792
1266,user_1266,user_1266@mail.com,45,33795
1267,user_1267,user_1267@mail.com,46,33798
1268,user_1268,user_1268@mail.com,47,33801
1269,user_1269,user_1269@mail.com,48,33804
1270,user_1270,user_1270@mail.com,49,33807
1271,user_1271,user_1271@mail.com,50,33810
1272,user_1272,user_1272@mail.com,51,33813
1273,user_1273,user_1273@mail.com,52,33816
1274,user_1274,user_1274@mail.com,53,33819
1275,user_1275,user_1275@mail.com,54,33822
1276,user_1276,user_1276@mail.com,55,33825
1277,user_1277,user_1277@mail.com,56,33828
1278,user_1278,user_1278@mail.com,57,33831
1279,user_1279,user_1279@mail.com,58,33834
1280,user_1280,user_1280@mail.com,59,33837
1281,user_1281,user_1281@mail.com,20,33840
1282,user_1282,user_1282@mail.com,21,33843
1283,user_1283,user_1283@mail.com,22,33846
1284,user_1284,user_1284@mail.com,23,33849
1285,user_1285,user_1285@mail.com,24,33852
1286,user_1286,user_1286@mail.com,25,33855
1287,user_1287,user_1287@mail.com,26,33858
1288,user_1288,user_1288@mail.com,27,33861
1289,user_1289,user_1289@mail.com,28,33864
1290,user_1290,user_1290@mail.com,29,33867
1291,user_1291,user_1291@mail.com,30,33870
1292,user_1292,user_1292@mail.com,31,33873
1293,user_1293,user_1293@mail.com,32,33876
1294,user_1294,user_1294@mail.com,33,33879
1295,user_1295,user_1295@mail.com,34,33882
1296,user_1296,user_1296@mail.com,35,33885
1297,user_1297,user_1297@mail.com,36,33888
1298,user_1298,user_1298@mail.com,37,33891
1299,user_1299,user_1299@mail.com,38,33894
1300,user_1300,user_1300@mail.com,39,33897
1301,user_1301,user_1301@mail.com,40,33900
1302,user_1302,user_1302@mail.com,41,33903
1303,user_1303,user_1303@mail.com,42,33906
1304,user_1304,user_1304@mail.com,43,33909
1305,user_1305,user_1305@mail.com,44,33912
1306,user_1306,user_1306@mail.com,45,33915
1307,user_1307,user_1307@mail.com,46,33918
1308,user_1308,user_1308@mail.com,47,33921
1309,user_1309,user_1309@mail.com,48,33924
1310,user_1310,user_1310@mail.com,49,33927
1311,user_1311,user_1311@mail.com,50,33930
1312,user_1312,user_1312@mail.com,51,33933
1313,user_1313,user_1313@mail.com,52,33936
1314,user_1314,user_1314@mail.com,53,33939
1315,user_1315,user_1315@mail.com,54,33942
1316,user_1316,user_1316@mail.com,55,33945
1317,user_1317,user_1317@mail.com,56,33948
1318,user_1318,user_1318@mail.com,57,33951
1319,user_1319,user_1319@mail.com,58,33954
1320,user_1320,user_1320@mail.com,59,33957
1321,user_1321,user_1321@mail.com,20,33960
1322,user_1322,user_1322@mail.com,21,33963
1323,user_1323,user_1323@mail.com,22,33966
1324,user_1324,user_1324@mail.com,23,33969
1325,user_1325,user_1325@mail.com,24,33972
1326,user_1326,user_1326@mail.com,25,33975
1327,user_1327,user_1327@mail.com,26,33978
1328,user_1328,user_1328@mail.com,27,33981
1329,user_1329,user_1329@mail.com,28,33984
1330,user_1330,user_1330@mail.com,29,33987
1331,user_1331,user_1331@mail.com,30,33990
1332,user_1332,user_1332@mail.com,31,33993
1333,user_1333,user_1333@mail.com,32,33996
1334,user_1334,user_1334@mail.com,33,33999
1335,user_1335,user_1335@mail.com,34,34002
1336,user_1336,user_1336@mail.com,35,34005
1337,user_1337,user_1337@mail.com,36,34008
1338,user_1338,user_1338@mail.com,37,34011
1339,user_1339,user_1339@mail.com,38,34014
1340,user_1340,user_1340@mail.com,39,34017
1341,user_1341,user_1341@mail.com,40,34020
1342,user_1342,user_1342@mail.com,41,34023
1343,user_1343,user_1343@mail.com,42,34026
1344,user_1344,user_1344@mail.com,43,34029
1345,user_1345,user_1345@mail.com,44,34032
1346,user_1346,user_1346@mail.com,45,34035
1347,user_1347,user_1347@mail.com,46,34038
1348,user_1348,user_1348@mail.com,47,34041
1349,user_1349,user_1349@mail.com,48,34044
1350,user_1350,user_1350@mail.com,49,34047
1351,user_1351,user_1351@mail.com,50,34050
1352,user_1352,user_1352@mail.com,51,34053
1353,user_1353,user_1353@mail.com,52,34056
1354,user_1354,user_1354@mail.com,53,34059
1355,user_1355,user_1355@mail.com,54,34062
1356,user_1356,user_1356@mail.com,55,34065
1357,user_1357,user_1357@mail.com,56,34068
1358,user_1358,user_1358@mail.com,57,34071
1359,user_1359,user_1359@mail.com,58,34074
1360,user_1360,user_1360@mail.com,59,34077
1361,user_1361,user_1361@mail.com,20,34080
1362,user_1362,user_1362@mail.com,21,34083
1363,user_1363,user_1363@mail.com,22,34086
1364,user_1364,user_1364@mail.com,23,34089
1365,user_1365,user_1365@mail.com,24,34092
1366,user_1366,user_1366@mail.com,25,34095
1367,user_1367,user_1367@mail.com,26,34098
1368,user_1368,user_1368@mail.com,27,34101
1369,user_1369,user_1369@mail.com,28,34104
1370,user_1370,user_1370@mail.com,29,34107
1371,user_1371,user_1371@mail.com,30,34110
1372,user_1372,user_1372@mail.com,31,34113
1373,user_1373,user_1373@mail.com,32,34116
1374,user_1374,user_1374@mail.com,33,34119
1375,user_1375,user_1375@mail.com,34,34122
1376,user_1376,user_1376@mail.com,35,34125
1377,user_1377,user_1377@mail.com,36,34128
1378,user_1378,user_1378@mail.com,37,34131
1379,user_1379,user_1379@mail.com,38,34134
1380,user_1380,user_1380@mail.com,39,34137
1381,user_1381,user_1381@mail.com,40,34140
1382,user_1382,user_1382@mail.com,41,34143
1383,user_1383,user_1383@mail.com,42,34146
1384,user_1384,user_1384@mail.com,43,34149
1385,user_1385,user_1385@mail.com,44,34152
1386,user_1386,user_1386@mail.com,45,34155
1387,user_1387,user_1387@mail.com,46,34158
1388,user_1388,user_1388@mail.com,47,34161
1389,user_1389,user_1389@mail.com,48,34164
1390,user_1390,user_1390@mail.com,49,34167
1391,user_1391,user_1391@mail.com,50,34170
1392,user_1392,user_1392@mail.com,51,34173
1393,user_1393,user_1393@mail.com,52,34176
1394,user_1394,user_1394@mail.com,53,34179
1395,user_1395,user_1395@mail.com,54,34182
1396,user_1396,user_1396@mail.com,55,34185
1397,user_1397,user_1397@mail.com,56,34188
1398,user_1398,user_1398@mail.com,57,34191
1399,user_1399,user_1399@mail.com,58,34194
1400,user_1400,user_1400@mail.com,59,34197
1401,user_1401,user_1401@mail.com,20,34200
1402,user_1402,user_1402@mail.com,21,34203
1403,user_1403,user_1403@mail.com,22,34206
1404,user_1404,user_1404@mail.com,23,34209
1405,user_1405,user_1405@mail.com,24,34212
1406,user_1406,user_1406@mail.com,25,34215
1407,user_1407,user_1407@mail.com,26,34218
1408,user_1408,user_1408@mail.com,27,34221
1409,user_1409,user_1409@mail.com,28,34224
1410,user_1410,user_1410@mail.com,29,34227
1411,user_1411,user_1411@mail.com,30,34230
1412,user_1412,user_1412@mail.com,31,34233
1413,user_1413,user_1413@mail.com,32,34236
1414,user_1414,user_1414@mail.com,33,34239
1415,user_1415,user_1415@mail.com,34,34242
1416,user_1416,user_1416@mail.com,35,34245
1417,user_1417,user_1417@mail.com,36,34248
1418,user_1418,user_1418@mail.com,37,34251
1419,user_1419,user_1419@mail.com,38,34254
1420,user_1420,user_1420@mail.com,39,34257
1421,user_1421,user_1421@mail.com,40,34260
1422,user_1422,user_1422@mail.com,41,34263
1423,user_1423,user_1423@mail.com,42,34266
1424,user_1424,user_1424@mail.com,43,34269
1425,user_1425,user_1425@mail.com,44,34272
1426,user_1426,user_1426@mail.com,45,34275
1427,user_1427,user_1427@mail.com,46,34278
1428,user_1428,user_1428@mail.com,47,34281
1429,user_1429,user_1429@mail.com,48,34284
1430,user_1430,user_1430@mail.com,49,34287
1431,user_1431,user_1431@mail.com,50,34290
1432,user_1432,user_1432@mail.com,51,34293
1433,user_1433,user_1433@mail.com,52,34296
1434,user_1434,user_1434@mail.com,53,34299
1435,user_1435,user_1435@mail.com,54,34302
1436,user_1436,user_1436@mail.com,55,34305
1437,user_1437,user_1437@mail.com,56,34308
1438,user_1438,user_1438@mail.com,57,34311
1439,user_1439,user_1439@mail.com,58,34314
1440,user_1440,user_1440@mail.com,59,34317
1441,user_1441,user_1441@mail.com,20,34320
1442,user_1442,user_1442@mail.com,21,34323
1443,user_1443,user_1443@mail.com,22,34326
1444,user_1444,user_1444@mail.com,23,34329
1445,user_1445,user_1445@mail.com,24,34332
1446,user_1446,user_1446@mail.com,25,34335
1447,user_1447,user_1447@mail.com,26,34338
1448,user_1448,user_1448@mail.com,27,34341
1449,user_1449,user_1449@mail.com,28,34344
1450,user_1450,user_1450@mail.com,29,34347
1451,user_1451,user_1451@mail.com,30,34350
1452,user_1452,user_1452@mail.com,31,34353
1453,user_1453,user_1453@mail.com,32,34356
1454,user_1454,user_1454@mail.com,33,34359
1455,user_1455,user_1455@mail.com,34,34362
1456,user_1456,user_1456@mail.com,35,34365
1457,user_1457,user_1457@mail.com,36,34368
1458,user_1458,user_1458@mail.com,37,34371
1459,user_1459,user_1459@mail.com,38,34374
1460,user_1460,user_1460@mail.com,39,34377
1461,user_1461,user_1461@mail.com,40,34380
1462,user_1462,user_1462@mail.com,41,34383
1463,user_1463,user_1463@mail.com,42,34386
1464,user_1464,user_1464@mail.com,43,34389
1465,user_1465,user_1465@mail.com,44,34392
1466,user_1466,user_1466@mail.com,45,34395
1467,user_1467,user_1467@mail.com,46,34398
1468,user_1468,user_1468@mail.com,47,34401
1469,user_1469,user_1469@mail.com,48,34404
1470,user_1470,user_1470@mail.com,49,34407
1471,user_1471,user_1471@mail.com,50,34410
1472,user_1472,user_1472@mail.com,51,34413
1473,user_1473,user_1473@mail.com,52,34416
1474,user_1474,user_1474@mail.com,53,34419
1475,user_1475,user_1475@mail.com,54,34422
1476,user_1476,user_1476@mail.com,55,34425
1477,user_1477,user_1477@mail.com,56,34428
1478,user_1478,user_1478@mail.com,57,34431
1479,user_1479,user_1479@mail.com,58,34434
1480,user_1480,user_1480@mail.com,59,34437
1481,user_1481,user_1481@mail.com,20,34440
1482,user_1482,user_1482@mail.com,21,34443
1483,user_1483,user_1483@mail.com,22,34446
1484,user_1484,user_1484@mail.com,23,34449
1485,user_1485,user_1485@mail.com,24,34452
1486,user_1486,user_1486@mail.com,25,34455
1487,user_1487,user_1487@mail.com,26,34458
1488,user_1488,user_1488@mail.com,27,34461
1489,user_1489,user_1489@mail.com,28,34464
1490,user_1490,user_1490@mail.com,29,34467
1491,user_1491,user_1491@mail.com,30,34470
1492,user_1492,user_1492@mail.com,31,34473
1493,user_1493,user_1493@mail.com,32,34476
1494,user_1494,user_1494@mail.com,33,34479
1495,user_1495,user_1495@mail.com,34,34482
1496,user_1496,user_1496@mail.com,35,34485
1497,user_1497,user_1497@mail.com,36,34488
1498,user_1498,user_1498@mail.com,37,34491
1499,user_1499,user_1499@mail.com,38,34494
1500,user_1500,user_1500@mail.com,39,34497
1501,user_1501,user_1501@mail.com,40,34500
1502,user_1502,user_1502@mail.com,41,34503
1503,user_1503,user_1503@mail.com,42,34506
1504,user_1504,user_1504@mail.com,43,34509
1505,user_1505,user_1505@mail.com,44,34512
1506,user_1506,user_1506@mail.com,45,34515
1507,user_1507,user_1507@mail.com,46,34518
1508,user_1508,user_1508@mail.com,47,34521
1509,user_1509,user_1509@mail.com,48,34524
1510,user_1510,user_1510@mail.com,49,34527
1511,user_1511,user_1511@mail.com,50,34530
1512,user_1512,user_1512@mail.com,51,34533
1513,user_1513,user_1513@mail.com,52,34536
1514,user_1514,user_1514@mail.com,53,34539
1515,user_1515,user_1515@mail.com,54,34542
1516,user_1516,user_1516@mail.com,55,34545
1517,user_1517,user_1517@mail.com,56,34548
1518,user_1518,user_1518@mail.com,57,34551
1519,user_1519,user_1519@mail.com,58,34554
1520,user_1520,user_1520@mail.com,59,34557
1521,user_1521,user_1521@mail.com,20,34560
1522,user_1522,user_1522@mail.com,21,34563
1523,user_1523,user_1523@mail.com,22,34566
1524,user_1524,user_1524@mail.com,23,34569
1525,user_1525,user_1525@mail.com,24,34572
1526,user_1526,user_1526@mail.com,25,34575
1527,user_1527,user_1527@mail.com,26,34578
1528,user_1528,user_1528@mail.com,27,34581
1529,user_1529,user_1529@mail.com,28,34584
1530,user_1530,user_1530@mail.com,29,34587
1531,user_1531,user_1531@mail.com,30,34590
1532,user_1532,user_1532@mail.com,31,34593
1533,user_1533,user_1533@mail.com,32,34596
1534,user_1534,user_1534@mail.com,33,34599
1535,user_1535,user_1535@mail.com,34,34602
1536,user_1536,user_1536@mail.com,35,34605
1537,user_1537,user_1537@mail.com,36,34608
1538,user_1538,user_1538@mail.com,37,34611
1539,user_1539,user_1539@mail.com,38,34614
1540,user_1540,user_1540@mail.com,39,34617
1541,user_1541,user_1541@mail.com,40,34620
1542,user_1542,user_1542@mail.com,41,34623
1543,user_1543,user_1543@mail.com,42,34626
1544,user_1544,user_1544@mail.com,43,34629
1545,user_1545,user_1545@mail.com,44,34632
1546,user_1546,user_1546@mail.com,45,34635
1547,user_1547,user_1547@mail.com,46,34638
1548,user_1548,user_1548@mail.com,47,34641
1549,user_1549,user_1549@mail.com,48,34644
1550,user_1550,user_1550@mail.com,49,34647
1551,user_1551,user_1551@mail.com,50,34650
1552,user_1552,user_1552@mail.com,51,34653
1553,user_1553,user_1553@mail.com,52,34656
1554,user_1554,user_1554@mail.com,53,34659
1555,user_1555,user_1555@mail.com,54,34662
1556,user_1556,user_1556@mail.com,55,34665
1557,user_1557,user_1557@mail.com,56,34668
1558,user_1558,user_1558@mail.com,57,34671
1559,user_1559,user_1559@mail.com,58,34674
1560,user_1560,user_1560@mail.com,59,34677
1561,user_1561,user_1561@mail.com,20,34680
1562,user_1562,user_1562@mail.com,21,34683
1563,user_1563,user_1563@mail.com,22,34686
1564,user_1564,user_1564@mail.com,23,34689
1565,user_1565,user_1565@mail.com,24,34692
1566,user_1566,user_1566@mail.com,25,34695
1567,user_1567,user_1567@mail.com,26,34698
1568,user_1568,user_1568@mail.com,27,34701
1569,user_1569,user_1569@mail.com,28,34704
1570,user_1570,user_1570@mail.com,29,34707
1571,user_1571,user_1571@mail.com,30,34710
1572,user_1572,user_1572@mail.com,31,34713
1573,user_1573,user_1573@mail.com,32,34716
1574,user_1574,user_1574@mail.com,33,34719
1575,user_1575,user_1575@mail.com,34,34722
1576,user_1576,user_1576@mail.com,35,34725
1577,user_1577,user_1577@mail.com,36,34728
1578,user_1578,user_1578@mail.com,37,34731
1579,user_1579,user_1579@mail.com,38,34734
1580,user_1580,user_1580@mail.com,39,34737
1581,user_1581,user_1581@mail.com,40,34740
1582,user_1582,user_1582@mail.com,41,34743
1583,user_1583,user_1583@mail.com,42,34746
1584,user_1584,user_1584@mail.com,43,34749
1585,user_1585,user_1585@mail.com,44,34752
1586,user_1586,user_1586@mail.com,45,34755
1587,user_1587,user_1587@mail.com,46,34758
1588,user_1588,user_1588@mail.com,47,34761
1589,user_1589,user_1589@mail.com,48,34764
1590,user_1590,user_1590@mail.com,49,34767
1591,user_1591,user_1591@mail.com,50,34770
1592,user_1592,user_1592@mail.com,51,34773
1593,user_1593,user_1593@mail.com,52,34776
1594,user_1594,user_1594@mail.com,53,34779
1595,user_1595,user_1595@mail.com,54,34782
1596,user_1596,user_1596@mail.com,55,34785
1597,user_1597,user_1597@mail.com,56,34788
1598,user_1598,user_1598@mail.com,57,34791
1599,user_1599,user_1599@mail.com,58,34794
1600,user_1600,user_1600@mail.com,59,34797
1601,user_1601,user_1601@mail.com,20,34800
1602,user_1602,user_1602@mail.com,21,34803
1603,user_1603,user_1603@mail.com,22,34806
1604,user_1604,user_1604@mail.com,23,34809
1605,user_1605,user_1605@mail.com,24,34812
1606,user_1606,user_1606@mail.com,25,34815
1607,user_1607,user_1607@mail.com,26,34818
1608,user_1608,user_1608@mail.com,27,34821
1609,user_1609,user_1609@mail.com,28,34824
1610,user_1610,user_1610@mail.com,29,34827
1611,user_1611,user_1611@mail.com,30,34830
1612,user_1612,user_1612@mail.com,31,34833
1613,user_1613,user_1613@mail.com,32,34836
1614,user_1614,user_1614@mail.com,33,34839
1615,user_1615,user_1615@mail.com,34,34842
1616,user_1616,user_1616@mail.com,35,34845
1617,user_1617,user_1617@mail.com,36,34848
1618,user_1618,user_1618@mail.com,37,34851
1619,user_1619,user_1619@mail.com,38,34854
1620,user_1620,user_1620@mail.com,39,34857
1621,user_1621,user_1621@mail.com,40,34860
1622,user_1622,user_1622@mail.com,41,34863
1623,user_1623,user_1623@mail.com,42,34866
1624,user_1624,user_1624@mail.com,43,34869
1625,user_1625,user_1625@mail.com,44,34872
1626,user_1626,user_1626@mail.com,45,34875
1627,user_1627,user_1627@mail.com,46,34878
1628,user_1628,user_1628@mail.com,47,34881
1629,user_1629,user_1629@mail.com,48,34884
1630,user_1630,user_1630@mail.com,49,34887
1631,user_1631,user_1631@mail.com,50,34890
1632,user_1632,user_1632@mail.com,51,34893
1633,user_1633,user_1633@mail.com,52,34896
1634,user_1634,user_1634@mail.com,53,34899
1635,user_1635,user_1635@mail.com,54,34902
1636,user_1636,user_1636@mail.com,55,34905
1637,user_1637,user_1637@mail.com,56,34908
1638,user_1638,user_1638@mail.com,57,34911
1639,user_1639,user_1639@mail.com,58,34914
1640,user_1640,user_1640@mail.com,59,34917
1641,user_1641,user_1641@mail.com,20,34920
1642,user_1642,user_1642@mail.com,21,34923
1643,user_1643,user_1643@mail.com,22,34926
1644,user_1644,user_1644@mail.com,23,34929
1645,user_1645,user_1645@mail.com,24,34932
1646,user_1646,user_1646@mail.com,25,34935
1647,user_1647,user_1647@mail.com,26,34938
1648,user_1648,user_1648@mail.com,27,34941
1649,user_1649,user_1649@mail.com,28,34944
1650,user_1650,user_1650@mail.com,29,34947
1651,user_1651,user_1651@mail.com,30,34950
1652,user_1652,user_1652@mail.com,31,34953
1653,user_1653,user_1653@mail.com,32,34956
1654,user_1654,user_1654@mail.com,33,34959
1655,user_1655,user_1655@mail.com,34,34962
1656,user_1656,user_1656@mail.com,35,34965
1657,user_1657,user_1657@mail.com,36,34968
1658,user_1658,user_1658@mail.com,37,34971
1659,user_1659,user_1659@mail.com,38,34974
1660,user_1660,user_1660@mail.com,39,34977
1661,user_1661,user_1661@mail.com,40,34980
1662,user_1662,user_1662@mail.com,41,34983
1663,user_1663,user_1663@mail.com,42,34986
1664,user_1664,user_1664@mail.com,43,34989
1665,user_1665,user_1665@mail.com,44,34992
1666,user_1666,user_1666@mail.com,45,34995
1667,user_1667,user_1667@mail.com,46,34998
1668,user_1668,user_1668@mail.com,47,35001
1669,user_1669,user_1669@mail.com,48,35004
1670,user_1670,user_1670@mail.com,49,35007
1671,user_1671,user_1671@mail.com,50,35010
1672,user_1672,user_1672@mail.com,51,35013
1673,user_1673,user_1673@mail.com,52,35016
1674,user_1674,user_1674@mail.com,53,35019
1675,user_1675,user_1675@mail.com,54,35022
1676,user_1676,user_1676@mail.com,55,35025
1677,user_1677,user_1677@mail.com,56,35028
1678,user_1678,user_1678@mail.com,57,35031
1679,user_1679,user_1679@mail.com,58,35034
1680,user_1680,user_1680@mail.com,59,35037
1681,user_1681,user_1681@mail.com,20,35040
1682,user_1682,user_1682@mail.com,21,35043
1683,user_1683,user_1683@mail.com,22,35046
1684,user_1684,user_1684@mail.com,23,35049
1685,user_1685,user_1685@mail.com,24,35052
1686,user_1686,user_1686@mail.com,25,35055
1687,user_1687,user_1687@mail.com,26,35058
1688,user_1688,user_1688@mail.com,27,35061
1689,user_1689,user_1689@mail.com,28,35064
1690,user_1690,user_1690@mail.com,29,35067
1691,user_1691,user_1691@mail.com,30,35070
1692,user_1692,user_1692@mail.com,31,35073
1693,user_1693,user_1693@mail.com,32,35076
1694,user_1694,user_1694@mail.com,33,35079
1695,user_1695,user_1695@mail.com,34,35082
1696,user_1696,user_1696@mail.com,35,35085
1697,user_1697,user_1697@mail.com,36,35088
1698,user_1698,user_1698@mail.com,37,35091
1699,user_1699,user_1699@mail.com,38,35094
1700,user_1700,user_1700@mail.com,39,35097
1701,user_1701,user_1701@mail.com,40,35100
1702,user_1702,user_1702@mail.com,41,35103
1703,user_1703,user_1703@mail.com,42,35106
1704,user_1704,user_1704@mail.com,43,35109
1705,user_1705,user_1705@mail.com,44,35112
1706,user_1706,user_1706@mail.com,45,35115
1707,user_1707,user_1707@mail.com,46,35118
1708,user_1708,user_1708@mail.com,47,35121
1709,user_1709,user_1709@mail.com,48,35124
1710,user_1710,user_1710@mail.com,49,35127
1711,user_1711,user_1711@mail.com,50,35130
1712,user_1712,user_1712@mail.com,51,35133
1713,user_1713,user_1713@mail.com,52,35136
1714,user_1714,user_1714@mail.com,53,35139
1715,user_1715,user_1715@mail.com,54,35142
1716,user_1716,user_1716@mail.com,55,35145
1717,user_1717,user_1717@mail.com,56,35148
1718,user_1718,user_1718@mail.com,57,35151
1719,user_1719,user_1719@mail.com,58,35154
1720,user_1720,user_1720@mail.com,59,35157
1721,user_1721,user_1721@mail.com,20,35160
1722,user_1722,user_1722@mail.com,21,35163
1723,user_1723,user_1723@mail.com,22,35166
1724,user_1724,user_1724@mail.com,23,35169
1725,user_1725,user_1725@mail.com,24,35172
1726,user_1726,user_1726@mail.com,25,35175
1727,user_1727,user_1727@mail.com,26,35178
1728,user_1728,user_1728@mail.com,27,35181
1729,user_1729,user_1729@mail.com,28,35184
1730,user_1730,user_1730@mail.com,29,35187
1731,user_1731,user_1731@mail.com,30,35190
1732,user_1732,user_1732@mail.com,31,35193
1733,user_1733,user_1733@mail.com,32,35196
1734,user_1734,user_1734@mail.com,33,35199
1735,user_1735,user_1735@mail.com,34,35202
1736,user_1736,user_1736@mail.com,35,35205
1737,user_1737,user_1737@mail.com,36,35208
1738,user_1738,user_1738@mail.com,37,35211
1739,user_1739,user_1739@mail.com,38,35214
1740,user_1740,user_1740@mail.com,39,35217
1741,user_1741,user_1741@mail.com,40,35220
1742,user_1742,user_1742@mail.com,41,35223
1743,user_1743,user_1743@mail.com,42,35226
1744,user_1744,user_1744@mail.com,43,35229
1745,user_1745,user_1745@mail.com,44,35232
1746,user_1746,user_1746@mail.com,45,35235
1747,user_1747,user_1747@mail.com,46,35238
1748,user_1748,user_1748@mail.com,47,35241
1749,user_1749,user_1749@mail.com,48,35244
1750,user_1750,user_1750@mail.com,49,35247
1751,user_1751,user_1751@mail.com,50,35250
1752,user_1752,user_1752@mail.com,51,35253
1753,user_1753,user_1753@mail.com,52,35256
1754,user_1754,user_1754@mail.com,53,35259
1755,user_1755,user_1755@mail.com,54,35262
1756,user_1756,user_1756@mail.com,55,35265
1757,user_1757,user_1757@mail.com,56,35268
1758,user_1758,user_1758@mail.com,57,35271
1759,user_1759,user_1759@mail.com,58,35274
1760,user_1760,user_1760@mail.com,59,35277
1761,user_1761,user_1761@mail.com,20,35280
1762,user_1762,user_1762@mail.com,21,35283
1763,user_1763,user_1763@mail.com,22,35286
1764,user_1764,user_1764@mail.com,23,35289
1765,user_1765,user_1765@mail.com,24,35292
1766,user_1766,user_1766@mail.com,25,35295
1767,user_1767,user_1767@mail.com,26,35298
1768,user_1768,user_1768@mail.com,27,35301
1769,user_1769,user_1769@mail.com,28,35304
1770,user_1770,user_1770@mail.com,29,35307
1771,user_1771,user_1771@mail.com,30,35310
1772,user_1772,user_1772@mail.com,31,35313
1773,user_1773,user_1773@mail.com,32,35316
1774,user_1774,user_1774@mail.com,33,35319
1775,user_1775,user_1775@mail.com,34,35322
1776,user_1776,user_1776@mail.com,35,35325
1777,user_1777,user_1777@mail.com,36,35328
1778,user_1778,user_1778@mail.com,37,35331
1779,user_1779,user_1779@mail.com,38,35334
1780,user_1780,user_1780@mail.com,39,35337
1781,user_1781,user_1781@mail.com,40,35340
1782,user_1782,user_1782@mail.com,41,35343
1783,user_1783,user_1783@mail.com,42,35346
1784,user_1784,user_1784@mail.com,43,35349
1785,user_1785,user_1785@mail.com,44,35352
1786,user_1786,user_1786@mail.com,45,35355
1787,user_1787,user_1787@mail.com,46,35358
1788,user_1788,user_1788@mail.com,47,35361
1789,user_1789,user_1789@mail.com,48,35364
1790,user_1790,user_1790@mail.com,49,35367
1791,user_1791,user_1791@mail.com,50,35370
1792,user_1792,user_1792@mail.com,51,35373
1793,user_1793,user_1793@mail.com,52,35376
1794,user_1794,user_1794@mail.com,53,35379
1795,user_1795,user_1795@mail.com,54,35382
1796,user_1796,user_1796@mail.com,55,35385
1797,user_1797,user_1797@mail.com,56,35388
1798,user_1798,user_1798@mail.com,57,35391
1799,user_1799,user_1799@mail.com,58,35394
1800,user_1800,user_1800@mail.com,59,35397
1801,user_1801,user_1801@mail.com,20,35400
1802,user_1802,user_1802@mail.com,21,35403
1803,user_1803,user_1803@mail.com,22,35406
1804,user_1804,user_1804@mail.com,23,35409
1805,user_1805,user_1805@mail.com,24,35412
1806,user_1806,user_1806@mail.com,25,35415
1807,user_1807,user_1807@mail.com,26,35418
1808,user_1808,user_1808@mail.com,27,35421
1809,user_1809,user_1809@mail.com,28,35424
1810,user_1810,user_1810@mail.com,29,35427
1811,user_1811,user_1811@mail.com,30,35430
1812,user_1812,user_1812@mail.com,31,35433
1813,user_1813,user_1813@mail.com,32,35436
1814,user_1814,user_1814@mail.com,33,35439
1815,user_1815,user_1815@mail.com,34,35442
1816,user_1816,user_1816@mail.com,35,35445
1817,user_1817,user_1817@mail.com,36,35448
1818,user_1818,user_1818@mail.com,37,35451
1819,user_1819,user_1819@mail.com,38,35454
1820,user_1820,user_1820@mail.com,39,35457
1821,user_1821,user_1821@mail.com,40,35460
1822,user_1822,user_1822@mail.com,41,35463
1823,user_1823,user_1823@mail.com,42,35466
1824,user_1824,user_1824@mail.com,43,35469
1825,user_1825,user_1825@mail.com,44,35472
1826,user_1826,user_1826@mail.com,45,35475
1827,user_1827,user_1827@mail.com,46,35478
1828,user_1828,user_1828@mail.com,47,35481
1829,user_1829,user_1829@mail.com,48,35484
1830,user_1830,user_1830@mail.com,49,35487
1831,user_1831,user_1831@mail.com,50,35490
1832,user_1832,user_1832@mail.com,51,35493
1833,user_1833,user_1833@mail.com,52,35496
1834,user_1834,user_1834@mail.com,53,35499
1835,user_1835,user_1835@mail.com,54,35502
1836,user_1836,user_1836@mail.com,55,35505
1837,user_1837,user_1837@mail.com,56,35508
1838,user_1838,user_1838@mail.com,57,35511
1839,user_1839,user_1839@mail.com,58,35514
1840,user_1840,user_1840@mail.com,59,35517
1841,user_1841,user_1841@mail.com,20,35520
1842,user_1842,user_1842@mail.com,21,35523
1843,user_1843,user_1843@mail.com,22,35526
1844,user_1844,user_1844@mail.com,23,35529
1845,user_1845,user_1845@mail.com,24,35532
1846,user_1846,user_1846@mail.com,25,35535
1847,user_1847,user_1847@mail.com,26,35538
1848,user_1848,user_1848@mail.com,27,35541
1849,user_1849,user_1849@mail.com,28,35544
1850,user_1850,user_1850@mail.com,29,35547
1851,user_1851,user_1851@mail.com,30,35550
1852,user_1852,user_1852@mail.com,31,35553
1853,user_1853,user_1853@mail.com,32,35556
1854,user_1854,user_1854@mail.com,33,35559
1855,user_1855,user_1855@mail.com,34,35562
1856,user_1856,user_1856@mail.com,35,35565
1857,user_1857,user_1857@mail.com,36,35568
1858,user_1858,user_1858@mail.com,37,35571
1859,user_1859,user_1859@mail.com,38,35574
1860,user_1860,user_1860@mail.com,39,35577
1861,user_1861,user_1861@mail.com,40,35580
1862,user_1862,user_1862@mail.com,41,35583
1863,user_1863,user_1863@mail.com,42,35586
1864,user_1864,user_1864@mail.com,43,35589
1865,user_1865,user_1865@mail.com,44,35592
1866,user_1866,user_1866@mail.com,45,35595
1867,user_1867,user_1867@mail.com,46,35598
1868,user_1868,user_1868@mail.com,47,35601
1869,user_1869,user_1869@mail.com,48,35604
1870,user_1870,user_1870@mail.com,49,35607
1871,user_1871,user_1871@mail.com,50,35610
1872,user_1872,user_1872@mail.com,51,35613
1873,user_1873,user_1873@mail.com,52,35616
1874,user_1874,user_1874@mail.com,53,35619
1875,user_1875,user_1875@mail.com,54,35622
1876,user_1876,user_1876@mail.com,55,35625
1877,user_1877,user_1877@mail.com,56,35628
1878,user_1878,user_1878@mail.com,57,35631
1879,user_1879,user_1879@mail.com,58,35634
1880,user_1880,user_1880@mail.com,59,35637
1881,user_1881,user_1881@mail.com,20,35640
1882,user_1882,user_1882@mail.com,21,35643
1883,user_1883,user_1883@mail.com,22,35646
1884,user_1884,user_1884@mail.com,23,35649
1885,user_1885,user_1885@mail.com,24,35652
1886,user_1886,user_1886@mail.com,25,35655
1887,user_1887,user_1887@mail.com,26,35658
1888,user_1888,user_1888@mail.com,27,35661
1889,user_1889,user_1889@mail.com,28,35664
1890,user_1890,user_1890@mail.com,29,35667
1891,user_1891,user_1891@mail.com,30,35670
1892,user_1892,user_1892@mail.com,31,35673
1893,user_1893,user_1893@mail.com,32,35676
1894,user_1894,user_1894@mail.com,33,35679
1895,user_1895,user_1895@mail.com,34,35682
1896,user_1896,user_1896@mail.com,35,35685
1897,user_1897,user_1897@mail.com,36,35688
1898,user_1898,user_1898@mail.com,37,35691
1899,user_1899,user_1899@mail.com,38,35694
1900,user_1900,user_1900@mail.com,39,35697
1901,user_1901,user_1901@mail.com,40,35700
1902,user_1902,user_1902@mail.com,41,35703
1903,user_1903,user_1903@mail.com,42,35706
1904,user_1904,user_1904@mail.com,43,35709
1905,user_1905,user_1905@mail.com,44,35712
1906,user_1906,user_1906@mail.com,45,35715
1907,user_1907,user_1907@mail.com,46,35718
1908,user_1908,user_1908@mail.com,47,35721
1909,user_1909,user_1909@mail.com,48,35724
1910,user_1910,user_1910@mail.com,49,35727
1911,user_1911,user_1911@mail.com,50,35730
1912,user_1912,user_1912@mail.com,51,35733
1913,user_1913,user_1913@mail.com,52,35736
1914,user_1914,user_1914@mail.com,53,35739
1915,user_1915,user_1915@mail.com,54,35742
1916,user_1916,user_1916@mail.com,55,35745
1917,user_1917,user_1917@mail.com,56,35748
1918,user_1918,user_1918@mail.com,57,35751
1919,user_1919,user_1919@mail.com,58,35754
1920,user_1920,user_1920@mail.com,59,35757
1921,user_1921,user_1921@mail.com,20,35760
1922,user_1922,user_1922@mail.com,21,35763
1923,user_1923,user_1923@mail.com,22,35766
1924,user_1924,user_1924@mail.com,23,35769
1925,user_1925,user_1925@mail.com,24,35772
1926,user_1926,user_1926@mail.com,25,35775
1927,user_1927,user_1927@mail.com,26,35778
1928,user_1928,user_1928@mail.com,27,35781
1929,user_1929,user_1929@mail.com,28,35784
1930,user_1930,user_1930@mail.com,29,35787
1931,user_1931,user_1931@mail.com,30,35790
1932,user_1932,user_1932@mail.com,31,35793
1933,user_1933,user_1933@mail.com,32,35796
1934,user_1934,user_1934@mail.com,33,35799
1935,user_1935,user_1935@mail.com,34,35802
1936,user_1936,user_1936@mail.com,35,35805
1937,user_1937,user_1937@mail.com,36,35808
1938,user_1938,user_1938@mail.com,37,35811
1939,user_1939,user_1939@mail.com,38,35814
1940,user_1940,user_1940@mail.com,39,35817
1941,user_1941,user_1941@mail.com,40,35820
1942,user_1942,user_1942@mail.com,41,35823
1943,user_1943,user_1943@mail.com,42,35826
1944,user_1944,user_1944@mail.com,43,35829
1945,user_1945,user_1945@mail.com,44,35832
1946,user_1946,user_1946@mail.com,45,35835
1947,user_1947,user_1947@mail.com,46,35838
1948,user_1948,user_1948@mail.com,47,35841
1949,user_1949,user_1949@mail.com,48,35844
1950,user_1950,user_1950@mail.com,49,35847
1951,user_1951,user_1951@mail.com,50,35850
1952,user_1952,user_1952@mail.com,51,35853
1953,user_1953,user_1953@mail.com,52,35856
1954,user_1954,user_1954@mail.com,53,35859
1955,user_1955,user_1955@mail.com,54,35862
1956,user_1956,user_1956@mail.com,55,35865
1957,user_1957,user_1957@mail.com,56,35868
1958,user_1958,user_1958@mail.com,57,35871
1959,user_1959,user_1959@mail.com,58,35874
1960,user_1960,user_1960@mail.com,59,35877
1961,user_1961,user_1961@mail.com,20,35880
1962,user_1962,user_1962@mail.com,21,35883
1963,user_1963,user_1963@mail.com,22,35886
1964,user_1964,user_1964@mail.com,23,35889
1965,user_1965,user_1965@mail.com,24,35892
1966,user_1966,user_1966@mail.com,25,35895
1967,user_1967,user_1967@mail.com,26,35898
1968,user_1968,user_1968@mail.com,27,35901
1969,user_1969,user_1969@mail.com,28,35904
1970,user_1970,user_1970@mail.com,29,35907
1971,user_1971,user_1971@mail.com,30,35910
1972,user_1972,user_1972@mail.com,31,35913
1973,user_1973,user_1973@mail.com,32,35916
1974,user_1974,user_1974@mail.com,33,35919
1975,user_1975,user_1975@mail.com,34,35922
1976,user_1976,user_1976@mail.com,35,35925
1977,user_1977,user_1977@mail.com,36,35928
1978,user_1978,user_1978@mail.com,37,35931
1979,user_1979,user_1979@mail.com,38,35934
1980,user_1980,user_1980@mail.com,39,35937
1981,user_1981,user_1981@mail.com,40,35940
1982,user_1982,user_1982@mail.com,41,35943
1983,user_1983,user_1983@mail.com,42,35946
1984,user_1984,user_1984@mail.com,43,35949
1985,user_1985,user_1985@mail.com,44,35952
1986,user_1986,user_1986@mail.com,45,35955
1987,user_1987,user_1987@mail.com,46,35958
1988,user_1988,user_1988@mail.com,47,35961
1989,user_1989,user_1989@mail.com,48,35964
1990,user_1990,user_1990@mail.com,49,35967
1991,user_1991,user_1991@mail.com,50,35970
1992,user_1992,user_1992@mail.com,51,35973
1993,user_1993,user_1993@mail.com,52,35976
1994,user_1994,user_1994@mail.com,53,35979
1995,user_1995,user_1995@mail.com,54,35982
1996,user_1996,user_1996@mail.com,55,35985
1997,user_1997,user_1997@mail.com,56,35988
1998,user_1998,user_1998@mail.com,57,35991
1999,user_1999,user_1999@mail.com,58,35994
2000,user_2000,user_2000@mail.com,59,35997
2001,user_2001,user_2001@mail.com,20,36000
2002,user_2002,user_2002@mail.com,21,36003
2003,user_2003,user_2003@mail.com,22,36006
2004,user_2004,user_2004@mail.com,23,36009
2005,user_2005,user_2005@mail.com,24,36012
2006,user_2006,user_2006@mail.com,25,36015
2007,user_2007,user_2007@mail.com,26,36018
2008,user_2008,user_2008@mail.com,27,36021
2009,user_2009,user_2009@mail.com,28,36024
2010,user_2010,user_2010@mail.com,29,36027
2011,user_2011,user_2011@mail.com,30,36030
2012,user_2012,user_2012@mail.com,31,36033
2013,user_2013,user_2013@mail.com,32,36036
2014,user_2014,user_2014@mail.com,33,36039
2015,user_2015,user_2015@mail.com,34,36042
2016,user_2016,user_2016@mail.com,35,36045
2017,user_2017,user_2017@mail.com,36,36048
2018,user_2018,user_2018@mail.com,37,36051
2019,user_2019,user_2019@mail.com,38,36054
2020,user_2020,user_2020@mail.com,39,36057
2021,user_2021,user_2021@mail.com,40,36060
2022,user_2022,user_2022@mail.com,41,36063
2023,user_2023,user_2023@mail.com,42,36066
2024,user_2024,user_2024@mail.com,43,36069
2025,user_2025,user_2025@mail.com,44,36072
2026,user_2026,user_2026@mail.com,45,36075
2027,user_2027,user_2027@mail.com,46,36078
2028,user_2028,user_2028@mail.com,47,36081
2029,user_2029,user_2029@mail.com,48,36084
2030,user_2030,user_2030@mail.com,49,36087
2031,user_2031,user_2031@mail.com,50,36090
2032,user_2032,user_2032@mail.com,51,36093
2033,user_2033,user_2033@mail.com,52,36096
2034,user_2034,user_2034@mail.com,53,36099
2035,user_2035,user_2035@mail.com,54,36102
2036,user_2036,user_2036@mail.com,55,36105
2037,user_2037,user_2037@mail.com,56,36108
2038,user_2038,user_2038@mail.com,57,36111
2039,user_2039,user_2039@mail.com,58,36114
2040,user_2040,user_2040@mail.com,59,36117
2041,user_2041,user_2041@mail.com,20,36120
2042,user_2042,user_2042@mail.com,21,36123
2043,user_2043,user_2043@mail.com,22,36126
2044,user_2044,user_2044@mail.com,23,36129
2045,user_2045,user_2045@mail.com,24,36132
2046,user_2046,user_2046@mail.com,25,36135
2047,user_2047,user_2047@mail.com,26,36138
2048,user_2048,user_2048@mail.com,27,36141
2049,user_2049,user_2049@mail.com,28,36144
2050,user_2050,user_2050@mail.com,29,36147
2051,user_2051,user_2051@mail.com,30,36150
2052,user_2052,user_2052@mail.com,31,36153
2053,user_2053,user_2053@mail.com,32,36156
2054,user_2054,user_2054@mail.com,33,36159
2055,user_2055,user_2055@mail.com,34,36162
2056,user_2056,user_2056@mail.com,35,36165
2057,user_2057,user_2057@mail.com,36,36168
2058,user_2058,user_2058@mail.com,37,36171
2059,user_2059,user_2059@mail.com,38,36174
2060,user_2060,user_2060@mail.com,39,36177
2061,user_2061,user_2061@mail.com,40,36180
2062,user_2062,user_2062@mail.com,41,36183
2063,user_2063,user_2063@mail.com,42,36186
2064,user_2064,user_2064@mail.com,43,36189
2065,user_2065,user_2065@mail.com,44,36192
2066,user_2066,user_2066@mail.com,45,36195
2067,user_2067,user_2067@mail.com,46,36198
2068,user_2068,user_2068@mail.com,47,36201
2069,user_2069,user_2069@mail.com,48,36204
2070,user_2070,user_2070@mail.com,49,36207
2071,user_2071,user_2071@mail.com,50,36210
2072,user_2072,user_2072@mail.com,51,36213
2073,user_2073,user_2073@mail.com,52,36216
2074,user_2074,user_2074@mail.com,53,36219
2075,user_2075,user_2075@mail.com,54,36222
2076,user_2076,user_2076@mail.com,55,36225
2077,user_2077,user_2077@mail.com,56,36228
2078,user_2078,user_2078@mail.com,57,36231
2079,user_2079,user_2079@mail.com,58,36234
2080,user_2080,user_2080@mail.com,59,36237
2081,user_2081,user_2081@mail.com,20,36240
2082,user_2082,user_2082@mail.com,21,36243
2083,user_2083,user_2083@mail.com,22,36246
2084,user_2084,user_2084@mail.com,23,36249
2085,user_2085,user_2085@mail.com,24,36252
2086,user_2086,user_2086@mail.com,25,36255
2087,user_2087,user_2087@mail.com,26,36258
2088,user_2088,user_2088@mail.com,27,36261
2089,user_2089,user_2089@mail.com,28,36264
2090,user_2090,user_2090@mail.com,29,36267
2091,user_2091,user_2091@mail.com,30,36270
2092,user_2092,user_2092@mail.com,31,36273
2093,user_2093,user_2093@mail.com,32,36276
2094,user_2094,user_2094@mail.com,33,36279
2095,user_2095,user_2095@mail.com,34,36282
2096,user_2096,user_2096@mail.com,35,36285
2097,user_2097,user_2097@mail.com,36,36288
2098,user_2098,user_2098@mail.com,37,36291
2099,user_2099,user_2099@mail.com,38,36294
2100,user_2100,user_2100@mail.com,39,36297
2101,user_2101,user_2101@mail.com,40,36300
2102,user_2102,user_2102@mail.com,41,36303
2103,user_2103,user_2103@mail.com,42,36306
2104,user_2104,user_2104@mail.com,43,36309
2105,user_2105,user_2105@mail.com,44,36312
2106,user_2106,user_2106@mail.com,45,36315
2107,user_2107,user_2107@mail.com,46,36318
2108,user_2108,user_2108@mail.com,47,36321
2109,user_2109,user_2109@mail.com,48,36324
2110,user_2110,user_2110@mail.com,49,36327
2111,user_2111,user_2111@mail.com,50,36330
2112,user_2112,user_2112@mail.com,51,36333
2113,user_2113,user_2113@mail.com,52,36336
2114,user_2114,user_2114@mail.com,53,36339
2115,user_2115,user_2115@mail.com,54,36342
2116,user_2116,user_2116@mail.com,55,36345
2117,user_2117,user_2117@mail.com,56,36348
2118,user_2118,user_2118@mail.com,57,36351
2119,user_2119,user_2119@mail.com,58,36354
2120,user_2120,user_2120@mail.com,59,36357
2121,user_2121,user_2121@mail.com,20,36360
2122,user_2122,user_2122@mail.com,21,36363
2123,user_2123,user_2123@mail.com,22,36366
2124,user_2124,user_2124@mail.com,23,36369
2125,user_2125,user_2125@mail.com,24,36372
2126,user_2126,user_2126@mail.com,25,36375
2127,user_2127,user_2127@mail.com,26,36378
2128,user_2128,user_2128@mail.com,27,36381
2129,user_2129,user_2129@mail.com,28,36384
2130,user_2130,user_2130@mail.com,29,36387
2131,user_2131,user_2131@mail.com,30,36390
2132,user_2132,user_2132@mail.com,31,36393
2133,user_2133,user_2133@mail.com,32,36396
2134,user_2134,user_2134@mail.com,33,36399
2135,user_2135,user_2135@mail.com,34,36402
2136,user_2136,user_2136@mail.com,35,36405
2137,user_2137,user_2137@mail.com,36,36408
2138,user_2138,user_2138@mail.com,37,36411
2139,user_2139,user_2139@mail.com,38,36414
2140,user_2140,user_2140@mail.com,39,36417
2141,user_2141,user_2141@mail.com,40,36420
2142,user_2142,user_2142@mail.com,41,36423
2143,user_2143,user_2143@mail.com,42,36426
2144,user_2144,user_2144@mail.com,43,36429
2145,user_2145,user_2145@mail.com,44,36432
2146,user_2146,user_2146@mail.com,45,36435
2147,user_2147,user_2147@mail.com,46,36438
2148,user_2148,user_2148@mail.com,47,36441
2149,user_2149,user_2149@mail.com,48,36444
2150,user_2150,user_2150@mail.com,49,36447
2151,user_2151,user_2151@mail.com,50,36450
2152,user_2152,user_2152@mail.com,51,36453
2153,user_2153,user_2153@mail.com,52,36456
2154,user_2154,user_2154@mail.com,53,36459
2155,user_2155,user_2155@mail.com,54,36462
2156,user_2156,user_2156@mail.com,55,36465
2157,user_2157,user_2157@mail.com,56,36468
2158,user_2158,user_2158@mail.com,57,36471
2159,user_2159,user_2159@mail.com,58,36474
2160,user_2160,user_2160@mail.com,59,36477
2161,user_2161,user_2161@mail.com,20,36480
2162,user_2162,user_2162@mail.com,21,36483
2163,user_2163,user_2163@mail.com,22,36486
2164,user_2164,user_2164@mail.com,23,36489
2165,user_2165,user_2165@mail.com,24,36492
2166,user_2166,user_2166@mail.com,25,36495
2167,user_2167,user_2167@mail.com,26,36498
2168,user_2168,user_2168@mail.com,27,36501
2169,user_2169,user_2169@mail.com,28,36504
2170,user_2170,user_2170@mail.com,29,36507
2171,user_2171,user_2171@mail.com,30,36510
2172,user_2172,user_2172@mail.com,31,36513
2173,user_2173,user_2173@mail.com,32,36516
2174,user_2174,user_2174@mail.com,33,36519
2175,user_2175,user_2175@mail.com,34,36522
2176,user_2176,user_2176@mail.com,35,36525
2177,user_2177,user_2177@mail.com,36,36528
2178,user_2178,user_2178@mail.com,37,36531
2179,user_2179,user_2179@mail.com,38,36534
2180,user_2180,user_2180@mail.com,39,36537
2181,user_2181,user_2181@mail.com,40,36540
2182,user_2182,user_2182@mail.com,41,36543
2183,user_2183,user_2183@mail.com,42,36546
2184,user_2184,user_2184@mail.com,43,36549
2185,user_2185,user_2185@mail.com,44,36552
2186,user_2186,user_2186@mail.com,45,36555
2187,user_2187,user_2187@mail.com,46,36558
2188,user_2188,user_2188@mail.com,47,36561
2189,user_2189,user_2189@mail.com,48,36564
2190,user_2190,user_2190@mail.com,49,36567
2191,user_2191,user_2191@mail.com,50,36570
2192,user_2192,user_2192@mail.com,51,36573
2193,user_2193,user_2193@mail.com,52,36576
2194,user_2194,user_2194@mail.com,53,36579
2195,user_2195,user_2195@mail.com,54,36582
2196,user_2196,user_2196@mail.com,55,36585
2197,user_2197,user_2197@mail.com,56,36588
2198,user_2198,user_2198@mail.com,57,36591
2199,user_2199,user_2199@mail.com,58,36594
2200,user_2200,user_2200@mail.com,59,36597
2201,user_2201,user_2201@mail.com,20,36600
2202,user_2202,user_2202@mail.com,21,36603
2203,user_2203,user_2203@mail.com,22,36606
2204,user_2204,user_2204@mail.com,23,36609
2205,user_2205,user_2205@mail.com,24,36612
2206,user_2206,user_2206@mail.com,25,36615
2207,user_2207,user_2207@mail.com,26,36618
2208,user_2208,user_2208@mail.com,27,36621
2209,user_2209,user_2209@mail.com,28,36624
2210,user_2210,user_2210@mail.com,29,36627
2211,user_2211,user_2211@mail.com,30,36630
2212,user_2212,user_2212@mail.com,31,36633
2213,user_2213,user_2213@mail.com,32,36636
2214,user_2214,user_2214@mail.com,33,36639
2215,user_2215,user_2215@mail.com,34,36642
2216,user_2216,user_2216@mail.com,35,36645
2217,user_2217,user_2217@mail.com,36,36648
2218,user_2218,user_2218@mail.com,37,36651
2219,user_2219,user_2219@mail.com,38,36654
2220,user_2220,user_2220@mail.com,39,36657
2221,user_2221,user_2221@mail.com,40,36660
2222,user_2222,user_2222@mail.com,41,36663
2223,user_2223,user_2223@mail.com,42,36666
2224,user_2224,user_2224@mail.com,43,36669
2225,user_2225,user_2225@mail.com,44,36672
2226,user_2226,user_2226@mail.com,45,36675
2227,user_2227,user_2227@mail.com,46,36678
2228,user_2228,user_2228@mail.com,47,36681
2229,user_2229,user_2229@mail.com,48,36684
2230,user_2230,user_2230@mail.com,49,36687
2231,user_2231,user_2231@mail.com,50,36690
2232,user_2232,user_2232@mail.com,51,36693
2233,user_2233,user_2233@mail.com,52,36696
2234,user_2234,user_2234@mail.com,53,36699
2235,user_2235,user_2235@mail.com,54,36702
2236,user_2236,user_2236@mail.com,55,36705
2237,user_2237,user_2237@mail.com,56,36708
2238,user_2238,user_2238@mail.com,57,36711
2239,user_2239,user_2239@mail.com,58,36714
2240,user_2240,user_2240@mail.com,59,36717
2241,user_2241,user_2241@mail.com,20,36720
2242,user_2242,user_2242@mail.com,21,36723
2243,user_2243,user_2243@mail.com,22,36726
2244,user_2244,user_2244@mail.com,23,36729
2245,user_2245,user_2245@mail.com,24,36732
2246,user_2246,user_2246@mail.com,25,36735
2247,user_2247,user_2247@mail.com,26,36738
2248,user_2248,user_2248@mail.com,27,36741
2249,user_2249,user_2249@mail.com,28,36744
2250,user_2250,user_2250@mail.com,29,36747
2251,user_2251,user_2251@mail.com,30,36750
2252,user_2252,user_2252@mail.com,31,36753
2253,user_2253,user_2253@mail.com,32,36756
2254,user_2254,user_2254@mail.com,33,36759
2255,user_2255,user_2255@mail.com,34,36762
2256,user_2256,user_2256@mail.com,35,36765
2257,user_2257,user_2257@mail.com,36,36768
2258,user_2258,user_2258@mail.com,37,36771
2259,user_2259,user_2259@mail.com,38,36774
2260,user_2260,user_2260@mail.com,39,36777
2261,user_2261,user_2261@mail.com,40,36780
2262,user_2262,user_2262@mail.com,41,36783
2263,user_2263,user_2263@mail.com,42,36786
2264,user_2264,user_2264@mail.com,43,36789
2265,user_2265,user_2265@mail.com,44,36792
2266,user_2266,user_2266@mail.com,45,36795
2267,user_2267,user_2267@mail.com,46,36798
2268,user_2268,user_2268@mail.com,47,36801
2269,user_2269,user_2269@mail.com,48,36804
2270,user_2270,user_2270@mail.com,49,36807
2271,user_2271,user_2271@mail.com,50,36810
2272,user_2272,user_2272@mail.com,51,36813
2273,user_2273,user_2273@mail.com,52,36816
2274,user_2274,user_2274@mail.com,53,36819
2275,user_2275,user_2275@mail.com,54,36822
2276,user_2276,user_2276@mail.com,55,36825
2277,user_2277,user_2277@mail.com,56,36828
2278,user_2278,user_2278@mail.com,57,36831
2279,user_2279,user_2279@mail.com,58,36834
2280,user_2280,user_2280@mail.com,59,36837
2281,user_2281,user_2281@mail.com,20,36840
2282,user_2282,user_2282@mail.com,21,36843
2283,user_2283,user_2283@mail.com,22,36846
2284,user_2284,user_2284@mail.com,23,36849
2285,user_2285,user_2285@mail.com,24,36852
2286,user_2286,user_2286@mail.com,25,36855
2287,user_2287,user_2287@mail.com,26,36858
2288,user_2288,user_2288@mail.com,27,36861
2289,user_2289,user_2289@mail.com,28,36864
2290,user_2290,user_2290@mail.com,29,36867
2291,user_2291,user_2291@mail.com,30,36870
2292,user_2292,user_2292@mail.com,31,36873
2293,user_2293,user_2293@mail.com,32,36876
2294,user_2294,user_2294@mail.com,33,36879
2295,user_2295,user_2295@mail.com,34,36882
2296,user_2296,user_2296@mail.com,35,36885
2297,user_2297,user_2297@mail.com,36,36888
2298,user_2298,user_2298@mail.com,37,36891
2299,user_2299,user_2299@mail.com,38,36894
2300,user_2300,user_2300@mail.com,39,36897
2301,user_2301,user_2301@mail.com,40,36900
2302,user_2302,user_2302@mail.com,41,36903
2303,user_2303,user_2303@mail.com,42,36906
2304,user_2304,user_2304@mail.com,43,36909
2305,user_2305,user_2305@mail.com,44,36912
2306,user_2306,user_2306@mail.com,45,36915
2307,user_2307,user_2307@mail.com,46,36918
2308,user_2308,user_2308@mail.com,47,36921
2309,user_2309,user_2309@mail.com,48,36924
2310,user_2310,user_2310@mail.com,49,36927
2311,user_2311,user_2311@mail.com,50,36930
2312,user_2312,user_2312@mail.com,51,36933
2313,user_2313,user_2313@mail.com,52,36936
2314,user_2314,user_2314@mail.com,53,36939
2315,user_2315,user_2315@mail.com,54,36942
2316,user_2316,user_2316@mail.com,55,36945
2317,user_2317,user_2317@mail.com,56,36948
2318,user_2318,user_2318@mail.com,57,36951
2319,user_2319,user_2319@mail.com,58,36954
2320,user_2320,user_2320@mail.com,59,36957
2321,user_2321,user_2321@mail.com,20,36960
2322,user_2322,user_2322@mail.com,21,36963
2323,user_2323,user_2323@mail.com,22,36966
2324,user_2324,user_2324@mail.com,23,36969
2325,user_2325,user_2325@mail.com,24,36972
2326,user_2326,user_2326@mail.com,25,36975
2327,user_2327,user_2327@mail.com,26,36978
2328,user_2328,user_2328@mail.com,27,36981
2329,user_2329,user_2329@mail.com,28,36984
2330,user_2330,user_2330@mail.com,29,36987
2331,user_2331,user_2331@mail.com,30,36990
2332,user_2332,user_2332@mail.com,31,36993
2333,user_2333,user_2333@mail.com,32,36996
2334,user_2334,user_2334@mail.com,33,36999
2335,user_2335,user_2335@mail.com,34,37002
2336,user_2336,user_2336@mail.com,35,37005
2337,user_2337,user_2337@mail.com,36,37008
2338,user_2338,user_2338@mail.com,37,37011
2339,user_2339,user_2339@mail.com,38,37014
2340,user_2340,user_2340@mail.com,39,37017
2341,user_2341,user_2341@mail.com,40,37020
2342,user_2342,user_2342@mail.com,41,37023
2343,user_2343,user_2343@mail.com,42,37026
2344,user_2344,user_2344@mail.com,43,37029
2345,user_2345,user_2345@mail.com,44,37032
2346,user_2346,user_2346@mail.com,45,37035
2347,user_2347,user_2347@mail.com,46,37038
2348,user_2348,user_2348@mail.com,47,37041
2349,user_2349,user_2349@mail.com,48,37044
2350,user_2350,user_2350@mail.com,49,37047
2351,user_2351,user_2351@mail.com,50,37050
2352,user_2352,user_2352@mail.com,51,37053
2353,user_2353,user_2353@mail.com,52,37056
2354,user_2354,user_2354@mail.com,53,37059
2355,user_2355,user_2355@mail.com,54,37062
2356,user_2356,user_2356@mail.com,55,37065
2357,user_2357,user_2357@mail.com,56,37068
2358,user_2358,user_2358@mail.com,57,37071
2359,user_2359,user_2359@mail.com,58,37074
2360,user_2360,user_2360@mail.com,59,37077
2361,user_2361,user_2361@mail.com,20,37080
2362,user_2362,user_2362@mail.com,21,37083
2363,user_2363,user_2363@mail.com,22,37086
2364,user_2364,user_2364@mail.com,23,37089
2365,user_2365,user_2365@mail.com,24,37092
2366,user_2366,user_2366@mail.com,25,37095
2367,user_2367,user_2367@mail.com,26,37098
2368,user_2368,user_2368@mail.com,27,37101
2369,user_2369,user_2369@mail.com,28,37104
2370,user_2370,user_2370@mail.com,29,37107
2371,user_2371,user_2371@mail.com,30,37110
2372,user_2372,user_2372@mail.com,31,37113
2373,user_2373,user_2373@mail.com,32,37116
2374,user_2374,user_2374@mail.com,33,37119
2375,user_2375,user_2375@mail.com,34,37122
2376,user_2376,user_2376@mail.com,35,37125
2377,user_2377,user_2377@mail.com,36,37128
2378,user_2378,user_2378@mail.com,37,37131
2379,user_2379,user_2379@mail.com,38,37134
2380,user_2380,user_2380@mail.com,39,37137
2381,user_2381,user_2381@mail.com,40,37140
2382,user_2382,user_2382@mail.com,41,37143
2383,user_2383,user_2383@mail.com,42,37146
2384,user_2384,user_2384@mail.com,43,37149
2385,user_2385,user_2385@mail.com,44,37152
2386,user_2386,user_2386@mail.com,45,37155
2387,user_2387,user_2387@mail.com,46,37158
2388,user_2388,user_2388@mail.com,47,37161
2389,user_2389,user_2389@mail.com,48,37164
2390,user_2390,user_2390@mail.com,49,37167
2391,user_2391,user_2391@mail.com,50,37170
2392,user_2392,user_2392@mail.com,51,37173
2393,user_2393,user_2393@mail.com,52,37176
2394,user_2394,user_2394@mail.com,53,37179
2395,user_2395,user_2395@mail.com,54,37182
2396,user_2396,user_2396@mail.com,55,37185
2397,user_2397,user_2397@mail.com,56,37188
2398,user_2398,user_2398@mail.com,57,37191
2399,user_2399,user_2399@mail.com,58,37194
2400,user_2400,user_2400@mail.com,59,37197
2401,user_2401,user_2401@mail.com,20,37200
2402,user_2402,user_2402@mail.com,21,37203
2403,user_2403,user_2403@mail.com,22,37206
2404,user_2404,user_2404@mail.com,23,37209
2405,user_2405,user_2405@mail.com,24,37212
2406,user_2406,user_2406@mail.com,25,37215
2407,user_2407,user_2407@mail.com,26,37218
2408,user_2408,user_2408@mail.com,27,37221
2409,user_2409,user_2409@mail.com,28,37224
2410,user_2410,user_2410@mail.com,29,37227
2411,user_2411,user_2411@mail.com,30,37230
2412,user_2412,user_2412@mail.com,31,37233
2413,user_2413,user_2413@mail.com,32,37236
2414,user_2414,user_2414@mail.com,33,37239
2415,user_2415,user_2415@mail.com,34,37242
2416,user_2416,user_2416@mail.com,35,37245
2417,user_2417,user_2417@mail.com,36,37248
2418,user_2418,user_2418@mail.com,37,37251
2419,user_2419,user_2419@mail.com,38,37254
2420,user_2420,user_2420@mail.com,39,37257
2421,user_2421,user_2421@mail.com,40,37260
2422,user_2422,user_2422@mail.com,41,37263
2423,user_2423,user_2423@mail.com,42,37266
2424,user_2424,user_2424@mail.com,43,37269
2425,user_2425,user_2425@mail.com,44,37272
2426,user_2426,user_2426@mail.com,45,37275
2427,user_2427,user_2427@mail.com,46,37278
2428,user_2428,user_2428@mail.com,47,37281
2429,user_2429,user_2429@mail.com,48,37284
2430,user_2430,user_2430@mail.com,49,37287
2431,user_2431,user_2431@mail.com,50,37290
2432,user_2432,user_2432@mail.com,51,37293
2433,user_2433,user_2433@mail.com,52,37296
2434,user_2434,user_2434@mail.com,53,37299
2435,user_2435,user_2435@mail.com,54,37302
2436,user_2436,user_2436@mail.com,55,37305
2437,user_2437,user_2437@mail.com,56,37308
2438,user_2438,user_2438@mail.com,57,37311
2439,user_2439,user_2439@mail.com,58,37314
2440,user_2440,user_2440@mail.com,59,37317
2441,user_2441,user_2441@mail.com,20,37320
2442,user_2442,user_2442@mail.com,21,37323
2443,user_2443,user_2443@mail.com,22,37326
2444,user_2444,user_2444@mail.com,23,37329
2445,user_2445,user_2445@mail.com,24,37332
2446,user_2446,user_2446@mail.com,25,37335
2447,user_2447,user_2447@mail.com,26,37338
2448,user_2448,user_2448@mail.com,27,37341
2449,user_2449,user_2449@mail.com,28,37344
2450,user_2450,user_2450@mail.com,29,37347
2451,user_2451,user_2451@mail.com,30,37350
2452,user_2452,user_2452@mail.com,31,37353
2453,user_2453,user_2453@mail.com,32,37356
2454,user_2454,user_2454@mail.com,33,37359
2455,user_2455,user_2455@mail.com,34,37362
2456,user_2456,user_2456@mail.com,35,37365
2457,user_2457,user_2457@mail.com,36,37368
2458,user_2458,user_2458@mail.com,37,37371
2459,user_2459,user_2459@mail.com,38,37374
2460,user_2460,user_2460@mail.com,39,37377
2461,user_2461,user_2461@mail.com,40,37380
2462,user_2462,user_2462@mail.com,41,37383
2463,user_2463,user_2463@mail.com,42,37386
2464,user_2464,user_2464@mail.com,43,37389
2465,user_2465,user_2465@mail.com,44,37392
2466,user_2466,user_2466@mail.com,45,37395
2467,user_2467,user_2467@mail.com,46,37398
2468,user_2468,user_2468@mail.com,47,37401
2469,user_2469,user_2469@mail.com,48,37404
2470,user_2470,user_2470@mail.com,49,37407
2471,user_2471,user_2471@mail.com,50,37410
2472,user_2472,user_2472@mail.com,51,37413
2473,user_2473,user_2473@mail.com,52,37416
2474,user_2474,user_2474@mail.com,53,37419
2475,user_2475,user_2475@mail.com,54,37422
2476,user_2476,user_2476@mail.com,55,37425
2477,user_2477,user_2477@mail.com,56,37428
2478,user_2478,user_2478@mail.com,57,37431
2479,user_2479,user_2479@mail.com,58,37434
2480,user_2480,user_2480@mail.com,59,37437
2481,user_2481,user_2481@mail.com,20,37440
2482,user_2482,user_2482@mail.com,21,37443
2483,user_2483,user_2483@mail.com,22,37446
2484,user_2484,user_2484@mail.com,23,37449
2485,user_2485,user_2485@mail.com,24,37452
2486,user_2486,user_2486@mail.com,25,37455
2487,user_2487,user_2487@mail.com,26,37458
2488,user_2488,user_2488@mail.com,27,37461
2489,user_2489,user_2489@mail.com,28,37464
2490,user_2490,user_2490@mail.com,29,37467
2491,user_2491,user_2491@mail.com,30,37470
2492,user_2492,user_2492@mail.com,31,37473
2493,user_2493,user_2493@mail.com,32,37476
2494,user_2494,user_2494@mail.com,33,37479
2495,user_2495,user_2495@mail.com,34,37482
2496,user_2496,user_2496@mail.com,35,37485
2497,user_2497,user_2497@mail.com,36,37488
2498,user_2498,user_2498@mail.com,37,37491
2499,user_2499,user_2499@mail.com,38,37494
2500,user_2500,user_2500@mail.com,39,37497
2501,user_2501,user_2501@mail.com,40,37500
2502,user_2502,user_2502@mail.com,41,37503
2503,user_2503,user_2503@mail.com,42,37506
2504,user_2504,user_2504@mail.com,43,37509
2505,user_2505,user_2505@mail.com,44,37512
2506,user_2506,user_2506@mail.com,45,37515
2507,user_2507,user_2507@mail.com,46,37518
2508,user_2508,user_2508@mail.com,47,37521
2509,user_2509,user_2509@mail.com,48,37524
2510,user_2510,user_2510@mail.com,49,37527
2511,user_2511,user_2511@mail.com,50,37530
2512,user_2512,user_2512@mail.com,51,37533
2513,user_2513,user_2513@mail.com,52,37536
2514,user_2514,user_2514@mail.com,53,37539
2515,user_2515,user_2515@mail.com,54,37542
2516,user_2516,user_2516@mail.com,55,37545
2517,user_2517,user_2517@mail.com,56,37548
2518,user_2518,user_2518@mail.com,57,37551
2519,user_2519,user_2519@mail.com,58,37554
2520,user_2520,user_2520@mail.com,59,37557
2521,user_2521,user_2521@mail.com,20,37560
2522,user_2522,user_2522@mail.com,21,37563
2523,user_2523,user_2523@mail.com,22,37566
2524,user_2524,user_2524@mail.com,23,37569
2525,user_2525,user_2525@mail.com,24,37572
2526,user_2526,user_2526@mail.com,25,37575
2527,user_2527,user_2527@mail.com,26,37578
2528,user_2528,user_2528@mail.com,27,37581
2529,user_2529,user_2529@mail.com,28,37584
2530,user_2530,user_2530@mail.com,29,37587
2531,user_2531,user_2531@mail.com,30,37590
2532,user_2532,user_2532@mail.com,31,37593
2533,user_2533,user_2533@mail.com,32,37596
2534,user_2534,user_2534@mail.com,33,37599
2535,user_2535,user_2535@mail.com,34,37602
2536,user_2536,user_2536@mail.com,35,37605
2537,user_2537,user_2537@mail.com,36,37608
2538,user_2538,user_2538@mail.com,37,37611
2539,user_2539,user_2539@mail.com,38,37614
2540,user_2540,user_2540@mail.com,39,37617
2541,user_2541,user_2541@mail.com,40,37620
2542,user_2542,user_2542@mail.com,41,37623
2543,user_2543,user_2543@mail.com,42,37626
2544,user_2544,user_2544@mail.com,43,37629
2545,user_2545,user_2545@mail.com,44,37632
2546,user_2546,user_2546@mail.com,45,37635
2547,user_2547,user_2547@mail.com,46,37638
2548,user_2548,user_2548@mail.com,47,37641
2549,user_2549,user_2549@mail.com,48,37644
2550,user_2550,user_2550@mail.com,49,37647
2551,user_2551,user_2551@mail.com,50,37650
2552,user_2552,user_2552@mail.com,51,37653
2553,user_2553,user_2553@mail.com,52,37656
2554,user_2554,user_2554@mail.com,53,37659
2555,user_2555,user_2555@mail.com,54,37662
2556,user_2556,user_2556@mail.com,55,37665
2557,user_2557,user_2557@mail.com,56,37668
2558,user_2558,user_2558@mail.com,57,37671
2559,user_2559,user_2559@mail.com,58,37674
2560,user_2560,user_2560@mail.com,59,37677
2561,user_2561,user_2561@mail.com,20,37680
2562,user_2562,user_2562@mail.com,21,37683
2563,user_2563,user_2563@mail.com,22,37686
2564,user_2564,user_2564@mail.com,23,37689
2565,user_2565,user_2565@mail.com,24,37692
2566,user_2566,user_2566@mail.com,25,37695
2567,user_2567,user_2567@mail.com,26,37698
2568,user_2568,user_2568@mail.com,27,37701
2569,user_2569,user_2569@mail.com,28,37704
2570,user_2570,user_2570@mail.com,29,37707
2571,user_2571,user_2571@mail.com,30,37710
2572,user_2572,user_2572@mail.com,31,37713
2573,user_2573,user_2573@mail.com,32,37716
2574,user_2574,user_2574@mail.com,33,37719
2575,user_2575,user_2575@mail.com,34,37722
2576,user_2576,user_2576@mail.com,35,37725
2577,user_2577,user_2577@mail.com,36,37728
2578,user_2578,user_2578@mail.com,37,37731
2579,user_2579,user_2579@mail.com,38,37734
2580,user_2580,user_2580@mail.com,39,37737
2581,user_2581,user_2581@mail.com,40,37740
2582,user_2582,user_2582@mail.com,41,37743
2583,user_2583,user_2583@mail.com,42,37746
2584,user_2584,user_2584@mail.com,43,37749
2585,user_2585,user_2585@mail.com,44,37752
2586,user_2586,user_2586@mail.com,45,37755
2587,user_2587,user_2587@mail.com,46,37758
2588,user_2588,user_2588@mail.com,47,37761
2589,user_2589,user_2589@mail.com,48,37764
2590,user_2590,user_2590@mail.com,49,37767
2591,user_2591,user_2591@mail.com,50,37770
2592,user_2592,user_2592@mail.com,51,37773
2593,user_2593,user_2593@mail.com,52,37776
2594,user_2594,user_2594@mail.com,53,37779
2595,user_2595,user_2595@mail.com,54,37782
2596,user_2596,user_2596@mail.com,55,37785
2597,user_2597,user_2597@mail.com,56,37788
2598,user_2598,user_2598@mail.com,57,37791
2599,user_2599,user_2599@mail.com,58,37794
2600,user_2600,user_2600@mail.com,59,37797
2601,user_2601,user_2601@mail.com,20,37800
2602,user_2602,user_2602@mail.com,21,37803
2603,user_2603,user_2603@mail.com,22,37806
2604,user_2604,user_2604@mail.com,23,37809
2605,user_2605,user_2605@mail.com,24,37812
2606,user_2606,user_2606@mail.com,25,37815
2607,user_2607,user_2607@mail.com,26,37818
2608,user_2608,user_2608@mail.com,27,37821
2609,user_2609,user_2609@mail.com,28,37824
2610,user_2610,user_2610@mail.com,29,37827
2611,user_2611,user_2611@mail.com,30,37830
2612,user_2612,user_2612@mail.com,31,37833
2613,user_2613,user_2613@mail.com,32,37836
2614,user_2614,user_2614@mail.com,33,37839
2615,user_2615,user_2615@mail.com,34,37842
2616,user_2616,user_2616@mail.com,35,37845
2617,user_2617,user_2617@mail.com,36,37848
2618,user_2618,user_2618@mail.com,37,37851
2619,user_2619,user_2619@mail.com,38,37854
2620,user_2620,user_2620@mail.com,39,37857
2621,user_2621,user_2621@mail.com,40,37860
2622,user_2622,user_2622@mail.com,41,37863
2623,user_2623,user_2623@mail.com,42,37866
2624,user_2624,user_2624@mail.com,43,37869
2625,user_2625,user_2625@mail.com,44,37872
2626,user_2626,user_2626@mail.com,45,37875
2627,user_2627,user_2627@mail.com,46,37878
2628,user_2628,user_2628@mail.com,47,37881
2629,user_2629,user_2629@mail.com,48,37884
2630,user_2630,user_2630@mail.com,49,37887
2631,user_2631,user_2631@mail.com,50,37890
2632,user_2632,user_2632@mail.com,51,37893
2633,user_2633,user_2633@mail.com,52,37896
2634,user_2634,user_2634@mail.com,53,37899
2635,user_2635,user_2635@mail.com,54,37902
2636,user_2636,user_2636@mail.com,55,37905
2637,user_2637,user_2637@mail.com,56,37908
2638,user_2638,user_2638@mail.com,57,37911
2639,user_2639,user_2639@mail.com,58,37914
2640,user_2640,user_2640@mail.com,59,37917
2641,user_2641,user_2641@mail.com,20,37920
2642,user_2642,user_2642@mail.com,21,37923
2643,user_2643,user_2643@mail.com,22,37926
2644,user_2644,user_2644@mail.com,23,37929
2645,user_2645,user_2645@mail.com,24,37932
2646,user_2646,user_2646@mail.com,25,37935
2647,user_2647,user_2647@mail.com,26,37938
2648,user_2648,user_2648@mail.com,27,37941
2649,user_2649,user_2649@mail.com,28,37944
2650,user_2650,user_2650@mail.com,29,37947
2651,user_2651,user_2651@mail.com,30,37950
2652,user_2652,user_2652@mail.com,31,37953
2653,user_2653,user_2653@mail.com,32,37956
2654,user_2654,user_2654@mail.com,33,37959
2655,user_2655,user_2655@mail.com,34,37962
2656,user_2656,user_2656@mail.com,35,37965
2657,user_2657,user_2657@mail.com,36,37968
2658,user_2658,user_2658@mail.com,37,37971
2659,user_2659,user_2659@mail.com,38,37974
2660,user_2660,user_2660@mail.com,39,37977
2661,user_2661,user_2661@mail.com,40,37980
2662,user_2662,user_2662@mail.com,41,37983
2663,user_2663,user_2663@mail.com,42,37986
2664,user_2664,user_2664@mail.com,43,37989
2665,user_2665,user_2665@mail.com,44,37992
2666,user_2666,user_2666@mail.com,45,37995
2667,user_2667,user_2667@mail.com,46,37998
2668,user_2668,user_2668@mail.com,47,38001
2669,user_2669,user_2669@mail.com,48,38004
2670,user_2670,user_2670@mail.com,49,38007
2671,user_2671,user_2671@mail.com,50,38010
2672,user_2672,user_2672@mail.com,51,38013
2673,user_2673,user_2673@mail.com,52,38016
2674,user_2674,user_2674@mail.com,53,38019
2675,user_2675,user_2675@mail.com,54,38022
2676,user_2676,user_2676@mail.com,55,38025
2677,user_2677,user_2677@mail.com,56,38028
2678,user_2678,user_2678@mail.com,57,38031
2679,user_2679,user_2679@mail.com,58,38034
2680,user_2680,user_2680@mail.com,59,38037
2681,user_2681,user_2681@mail.com,20,38040
2682,user_2682,user_2682@mail.com,21,38043
2683,user_2683,user_2683@mail.com,22,38046
2684,user_2684,user_2684@mail.com,23,38049
2685,user_2685,user_2685@mail.com,24,38052
2686,user_2686,user_2686@mail.com,25,38055
2687,user_2687,user_2687@mail.com,26,38058
2688,user_2688,user_2688@mail.com,27,38061
2689,user_2689,user_2689@mail.com,28,38064
2690,user_2690,user_2690@mail.com,29,38067
2691,user_2691,user_2691@mail.com,30,38070
2692,user_2692,user_2692@mail.com,31,38073
2693,user_2693,user_2693@mail.com,32,38076
2694,user_2694,user_2694@mail.com,33,38079
2695,user_2695,user_2695@mail.com,34,38082
2696,user_2696,user_2696@mail.com,35,38085
2697,user_2697,user_2697@mail.com,36,38088
2698,user_2698,user_2698@mail.com,37,38091
2699,user_2699,user_2699@mail.com,38,38094
2700,user_2700,user_2700@mail.com,39,38097
2701,user_2701,user_2701@mail.com,40,38100
2702,user_2702,user_2702@mail.com,41,38103
2703,user_2703,user_2703@mail.com,42,38106
2704,user_2704,user_2704@mail.com,43,38109
2705,user_2705,user_2705@mail.com,44,38112
2706,user_2706,user_2706@mail.com,45,38115
2707,user_2707,user_2707@mail.com,46,38118
2708,user_2708,user_2708@mail.com,47,38121
2709,user_2709,user_2709@mail.com,48,38124
2710,user_2710,user_2710@mail.com,49,38127
2711,user_2711,user_2711@mail.com,50,38130
2712,user_2712,user_2712@mail.com,51,38133
2713,user_2713,user_2713@mail.com,52,38136
2714,user_2714,user_2714@mail.com,53,38139
2715,user_2715,user_2715@mail.com,54,38142
2716,user_2716,user_2716@mail.com,55,38145
2717,user_2717,user_2717@mail.com,56,38148
2718,user_2718,user_2718@mail.com,57,38151
2719,user_2719,user_2719@mail.com,58,38154
2720,user_2720,user_2720@mail.com,59,38157
2721,user_2721,user_2721@mail.com,20,38160
2722,user_2722,user_2722@mail.com,21,38163
2723,user_2723,user_2723@mail.com,22,38166
2724,user_2724,user_2724@mail.com,23,38169
2725,user_2725,user_2725@mail.com,24,38172
2726,user_2726,user_2726@mail.com,25,38175
2727,user_2727,user_2727@mail.com,26,38178
2728,user_2728,user_2728@mail.com,27,38181
2729,user_2729,user_2729@mail.com,28,38184
2730,user_2730,user_2730@mail.com,29,38187
2731,user_2731,user_2731@mail.com,30,38190
2732,user_2732,user_2732@mail.com,31,38193
2733,user_2733,user_2733@mail.com,32,38196
2734,user_2734,user_2734@mail.com,33,38199
2735,user_2735,user_2735@mail.com,34,38202
2736,user_2736,user_2736@mail.com,35,38205
2737,user_2737,user_2737@mail.com,36,38208
2738,user_2738,user_2738@mail.com,37,38211
2739,user_2739,user_2739@mail.com,38,38214
2740,user_2740,user_2740@mail.com,39,38217
2741,user_2741,user_2741@mail.com,40,38220
2742,user_2742,user_2742@mail.com,41,38223
2743,user_2743,user_2743@mail.com,42,38226
2744,user_2744,user_2744@mail.com,43,38229
2745,user_2745,user_2745@mail.com,44,38232
2746,user_2746,user_2746@mail.com,45,38235
2747,user_2747,user_2747@mail.com,46,38238
2748,user_2748,user_2748@mail.com,47,38241
2749,user_2749,user_2749@mail.com,48,38244
2750,user_2750,user_2750@mail.com,49,38247
2751,user_2751,user_2751@mail.com,50,38250
2752,user_2752,user_2752@mail.com,51,38253
2753,user_2753,user_2753@mail.com,52,38256
2754,user_2754,user_2754@mail.com,53,38259
2755,user_2755,user_2755@mail.com,54,38262
2756,user_2756,user_2756@mail.com,55,38265
2757,user_2757,user_2757@mail.com,56,38268
2758,user_2758,user_2758@mail.com,57,38271
2759,user_2759,user_2759@mail.com,58,38274
2760,user_2760,user_2760@mail.com,59,38277
2761,user_2761,user_2761@mail.com,20,38280
2762,user_2762,user_2762@mail.com,21,38283
2763,user_2763,user_2763@mail.com,22,38286
2764,user_2764,user_2764@mail.com,23,38289
2765,user_2765,user_2765@mail.com,24,38292
2766,user_2766,user_2766@mail.com,25,38295
2767,user_2767,user_2767@mail.com,26,38298
2768,user_2768,user_2768@mail.com,27,38301
2769,user_2769,user_2769@mail.com,28,38304
2770,user_2770,user_2770@mail.com,29,38307
2771,user_2771,user_2771@mail.com,30,38310
2772,user_2772,user_2772@mail.com,31,38313
2773,user_2773,user_2773@mail.com,32,38316
2774,user_2774,user_2774@mail.com,33,38319
2775,user_2775,user_2775@mail.com,34,38322
2776,user_2776,user_2776@mail.com,35,38325
2777,user_2777,user_2777@mail.com,36,38328
2778,user_2778,user_2778@mail.com,37,38331
2779,user_2779,user_2779@mail.com,38,38334
2780,user_2780,user_2780@mail.com,39,38337
2781,user_2781,user_2781@mail.com,40,38340
2782,user_2782,user_2782@mail.com,41,38343
2783,user_2783,user_2783@mail.com,42,38346
2784,user_2784,user_2784@mail.com,43,38349
2785,user_2785,user_2785@mail.com,44,38352
2786,user_2786,user_2786@mail.com,45,38355
2787,user_2787,user_2787@mail.com,46,38358
2788,user_2788,user_2788@mail.com,47,38361
2789,user_2789,user_2789@mail.com,48,38364
2790,user_2790,user_2790@mail.com,49,38367
2791,user_2791,user_2791@mail.com,50,38370
2792,user_2792,user_2792@mail.com,51,38373
2793,user_2793,user_2793@mail.com,52,38376
2794,user_2794,user_2794@mail.com,53,38379
2795,user_2795,user_2795@mail.com,54,38382
2796,user_2796,user_2796@mail.com,55,38385
2797,user_2797,user_2797@mail.com,56,38388
2798,user_2798,user_2798@mail.com,57,38391
2799,user_2799,user_2799@mail.com,58,38394
2800,user_2800,user_2800@mail.com,59,38397
2801,user_2801,user_2801@mail.com,20,38400
2802,user_2802,user_2802@mail.com,21,38403
2803,user_2803,user_2803@mail.com,22,38406
2804,user_2804,user_2804@mail.com,23,38409
2805,user_2805,user_2805@mail.com,24,38412
2806,user_2806,user_2806@mail.com,25,38415
2807,user_2807,user_2807@mail.com,26,38418
2808,user_2808,user_2808@mail.com,27,38421
2809,user_2809,user_2809@mail.com,28,38424
2810,user_2810,user_2810@mail.com,29,38427
2811,user_2811,user_2811@mail.com,30,38430
2812,user_2812,user_2812@mail.com,31,38433
2813,user_2813,user_2813@mail.com,32,38436
2814,user_2814,user_2814@mail.com,33,38439
2815,user_2815,user_2815@mail.com,34,38442
2816,user_2816,user_2816@mail.com,35,38445
2817,user_2817,user_2817@mail.com,36,38448
2818,user_2818,user_2818@mail.com,37,38451
2819,user_2819,user_2819@mail.com,38,38454
2820,user_2820,user_2820@mail.com,39,38457
2821,user_2821,user_2821@mail.com,40,38460
2822,user_2822,user_2822@mail.com,41,38463
2823,user_2823,user_2823@mail.com,42,38466
2824,user_2824,user_2824@mail.com,43,38469
2825,user_2825,user_2825@mail.com,44,38472
2826,user_2826,user_2826@mail.com,45,38475
2827,user_2827,user_2827@mail.com,46,38478
2828,user_2828,user_2828@mail.com,47,38481
2829,user_2829,user_2829@mail.com,48,38484
2830,user_2830,user_2830@mail.com,49,38487
2831,user_2831,user_2831@mail.com,50,38490
2832,user_2832,user_2832@mail.com,51,38493
2833,user_2833,user_2833@mail.com,52,38496
2834,user_2834,user_2834@mail.com,53,38499
2835,user_2835,user_2835@mail.com,54,38502
2836,user_2836,user_2836@mail.com,55,38505
2837,user_2837,user_2837@mail.com,56,38508
2838,user_2838,user_2838@mail.com,57,38511
2839,user_2839,user_2839@mail.com,58,38514
2840,user_2840,user_2840@mail.com,59,38517
2841,user_2841,user_2841@mail.com,20,38520
2842,user_2842,user_2842@mail.com,21,38523
2843,user_2843,user_2843@mail.com,22,38526
2844,user_2844,user_2844@mail.com,23,38529
2845,user_2845,user_2845@mail.com,24,38532
2846,user_2846,user_2846@mail.com,25,38535
2847,user_2847,user_2847@mail.com,26,38538
2848,user_2848,user_2848@mail.com,27,38541
2849,user_2849,user_2849@mail.com,28,38544
2850,user_2850,user_2850@mail.com,29,38547
2851,user_2851,user_2851@mail.com,30,38550
2852,user_2852,user_2852@mail.com,31,38553
2853,user_2853,user_2853@mail.com,32,38556
2854,user_2854,user_2854@mail.com,33,38559
2855,user_2855,user_2855@mail.com,34,38562
2856,user_2856,user_2856@mail.com,35,38565
2857,user_2857,user_2857@mail.com,36,38568
2858,user_2858,user_2858@mail.com,37,38571
2859,user_2859,user_2859@mail.com,38,38574
2860,user_2860,user_2860@mail.com,39,38577
2861,user_2861,user_2861@mail.com,40,38580
2862,user_2862,user_2862@mail.com,41,38583
2863,user_2863,user_2863@mail.com,42,38586
2864,user_2864,user_2864@mail.com,43,38589
2865,user_2865,user_2865@mail.com,44,38592
2866,user_2866,user_2866@mail.com,45,38595
2867,user_2867,user_2867@mail.com,46,38598
2868,user_2868,user_2868@mail.com,47,38601
2869,user_2869,user_2869@mail.com,48,38604
2870,user_2870,user_2870@mail.com,49,38607
2871,user_2871,user_2871@mail.com,50,38610
2872,user_2872,user_2872@mail.com,51,38613
2873,user_2873,user_2873@mail.com,52,38616
2874,user_2874,user_2874@mail.com,53,38619
2875,user_2875,user_2875@mail.com,54,38622
2876,user_2876,user_2876@mail.com,55,38625
2877,user_2877,user_2877@mail.com,56,38628
2878,user_2878,user_2878@mail.com,57,38631
2879,user_2879,user_2879@mail.com,58,38634
2880,user_2880,user_2880@mail.com,59,38637
2881,user_2881,user_2881@mail.com,20,38640
2882,user_2882,user_2882@mail.com,21,38643
2883,user_2883,user_2883@mail.com,22,38646
2884,user_2884,user_2884@mail.com,23,38649
2885,user_2885,user_2885@mail.com,24,38652
2886,user_2886,user_2886@mail.com,25,38655
2887,user_2887,user_2887@mail.com,26,38658
2888,user_2888,user_2888@mail.com,27,38661
2889,user_2889,user_2889@mail.com,28,38664
2890,user_2890,user_2890@mail.com,29,38667
2891,user_2891,user_2891@mail.com,30,38670
2892,user_2892,user_2892@mail.com,31,38673
2893,user_2893,user_2893@mail.com,32,38676
2894,user_2894,user_2894@mail.com,33,38679
2895,user_2895,user_2895@mail.com,34,38682
2896,user_2896,user_2896@mail.com,35,38685
2897,user_2897,user_2897@mail.com,36,38688
2898,user_2898,user_2898@mail.com,37,38691
2899,user_2899,user_2899@mail.com,38,38694
2900,user_2900,user_2900@mail.com,39,38697
2901,user_2901,user_2901@mail.com,40,38700
2902,user_2902,user_2902@mail.com,41,38703
2903,user_2903,user_2903@mail.com,42,38706
2904,user_2904,user_2904@mail.com,43,38709
2905,user_2905,user_2905@mail.com,44,38712
2906,user_2906,user_2906@mail.com,45,38715
2907,user_2907,user_2907@mail.com,46,38718
2908,user_2908,user_2908@mail.com,47,38721
2909,user_2909,user_2909@mail.com,48,38724
2910,user_2910,user_2910@mail.com,49,38727
2911,user_2911,user_2911@mail.com,50,38730
2912,user_2912,user_2912@mail.com,51,38733
2913,user_2913,user_2913@mail.com,52,38736
2914,user_2914,user_2914@mail.com,53,38739
2915,user_2915,user_2915@mail.com,54,38742
2916,user_2916,user_2916@mail.com,55,38745
2917,user_2917,user_2917@mail.com,56,38748
2918,user_2918,user_2918@mail.com,57,38751
2919,user_2919,user_2919@mail.com,58,38754
2920,user_2920,user_2920@mail.com,59,38757
2921,user_2921,user_2921@mail.com,20,38760
2922,user_2922,user_2922@mail.com,21,38763
2923,user_2923,user_2923@mail.com,22,38766
2924,user_2924,user_2924@mail.com,23,38769
2925,user_2925,user_2925@mail.com,24,38772
2926,user_2926,user_2926@mail.com,25,38775
2927,user_2927,user_2927@mail.com,26,38778
2928,user_2928,user_2928@mail.com,27,38781
2929,user_2929,user_2929@mail.com,28,38784
2930,user_2930,user_2930@mail.com,29,38787
2931,user_2931,user_2931@mail.com,30,38790
2932,user_2932,user_2932@mail.com,31,38793
2933,user_2933,user_2933@mail.com,32,38796
2934,user_2934,user_2934@mail.com,33,38799
2935,user_2935,user_2935@mail.com,34,38802
2936,user_2936,user_2936@mail.com,35,38805
2937,user_2937,user_2937@mail.com,36,38808
2938,user_2938,user_2938@mail.com,37,38811
2939,user_2939,user_2939@mail.com,38,38814
2940,user_2940,user_2940@mail.com,39,38817
2941,user_2941,user_2941@mail.com,40,38820
2942,user_2942,user_2942@mail.com,41,38823
2943,user_2943,user_2943@mail.com,42,38826
2944,user_2944,user_2944@mail.com,43,38829
2945,user_2945,user_2945@mail.com,44,38832
2946,user_2946,user_2946@mail.com,45,38835
2947,user_2947,user_2947@mail.com,46,38838
2948,user_2948,user_2948@mail.com,47,38841
2949,user_2949,user_2949@mail.com,48,38844
2950,user_2950,user_2950@mail.com,49,38847
2951,user_2951,user_2951@mail.com,50,38850
2952,user_2952,user_2952@mail.com,51,38853
2953,user_2953,user_2953@mail.com,52,38856
2954,user_2954,user_2954@mail.com,53,38859
2955,user_2955,user_2955@mail.com,54,38862
2956,user_2956,user_2956@mail.com,55,38865
2957,user_2957,user_2957@mail.com,56,38868
2958,user_2958,user_2958@mail.com,57,38871
2959,user_2959,user_2959@mail.com,58,38874
2960,user_2960,user_2960@mail.com,59,38877
2961,user_2961,user_2961@mail.com,20,38880
2962,user_2962,user_2962@mail.com,21,38883
2963,user_2963,user_2963@mail.com,22,38886
2964,user_2964,user_2964@mail.com,23,38889
2965,user_2965,user_2965@mail.com,24,38892
2966,user_2966,user_2966@mail.com,25,38895
2967,user_2967,user_2967@mail.com,26,38898
2968,user_2968,user_2968@mail.com,27,38901
2969,user_2969,user_2969@mail.com,28,38904
2970,user_2970,user_2970@mail.com,29,38907
2971,user_2971,user_2971@mail.com,30,38910
2972,user_2972,user_2972@mail.com,31,38913
2973,user_2973,user_2973@mail.com,32,38916
2974,user_2974,user_2974@mail.com,33,38919
2975,user_2975,user_2975@mail.com,34,38922
2976,user_2976,user_2976@mail.com,35,38925
2977,user_2977,user_2977@mail.com,36,38928
2978,user_2978,user_2978@mail.com,37,38931
2979,user_2979,user_2979@mail.com,38,38934
2980,user_2980,user_2980@mail.com,39,38937
2981,user_2981,user_2981@mail.com,40,38940
2982,user_2982,user_2982@mail.com,41,38943
2983,user_2983,user_2983@mail.com,42,38946
2984,user_2984,user_2984@mail.com,43,38949
2985,user_2985,user_2985@mail.com,44,38952
2986,user_2986,user_2986@mail.com,45,38955
2987,user_2987,user_2987@mail.com,46,38958
2988,user_2988,user_2988@mail.com,47,38961
2989,user_2989,user_2989@mail.com,48,38964
2990,user_2990,user_2990@mail.com,49,38967
2991,user_2991,user_2991@mail.com,50,38970
2992,user_2992,user_2992@mail.com,51,38973
2993,user_2993,user_2993@mail.com,52,38976
2994,user_2994,user_2994@mail.com,53,38979
2995,user_2995,user_2995@mail.com,54,38982
2996,user_2996,user_2996@mail.com,55,38985
2997,user_2997,user_2997@mail.com,56,38988
2998,user_2998,user_2998@mail.com,57,38991
2999,user_2999,user_2999@mail.com,58,38994
3000,user_3000,user_3000@mail.com,59,38997
3001,user_3001,user_3001@mail.com,20,39000
3002,user_3002,user_3002@mail.com,21,39003
3003,user_3003,user_3003@mail.com,22,39006
3004,user_3004,user_3004@mail.com,23,39009
3005,user_3005,user_3005@mail.com,24,39012
3006,user_3006,user_3006@mail.com,25,39015
3007,user_3007,user_3007@mail.com,26,39018
3008,user_3008,user_3008@mail.com,27,39021
3009,user_3009,user_3009@mail.com,28,39024
3010,user_3010,user_3010@mail.com,29,39027
3011,user_3011,user_3011@mail.com,30,39030
3012,user_3012,user_3012@mail.com,31,39033
3013,user_3013,user_3013@mail.com,32,39036
3014,user_3014,user_3014@mail.com,33,39039
3015,user_3015,user_3015@mail.com,34,39042
3016,user_3016,user_3016@mail.com,35,39045
3017,user_3017,user_3017@mail.com,36,39048
3018,user_3018,user_3018@mail.com,37,39051
3019,user_3019,user_3019@mail.com,38,39054
3020,user_3020,user_3020@mail.com,39,39057
3021,user_3021,user_3021@mail.com,40,39060
3022,user_3022,user_3022@mail.com,41,39063
3023,user_3023,user_3023@mail.com,42,39066
3024,user_3024,user_3024@mail.com,43,39069
3025,user_3025,user_3025@mail.com,44,39072
3026,user_3026,user_3026@mail.com,45,39075
3027,user_3027,user_3027@mail.com,46,39078
3028,user_3028,user_3028@mail.com,47,39081
3029,user_3029,user_3029@mail.com,48,39084
3030,user_3030,user_3030@mail.com,49,39087
3031,user_3031,user_3031@mail.com,50,39090
3032,user_3032,user_3032@mail.com,51,39093
3033,user_3033,user_3033@mail.com,52,39096
3034,user_3034,user_3034@mail.com,53,39099
3035,user_3035,user_3035@mail.com,54,39102
3036,user_3036,user_3036@mail.com,55,39105
3037,user_3037,user_3037@mail.com,56,39108
3038,user_3038,user_3038@mail.com,57,39111
3039,user_3039,user_3039@mail.com,58,39114
3040,user_3040,user_3040@mail.com,59,39117
3041,user_3041,user_3041@mail.com,20,39120
3042,user_3042,user_3042@mail.com,21,39123
3043,user_3043,user_3043@mail.com,22,39126
3044,user_3044,user_3044@mail.com,23,39129
3045,user_3045,user_3045@mail.com,24,39132
3046,user_3046,user_3046@mail.com,25,39135
3047,user_3047,user_3047@mail.com,26,39138
3048,user_3048,user_3048@mail.com,27,39141
3049,user_3049,user_3049@mail.com,28,39144
3050,user_3050,user_3050@mail.com,29,39147
3051,user_3051,user_3051@mail.com,30,39150
3052,user_3052,user_3052@mail.com,31,39153
3053,user_3053,user_3053@mail.com,32,39156
3054,user_3054,user_3054@mail.com,33,39159
3055,user_3055,user_3055@mail.com,34,39162
3056,user_3056,user_3056@mail.com,35,39165
3057,user_3057,user_3057@mail.com,36,39168
3058,user_3058,user_3058@mail.com,37,39171
3059,user_3059,user_3059@mail.com,38,39174
3060,user_3060,user_3060@mail.com,39,39177
3061,user_3061,user_3061@mail.com,40,39180
3062,user_3062,user_3062@mail.com,41,39183
3063,user_3063,user_3063@mail.com,42,39186
3064,user_3064,user_3064@mail.com,43,39189
3065,user_3065,user_3065@mail.com,44,39192
3066,user_3066,user_3066@mail.com,45,39195
3067,user_3067,user_3067@mail.com,46,39198
3068,user_3068,user_3068@mail.com,47,39201
3069,user_3069,user_3069@mail.com,48,39204
3070,user_3070,user_3070@mail.com,49,39207
3071,user_3071,user_3071@mail.com,50,39210
3072,user_3072,user_3072@mail.com,51,39213
3073,user_3073,user_3073@mail.com,52,39216
3074,user_3074,user_3074@mail.com,53,39219
3075,user_3075,user_3075@mail.com,54,39222
3076,user_3076,user_3076@mail.com,55,39225
3077,user_3077,user_3077@mail.com,56,39228
3078,user_3078,user_3078@mail.com,57,39231
3079,user_3079,user_3079@mail.com,58,39234
3080,user_3080,user_3080@mail.com,59,39237
3081,user_3081,user_3081@mail.com,20,39240
3082,user_3082,user_3082@mail.com,21,39243
3083,user_3083,user_3083@mail.com,22,39246
3084,user_3084,user_3084@mail.com,23,39249
3085,user_3085,user_3085@mail.com,24,39252
3086,user_3086,user_3086@mail.com,25,39255
3087,user_3087,user_3087@mail.com,26,39258
3088,user_3088,user_3088@mail.com,27,39261
3089,user_3089,user_3089@mail.com,28,39264
3090,user_3090,user_3090@mail.com,29,39267
3091,user_3091,user_3091@mail.com,30,39270
3092,user_3092,user_3092@mail.com,31,39273
3093,user_3093,user_3093@mail.com,32,39276
3094,user_3094,user_3094@mail.com,33,39279
3095,user_3095,user_3095@mail.com,34,39282
3096,user_3096,user_3096@mail.com,35,39285
3097,user_3097,user_3097@mail.com,36,39288
3098,user_3098,user_3098@mail.com,37,39291
3099,user_3099,user_3099@mail.com,38,39294
3100,user_3100,user_3100@mail.com,39,39297
3101,user_3101,user_3101@mail.com,40,39300
3102,user_3102,user_3102@mail.com,41,39303
3103,user_3103,user_3103@mail.com,42,39306
3104,user_3104,user_3104@mail.com,43,39309
3105,user_3105,user_3105@mail.com,44,39312
3106,user_3106,user_3106@mail.com,45,39315
3107,user_3107,user_3107@mail.com,46,39318
3108,user_3108,user_3108@mail.com,47,39321
3109,user_3109,user_3109@mail.com,48,39324
3110,user_3110,user_3110@mail.com,49,39327
3111,user_3111,user_3111@mail.com,50,39330
3112,user_3112,user_3112@mail.com,51,39333
3113,user_3113,user_3113@mail.com,52,39336
3114,user_3114,user_3114@mail.com,53,39339
3115,user_3115,user_3115@mail.com,54,39342
3116,user_3116,user_3116@mail.com,55,39345
3117,user_3117,user_3117@mail.com,56,39348
3118,user_3118,user_3118@mail.com,57,39351
3119,user_3119,user_3119@mail.com,58,39354
3120,user_3120,user_3120@mail.com,59,39357
3121,user_3121,user_3121@mail.com,20,39360
3122,user_3122,user_3122@mail.com,21,39363
3123,user_3123,user_3123@mail.com,22,39366
3124,user_3124,user_3124@mail.com,23,39369
3125,user_3125,user_3125@mail.com,24,39372
3126,user_3126,user_3126@mail.com,25,39375
3127,user_3127,user_3127@mail.com,26,39378
3128,user_3128,user_3128@mail.com,27,39381
3129,user_3129,user_3129@mail.com,28,39384
3130,user_3130,user_3130@mail.com,29,39387
3131,user_3131,user_3131@mail.com,30,39390
3132,user_3132,user_3132@mail.com,31,39393
3133,user_3133,user_3133@mail.com,32,39396
3134,user_3134,user_3134@mail.com,33,39399
3135,user_3135,user_3135@mail.com,34,39402
3136,user_3136,user_3136@mail.com,35,39405
3137,user_3137,user_3137@mail.com,36,39408
3138,user_3138,user_3138@mail.com,37,39411
3139,user_3139,user_3139@mail.com,38,39414
3140,user_3140,user_3140@mail.com,39,39417
3141,user_3141,user_3141@mail.com,40,39420
3142,user_3142,user_3142@mail.com,41,39423
3143,user_3143,user_3143@mail.com,42,39426
3144,user_3144,user_3144@mail.com,43,39429
3145,user_3145,user_3145@mail.com,44,39432
3146,user_3146,user_3146@mail.com,45,39435
3147,user_3147,user_3147@mail.com,46,39438
3148,user_3148,user_3148@mail.com,47,39441
3149,user_3149,user_3149@mail.com,48,39444
3150,user_3150,user_3150@mail.com,49,39447
3151,user_3151,user_3151@mail.com,50,39450
3152,user_3152,user_3152@mail.com,51,39453
3153,user_3153,user_3153@mail.com,52,39456
3154,user_3154,user_3154@mail.com,53,39459
3155,user_3155,user_3155@mail.com,54,39462
3156,user_3156,user_3156@mail.com,55,39465
3157,user_3157,user_3157@mail.com,56,39468
3158,user_3158,user_3158@mail.com,57,39471
3159,user_3159,user_3159@mail.com,58,39474
3160,user_3160,user_3160@mail.com,59,39477
3161,user_3161,user_3161@mail.com,20,39480
3162,user_3162,user_3162@mail.com,21,39483
3163,user_3163,user_3163@mail.com,22,39486
3164,user_3164,user_3164@mail.com,23,39489
3165,user_3165,user_3165@mail.com,24,39492
3166,user_3166,user_3166@mail.com,25,39495
3167,user_3167,user_3167@mail.com,26,39498
3168,user_3168,user_3168@mail.com,27,39501
3169,user_3169,user_3169@mail.com,28,39504
3170,user_3170,user_3170@mail.com,29,39507
3171,user_3171,user_3171@mail.com,30,39510
3172,user_3172,user_3172@mail.com,31,39513
3173,user_3173,user_3173@mail.com,32,39516
3174,user_3174,user_3174@mail.com,33,39519
3175,user_3175,user_3175@mail.com,34,39522
3176,user_3176,user_3176@mail.com,35,39525
3177,user_3177,user_3177@mail.com,36,39528
3178,user_3178,user_3178@mail.com,37,39531
3179,user_3179,user_3179@mail.com,38,39534
3180,user_3180,user_3180@mail.com,39,39537
3181,user_3181,user_3181@mail.com,40,39540
3182,user_3182,user_3182@mail.com,41,39543
3183,user_3183,user_3183@mail.com,42,39546
3184,user_3184,user_3184@mail.com,43,39549
3185,user_3185,user_3185@mail.com,44,39552
3186,user_3186,user_3186@mail.com,45,39555
3187,user_3187,user_3187@mail.com,46,39558
3188,user_3188,user_3188@mail.com,47,39561
3189,user_3189,user_3189@mail.com,48,39564
3190,user_3190,user_3190@mail.com,49,39567
3191,user_3191,user_3191@mail.com,50,39570
3192,user_3192,user_3192@mail.com,51,39573
3193,user_3193,user_3193@mail.com,52,39576
3194,user_3194,user_3194@mail.com,53,39579
3195,user_3195,user_3195@mail.com,54,39582
3196,user_3196,user_3196@mail.com,55,39585
3197,user_3197,user_3197@mail.com,56,39588
3198,user_3198,user_3198@mail.com,57,39591
3199,user_3199,user_3199@mail.com,58,39594
3200,user_3200,user_3200@mail.com,59,39597
3201,user_3201,user_3201@mail.com,20,39600
3202,user_3202,user_3202@mail.com,21,39603
3203,user_3203,user_3203@mail.com,22,39606
3204,user_3204,user_3204@mail.com,23,39609
3205,user_3205,user_3205@mail.com,24,39612
3206,user_3206,user_3206@mail.com,25,39615
3207,user_3207,user_3207@mail.com,26,39618
3208,user_3208,user_3208@mail.com,27,39621
3209,user_3209,user_3209@mail.com,28,39624
3210,user_3210,user_3210@mail.com,29,39627
3211,user_3211,user_3211@mail.com,30,39630
3212,user_3212,user_3212@mail.com,31,39633
3213,user_3213,user_3213@mail.com,32,39636
3214,user_3214,user_3214@mail.com,33,39639
3215,user_3215,user_3215@mail.com,34,39642
3216,user_3216,user_3216@mail.com,35,39645
3217,user_3217,user_3217@mail.com,36,39648
3218,user_3218,user_3218@mail.com,37,39651
3219,user_3219,user_3219@mail.com,38,39654
3220,user_3220,user_3220@mail.com,39,39657
3221,user_3221,user_3221@mail.com,40,39660
3222,user_3222,user_3222@mail.com,41,39663
3223,user_3223,user_3223@mail.com,42,39666
3224,user_3224,user_3224@mail.com,43,39669
3225,user_3225,user_3225@mail.com,44,39672
3226,user_3226,user_3226@mail.com,45,39675
3227,user_3227,user_3227@mail.com,46,39678
3228,user_3228,user_3228@mail.com,47,39681
3229,user_3229,user_3229@mail.com,48,39684
3230,user_3230,user_3230@mail.com,49,39687
3231,user_3231,user_3231@mail.com,50,39690
3232,user_3232,user_3232@mail.com,51,39693
3233,user_3233,user_3233@mail.com,52,39696
3234,user_3234,user_3234@mail.com,53,39699
3235,user_3235,user_3235@mail.com,54,39702
3236,user_3236,user_3236@mail.com,55,39705
3237,user_3237,user_3237@mail.com,56,39708
3238,user_3238,user_3238@mail.com,57,39711
3239,user_3239,user_3239@mail.com,58,39714
3240,user_3240,user_3240@mail.com,59,39717
3241,user_3241,user_3241@mail.com,20,39720
3242,user_3242,user_3242@mail.com,21,39723
3243,user_3243,user_3243@mail.com,22,39726
3244,user_3244,user_3244@mail.com,23,39729
3245,user_3245,user_3245@mail.com,24,39732
3246,user_3246,user_3246@mail.com,25,39735
3247,user_3247,user_3247@mail.com,26,39738
3248,user_3248,user_3248@mail.com,27,39741
3249,user_3249,user_3249@mail.com,28,39744
3250,user_3250,user_3250@mail.com,29,39747
3251,user_3251,user_3251@mail.com,30,39750
3252,user_3252,user_3252@mail.com,31,39753
3253,user_3253,user_3253@mail.com,32,39756
3254,user_3254,user_3254@mail.com,33,39759
3255,user_3255,user_3255@mail.com,34,39762
3256,user_3256,user_3256@mail.com,35,39765
3257,user_3257,user_3257@mail.com,36,39768
3258,user_3258,user_3258@mail.com,37,39771
3259,user_3259,user_3259@mail.com,38,39774
3260,user_3260,user_3260@mail.com,39,39777
3261,user_3261,user_3261@mail.com,40,39780
3262,user_3262,user_3262@mail.com,41,39783
3263,user_3263,user_3263@mail.com,42,39786
3264,user_3264,user_3264@mail.com,43,39789
3265,user_3265,user_3265@mail.com,44,39792
3266,user_3266,user_3266@mail.com,45,39795
3267,user_3267,user_3267@mail.com,46,39798
3268,user_3268,user_3268@mail.com,47,39801
3269,user_3269,user_3269@mail.com,48,39804
3270,user_3270,user_3270@mail.com,49,39807
3271,user_3271,user_3271@mail.com,50,39810
3272,user_3272,user_3272@mail.com,51,39813
3273,user_3273,user_3273@mail.com,52,39816
3274,user_3274,user_3274@mail.com,53,39819
3275,user_3275,user_3275@mail.com,54,39822
3276,user_3276,user_3276@mail.com,55,39825
3277,user_3277,user_3277@mail.com,56,39828
3278,user_3278,user_3278@mail.com,57,39831
3279,user_3279,user_3279@mail.com,58,39834
3280,user_3280,user_3280@mail.com,59,39837
3281,user_3281,user_3281@mail.com,20,39840
3282,user_3282,user_3282@mail.com,21,39843
3283,user_3283,user_3283@mail.com,22,39846
3284,user_3284,user_3284@mail.com,23,39849
3285,user_3285,user_3285@mail.com,24,39852
3286,user_3286,user_3286@mail.com,25,39855
3287,user_3287,user_3287@mail.com,26,39858
3288,user_3288,user_3288@mail.com,27,39861
3289,user_3289,user_3289@mail.com,28,39864
3290,user_3290,user_3290@mail.com,29,39867
3291,user_3291,user_3291@mail.com,30,39870
3292,user_3292,user_3292@mail.com,31,39873
3293,user_3293,user_3293@mail.com,32,39876
3294,user_3294,user_3294@mail.com,33,39879
3295,user_3295,user_3295@mail.com,34,39882
3296,user_3296,user_3296@mail.com,35,39885
3297,user_3297,user_3297@mail.com,36,39888
3298,user_3298,user_3298@mail.com,37,39891
3299,user_3299,user_3299@mail.com,38,39894
3300,user_3300,user_3300@mail.com,39,39897
3301,user_3301,user_3301@mail.com,40,39900
3302,user_3302,user_3302@mail.com,41,39903
3303,user_3303,user_3303@mail.com,42,39906
3304,user_3304,user_3304@mail.com,43,39909
3305,user_3305,user_3305@mail.com,44,39912
3306,user_3306,user_3306@mail.com,45,39915
3307,user_3307,user_3307@mail.com,46,39918
3308,user_3308,user_3308@mail.com,47,39921
3309,user_3309,user_3309@mail.com,48,39924
3310,user_3310,user_3310@mail.com,49,39927
3311,user_3311,user_3311@mail.com,50,39930
3312,user_3312,user_3312@mail.com,51,39933
3313,user_3313,user_3313@mail.com,52,39936
3314,user_3314,user_3314@mail.com,53,39939
3315,user_3315,user_3315@mail.com,54,39942
3316,user_3316,user_3316@mail.com,55,39945
3317,user_3317,user_3317@mail.com,56,39948
3318,user_3318,user_3318@mail.com,57,39951
3319,user_3319,user_3319@mail.com,58,39954
3320,user_3320,user_3320@mail.com,59,39957
3321,user_3321,user_3321@mail.com,20,39960
3322,user_3322,user_3322@mail.com,21,39963
3323,user_3323,user_3323@mail.com,22,39966
3324,user_3324,user_3324@mail.com,23,39969
3325,user_3325,user_3325@mail.com,24,39972
3326,user_3326,user_3326@mail.com,25,39975
3327,user_3327,user_3327@mail.com,26,39978
3328,user_3328,user_3328@mail.com,27,39981
3329,user_3329,user_3329@mail.com,28,39984
3330,user_3330,user_3330@mail.com,29,39987
3331,user_3331,user_3331@mail.com,30,39990
3332,user_3332,user_3332@mail.com,31,39993
3333,user_3333,user_3333@mail.com,32,39996
3334,user_3334,user_3334@mail.com,33,39999
3335,user_3335,user_3335@mail.com,34,40002
3336,user_3336,user_3336@mail.com,35,40005
3337,user_3337,user_3337@mail.com,36,40008
3338,user_3338,user_3338@mail.com,37,40011
3339,user_3339,user_3339@mail.com,38,40014
3340,user_3340,user_3340@mail.com,39,40017
3341,user_3341,user_3341@mail.com,40,40020
3342,user_3342,user_3342@mail.com,41,40023
3343,user_3343,user_3343@mail.com,42,40026
3344,user_3344,user_3344@mail.com,43,40029
3345,user_3345,user_3345@mail.com,44,40032
3346,user_3346,user_3346@mail.com,45,40035
3347,user_3347,user_3347@mail.com,46,40038
3348,user_3348,user_3348@mail.com,47,40041
3349,user_3349,user_3349@mail.com,48,40044
3350,user_3350,user_3350@mail.com,49,40047
3351,user_3351,user_3351@mail.com,50,40050
3352,user_3352,user_3352@mail.com,51,40053
3353,user_3353,user_3353@mail.com,52,40056
3354,user_3354,user_3354@mail.com,53,40059
3355,user_3355,user_3355@mail.com,54,40062
3356,user_3356,user_3356@mail.com,55,40065
3357,user_3357,user_3357@mail.com,56,40068
3358,user_3358,user_3358@mail.com,57,40071
3359,user_3359,user_3359@mail.com,58,40074
3360,user_3360,user_3360@mail.com,59,40077
3361,user_3361,user_3361@mail.com,20,40080
3362,user_3362,user_3362@mail.com,21,40083
3363,user_3363,user_3363@mail.com,22,40086
3364,user_3364,user_3364@mail.com,23,40089
3365,user_3365,user_3365@mail.com,24,40092
3366,user_3366,user_3366@mail.com,25,40095
3367,user_3367,user_3367@mail.com,26,40098
3368,user_3368,user_3368@mail.com,27,40101
3369,user_3369,user_3369@mail.com,28,40104
3370,user_3370,user_3370@mail.com,29,40107
3371,user_3371,user_3371@mail.com,30,40110
3372,user_3372,user_3372@mail.com,31,40113
3373,user_3373,user_3373@mail.com,32,40116
3374,user_3374,user_3374@mail.com,33,40119
3375,user_3375,user_3375@mail.com,34,40122
3376,user_3376,user_3376@mail.com,35,40125
3377,user_3377,user_3377@mail.com,36,40128
3378,user_3378,user_3378@mail.com,37,40131
3379,user_3379,user_3379@mail.com,38,40134
3380,user_3380,user_3380@mail.com,39,40137
3381,user_3381,user_3381@mail.com,40,40140
3382,user_3382,user_3382@mail.com,41,40143
3383,user_3383,user_3383@mail.com,42,40146
3384,user_3384,user_3384@mail.com,43,40149
3385,user_3385,user_3385@mail.com,44,40152
3386,user_3386,user_3386@mail.com,45,40155
3387,user_3387,user_3387@mail.com,46,40158
3388,user_3388,user_3388@mail.com,47,40161
3389,user_3389,user_3389@mail.com,48,40164
3390,user_3390,user_3390@mail.com,49,40167
3391,user_3391,user_3391@mail.com,50,40170
3392,user_3392,user_3392@mail.com,51,40173
3393,user_3393,user_3393@mail.com,52,40176
3394,user_3394,user_3394@mail.com,53,40179
3395,user_3395,user_3395@mail.com,54,40182
3396,user_3396,user_3396@mail.com,55,40185
3397,user_3397,user_3397@mail.com,56,40188
3398,user_3398,user_3398@mail.com,57,40191
3399,user_3399,user_3399@mail.com,58,40194
3400,user_3400,user_3400@mail.com,59,40197
3401,user_3401,user_3401@mail.com,20,40200
3402,user_3402,user_3402@mail.com,21,40203
3403,user_3403,user_3403@mail.com,22,40206
3404,user_3404,user_3404@mail.com,23,40209
3405,user_3405,user_3405@mail.com,24,40212
3406,user_3406,user_3406@mail.com,25,40215
3407,user_3407,user_3407@mail.com,26,40218
3408,user_3408,user_3408@mail.com,27,40221
3409,user_3409,user_3409@mail.com,28,40224
3410,user_3410,user_3410@mail.com,29,40227
3411,user_3411,user_3411@mail.com,30,40230
3412,user_3412,user_3412@mail.com,31,40233
3413,user_3413,user_3413@mail.com,32,40236
3414,user_3414,user_3414@mail.com,33,40239
3415,user_3415,user_3415@mail.com,34,40242
3416,user_3416,user_3416@mail.com,35,40245
3417,user_3417,user_3417@mail.com,36,40248
3418,user_3418,user_3418@mail.com,37,40251
3419,user_3419,user_3419@mail.com,38,40254
3420,user_3420,user_3420@mail.com,39,40257
3421,user_3421,user_3421@mail.com,40,40260
3422,user_3422,user_3422@mail.com,41,40263
3423,user_3423,user_3423@mail.com,42,40266
3424,user_3424,user_3424@mail.com,43,40269
3425,user_3425,user_3425@mail.com,44,40272
3426,user_3426,user_3426@mail.com,45,40275
3427,user_3427,user_3427@mail.com,46,40278
3428,user_3428,user_3428@mail.com,47,40281
3429,user_3429,user_3429@mail.com,48,40284
3430,user_3430,user_3430@mail.com,49,40287
3431,user_3431,user_3431@mail.com,50,40290
3432,user_3432,user_3432@mail.com,51,40293
3433,user_3433,user_3433@mail.com,52,40296
3434,user_3434,user_3434@mail.com,53,40299
3435,user_3435,user_3435@mail.com,54,40302
3436,user_3436,user_3436@mail.com,55,40305
3437,user_3437,user_3437@mail.com,56,40308
3438,user_3438,user_3438@mail.com,57,40311
3439,user_3439,user_3439@mail.com,58,40314
3440,user_3440,user_3440@mail.com,59,40317
3441,user_3441,user_3441@mail.com,20,40320
3442,user_3442,user_3442@mail.com,21,40323
3443,user_3443,user_3443@mail.com,22,40326
3444,user_3444,user_3444@mail.com,23,40329
3445,user_3445,user_3445@mail.com,24,40332
3446,user_3446,user_3446@mail.com,25,40335
3447,user_3447,user_3447@mail.com,26,40338
3448,user_3448,user_3448@mail.com,27,40341
3449,user_3449,user_3449@mail.com,28,40344
3450,user_3450,user_3450@mail.com,29,40347
3451,user_3451,user_3451@mail.com,30,40350
3452,user_3452,user_3452@mail.com,31,40353
3453,user_3453,user_3453@mail.com,32,40356
3454,user_3454,user_3454@mail.com,33,40359
3455,user_3455,user_3455@mail.com,34,40362
3456,user_3456,user_3456@mail.com,35,40365
3457,user_3457,user_3457@mail.com,36,40368
3458,user_3458,user_3458@mail.com,37,40371
3459,user_3459,user_3459@mail.com,38,40374
3460,user_3460,user_3460@mail.com,39,40377
3461,user_3461,user_3461@mail.com,40,40380
3462,user_3462,user_3462@mail.com,41,40383
3463,user_3463,user_3463@mail.com,42,40386
3464,user_3464,user_3464@mail.com,43,40389
3465,user_3465,user_3465@mail.com,44,40392
3466,user_3466,user_3466@mail.com,45,40395
3467,user_3467,user_3467@mail.com,46,40398
3468,user_3468,user_3468@mail.com,47,40401
3469,user_3469,user_3469@mail.com,48,40404
3470,user_3470,user_3470@mail.com,49,40407
3471,user_3471,user_3471@mail.com,50,40410
3472,user_3472,user_3472@mail.com,51,40413
3473,user_3473,user_3473@mail.com,52,40416
3474,user_3474,user_3474@mail.com,53,40419
3475,user_3475,user_3475@mail.com,54,40422
3476,user_3476,user_3476@mail.com,55,40425
3477,user_3477,user_3477@mail.com,56,40428
3478,user_3478,user_3478@mail.com,57,40431
3479,user_3479,user_3479@mail.com,58,40434
3480,user_3480,user_3480@mail.com,59,40437
3481,user_3481,user_3481@mail.com,20,40440
3482,user_3482,user_3482@mail.com,21,40443
3483,user_3483,user_3483@mail.com,22,40446
3484,user_3484,user_3484@mail.com,23,40449
3485,user_3485,user_3485@mail.com,24,40452
3486,user_3486,user_3486@mail.com,25,40455
3487,user_3487,user_3487@mail.com,26,40458
3488,user_3488,user_3488@mail.com,27,40461
3489,user_3489,user_3489@mail.com,28,40464
3490,user_3490,user_3490@mail.com,29,40467
3491,user_3491,user_3491@mail.com,30,40470
3492,user_3492,user_3492@mail.com,31,40473
3493,user_3493,user_3493@mail.com,32,40476
3494,user_3494,user_3494@mail.com,33,40479
3495,user_3495,user_3495@mail.com,34,40482
3496,user_3496,user_3496@mail.com,35,40485
3497,user_3497,user_3497@mail.com,36,40488
3498,user_3498,user_3498@mail.com,37,40491
3499,user_3499,user_3499@mail.com,38,40494
3500,user_3500,user_3500@mail.com,39,40497
3501,user_3501,user_3501@mail.com,40,40500
3502,user_3502,user_3502@mail.com,41,40503
3503,user_3503,user_3503@mail.com,42,40506
3504,user_3504,user_3504@mail.com,43,40509
3505,user_3505,user_3505@mail.com,44,40512
3506,user_3506,user_3506@mail.com,45,40515
3507,user_3507,user_3507@mail.com,46,40518
3508,user_3508,user_3508@mail.com,47,40521
3509,user_3509,user_3509@mail.com,48,40524
3510,user_3510,user_3510@mail.com,49,40527
3511,user_3511,user_3511@mail.com,50,40530
3512,user_3512,user_3512@mail.com,51,40533
3513,user_3513,user_3513@mail.com,52,40536
3514,user_3514,user_3514@mail.com,53,40539
3515,user_3515,user_3515@mail.com,54,40542
3516,user_3516,user_3516@mail.com,55,40545
3517,user_3517,user_3517@mail.com,56,40548
3518,user_3518,user_3518@mail.com,57,40551
3519,user_3519,user_3519@mail.com,58,40554
3520,user_3520,user_3520@mail.com,59,40557
3521,user_3521,user_3521@mail.com,20,40560
3522,user_3522,user_3522@mail.com,21,40563
3523,user_3523,user_3523@mail.com,22,40566
3524,user_3524,user_3524@mail.com,23,40569
3525,user_3525,user_3525@mail.com,24,40572
3526,user_3526,user_3526@mail.com,25,40575
3527,user_3527,user_3527@mail.com,26,40578
3528,user_3528,user_3528@mail.com,27,40581
3529,user_3529,user_3529@mail.com,28,40584
3530,user_3530,user_3530@mail.com,29,40587
3531,user_3531,user_3531@mail.com,30,40590
3532,user_3532,user_3532@mail.com,31,40593
3533,user_3533,user_3533@mail.com,32,40596
3534,user_3534,user_3534@mail.com,33,40599
3535,user_3535,user_3535@mail.com,34,40602
3536,user_3536,user_3536@mail.com,35,40605
3537,user_3537,user_3537@mail.com,36,40608
3538,user_3538,user_3538@mail.com,37,40611
3539,user_3539,user_3539@mail.com,38,40614
3540,user_3540,user_3540@mail.com,39,40617
3541,user_3541,user_3541@mail.com,40,40620
3542,user_3542,user_3542@mail.com,41,40623
3543,user_3543,user_3543@mail.com,42,40626
3544,user_3544,user_3544@mail.com,43,40629
3545,user_3545,user_3545@mail.com,44,40632
3546,user_3546,user_3546@mail.com,45,40635
3547,user_3547,user_3547@mail.com,46,40638
3548,user_3548,user_3548@mail.com,47,40641
3549,user_3549,user_3549@mail.com,48,40644
3550,user_3550,user_3550@mail.com,49,40647
3551,user_3551,user_3551@mail.com,50,40650
3552,user_3552,user_3552@mail.com,51,40653
3553,user_3553,user_3553@mail.com,52,40656
3554,user_3554,user_3554@mail.com,53,40659
3555,user_3555,user_3555@mail.com,54,40662
3556,user_3556,user_3556@mail.com,55,40665
3557,user_3557,user_3557@mail.com,56,40668
3558,user_3558,user_3558@mail.com,57,40671
3559,user_3559,user_3559@mail.com,58,40674
3560,user_3560,user_3560@mail.com,59,40677
3561,user_3561,user_3561@mail.com,20,40680
3562,user_3562,user_3562@mail.com,21,40683
3563,user_3563,user_3563@mail.com,22,40686
3564,user_3564,user_3564@mail.com,23,40689
3565,user_3565,user_3565@mail.com,24,40692
3566,user_3566,user_3566@mail.com,25,40695
3567,user_3567,user_3567@mail.com,26,40698
3568,user_3568,user_3568@mail.com,27,40701
3569,user_3569,user_3569@mail.com,28,40704
3570,user_3570,user_3570@mail.com,29,40707
3571,user_3571,user_3571@mail.com,30,40710
3572,user_3572,user_3572@mail.com,31,40713
3573,user_3573,user_3573@mail.com,32,40716
3574,user_3574,user_3574@mail.com,33,40719
3575,user_3575,user_3575@mail.com,34,40722
3576,user_3576,user_3576@mail.com,35,40725
3577,user_3577,user_3577@mail.com,36,40728
3578,user_3578,user_3578@mail.com,37,40731
3579,user_3579,user_3579@mail.com,38,40734
3580,user_3580,user_3580@mail.com,39,40737
3581,user_3581,user_3581@mail.com,40,40740
3582,user_3582,user_3582@mail.com,41,40743
3583,user_3583,user_3583@mail.com,42,40746
3584,user_3584,user_3584@mail.com,43,40749
3585,user_3585,user_3585@mail.com,44,40752
3586,user_3586,user_3586@mail.com,45,40755
3587,user_3587,user_3587@mail.com,46,40758
3588,user_3588,user_3588@mail.com,47,40761
3589,user_3589,user_3589@mail.com,48,40764
3590,user_3590,user_3590@mail.com,49,40767
3591,user_3591,user_3591@mail.com,50,40770
3592,user_3592,user_3592@mail.com,51,40773
3593,user_3593,user_3593@mail.com,52,40776
3594,user_3594,user_3594@mail.com,53,40779
3595,user_3595,user_3595@mail.com,54,40782
3596,user_3596,user_3596@mail.com,55,40785
3597,user_3597,user_3597@mail.com,56,40788
3598,user_3598,user_3598@mail.com,57,40791
3599,user_3599,user_3599@mail.com,58,40794
3600,user_3600,user_3600@mail.com,59,40797
3601,user_3601,user_3601@mail.com,20,40800
3602,user_3602,user_3602@mail.com,21,40803
3603,user_3603,user_3603@mail.com,22,40806
3604,user_3604,user_3604@mail.com,23,40809
3605,user_3605,user_3605@mail.com,24,40812
3606,user_3606,user_3606@mail.com,25,40815
3607,user_3607,user_3607@mail.com,26,40818
3608,user_3608,user_3608@mail.com,27,40821
3609,user_3609,user_3609@mail.com,28,40824
3610,user_3610,user_3610@mail.com,29,40827
3611,user_3611,user_3611@mail.com,30,40830
3612,user_3612,user_3612@mail.com,31,40833
3613,user_3613,user_3613@mail.com,32,40836
3614,user_3614,user_3614@mail.com,33,40839
3615,user_3615,user_3615@mail.com,34,40842
3616,user_3616,user_3616@mail.com,35,40845
3617,user_3617,user_3617@mail.com,36,40848
3618,user_3618,user_3618@mail.com,37,40851
3619,user_3619,user_3619@mail.com,38,40854
3620,user_3620,user_3620@mail.com,39,40857
3621,user_3621,user_3621@mail.com,40,40860
3622,user_3622,user_3622@mail.com,41,40863
3623,user_3623,user_3623@mail.com,42,40866
3624,user_3624,user_3624@mail.com,43,40869
3625,user_3625,user_3625@mail.com,44,40872
3626,user_3626,user_3626@mail.com,45,40875
3627,user_3627,user_3627@mail.com,46,40878
3628,user_3628,user_3628@mail.com,47,40881
3629,user_3629,user_3629@mail.com,48,40884
3630,user_3630,user_3630@mail.com,49,40887
3631,user_3631,user_3631@mail.com,50,40890
3632,user_3632,user_3632@mail.com,51,40893
3633,user_3633,user_3633@mail.com,52,40896
3634,user_3634,user_3634@mail.com,53,40899
3635,user_3635,user_3635@mail.com,54,40902
3636,user_3636,user_3636@mail.com,55,40905
3637,user_3637,user_3637@mail.com,56,40908
3638,user_3638,user_3638@mail.com,57,40911
3639,user_3639,user_3639@mail.com,58,40914
3640,user_3640,user_3640@mail.com,59,40917
3641,user_3641,user_3641@mail.com,20,40920
3642,user_3642,user_3642@mail.com,21,40923
3643,user_3643,user_3643@mail.com,22,40926
3644,user_3644,user_3644@mail.com,23,40929
3645,user_3645,user_3645@mail.com,24,40932
3646,user_3646,user_3646@mail.com,25,40935
3647,user_3647,user_3647@mail.com,26,40938
3648,user_3648,user_3648@mail.com,27,40941
3649,user_3649,user_3649@mail.com,28,40944
3650,user_3650,user_3650@mail.com,29,40947
3651,user_3651,user_3651@mail.com,30,40950
3652,user_3652,user_3652@mail.com,31,40953
3653,user_3653,user_3653@mail.com,32,40956
3654,user_3654,user_3654@mail.com,33,40959
3655,user_3655,user_3655@mail.com,34,40962
3656,user_3656,user_3656@mail.com,35,40965
3657,user_3657,user_3657@mail.com,36,40968
3658,user_3658,user_3658@mail.com,37,40971
3659,user_3659,user_3659@mail.com,38,40974
3660,user_3660,user_3660@mail.com,39,40977
3661,user_3661,user_3661@mail.com,40,40980
3662,user_3662,user_3662@mail.com,41,40983
3663,user_3663,user_3663@mail.com,42,40986
3664,user_3664,user_3664@mail.com,43,40989
3665,user_3665,user_3665@mail.com,44,40992
3666,user_3666,user_3666@mail.com,45,40995
3667,user_3667,user_3667@mail.com,46,40998
3668,user_3668,user_3668@mail.com,47,41001
3669,user_3669,user_3669@mail.com,48,41004
3670,user_3670,user_3670@mail.com,49,41007
3671,user_3671,user_3671@mail.com,50,41010
3672,user_3672,user_3672@mail.com,51,41013
3673,user_3673,user_3673@mail.com,52,41016
3674,user_3674,user_3674@mail.com,53,41019
3675,user_3675,user_3675@mail.com,54,41022
3676,user_3676,user_3676@mail.com,55,41025
3677,user_3677,user_3677@mail.com,56,41028
3678,user_3678,user_3678@mail.com,57,41031
3679,user_3679,user_3679@mail.com,58,41034
3680,user_3680,user_3680@mail.com,59,41037
3681,user_3681,user_3681@mail.com,20,41040
3682,user_3682,user_3682@mail.com,21,41043
3683,user_3683,user_3683@mail.com,22,41046
3684,user_3684,user_3684@mail.com,23,41049
3685,user_3685,user_3685@mail.com,24,41052
3686,user_3686,user_3686@mail.com,25,41055
3687,user_3687,user_3687@mail.com,26,41058
3688,user_3688,user_3688@mail.com,27,41061
3689,user_3689,user_3689@mail.com,28,41064
3690,user_3690,user_3690@mail.com,29,41067
3691,user_3691,user_3691@mail.com,30,41070
3692,user_3692,user_3692@mail.com,31,41073
3693,user_3693,user_3693@mail.com,32,41076
3694,user_3694,user_3694@mail.com,33,41079
3695,user_3695,user_3695@mail.com,34,41082
3696,user_3696,user_3696@mail.com,35,41085
3697,user_3697,user_3697@mail.com,36,41088
3698,user_3698,user_3698@mail.com,37,41091
3699,user_3699,user_3699@mail.com,38,41094
3700,user_3700,user_3700@mail.com,39,41097
3701,user_3701,user_3701@mail.com,40,41100
3702,user_3702,user_3702@mail.com,41,41103
3703,user_3703,user_3703@mail.com,42,41106
3704,user_3704,user_3704@mail.com,43,41109
3705,user_3705,user_3705@mail.com,44,41112
3706,user_3706,user_3706@mail.com,45,41115
3707,user_3707,user_3707@mail.com,46,41118
3708,user_3708,user_3708@mail.com,47,41121
3709,user_3709,user_3709@mail.com,48,41124
3710,user_3710,user_3710@mail.com,49,41127
3711,user_3711,user_3711@mail.com,50,41130
3712,user_3712,user_3712@mail.com,51,41133
3713,user_3713,user_3713@mail.com,52,41136
3714,user_3714,user_3714@mail.com,53,41139
3715,user_3715,user_3715@mail.com,54,41142
3716,user_3716,user_3716@mail.com,55,41145
3717,user_3717,user_3717@mail.com,56,41148
3718,user_3718,user_3718@mail.com,57,41151
3719,user_3719,user_3719@mail.com,58,41154
3720,user_3720,user_3720@mail.com,59,41157
3721,user_3721,user_3721@mail.com,20,41160
3722,user_3722,user_3722@mail.com,21,41163
3723,user_3723,user_3723@mail.com,22,41166
3724,user_3724,user_3724@mail.com,23,41169
3725,user_3725,user_3725@mail.com,24,41172
3726,user_3726,user_3726@mail.com,25,41175
3727,user_3727,user_3727@mail.com,26,41178
3728,user_3728,user_3728@mail.com,27,41181
3729,user_3729,user_3729@mail.com,28,41184
3730,user_3730,user_3730@mail.com,29,41187
3731,user_3731,user_3731@mail.com,30,41190
3732,user_3732,user_3732@mail.com,31,41193
3733,user_3733,user_3733@mail.com,32,41196
3734,user_3734,user_3734@mail.com,33,41199
3735,user_3735,user_3735@mail.com,34,41202
3736,user_3736,user_3736@mail.com,35,41205
3737,user_3737,user_3737@mail.com,36,41208
3738,user_3738,user_3738@mail.com,37,41211
3739,user_3739,user_3739@mail.com,38,41214
3740,user_3740,user_3740@mail.com,39,41217
3741,user_3741,user_3741@mail.com,40,41220
3742,user_3742,user_3742@mail.com,41,41223
3743,user_3743,user_3743@mail.com,42,41226
3744,user_3744,user_3744@mail.com,43,41229
3745,user_3745,user_3745@mail.com,44,41232
3746,user_3746,user_3746@mail.com,45,41235
3747,user_3747,user_3747@mail.com,46,41238
3748,user_3748,user_3748@mail.com,47,41241
3749,user_3749,user_3749@mail.com,48,41244
3750,user_3750,user_3750@mail.com,49,41247
3751,user_3751,user_3751@mail.com,50,41250
3752,user_3752,user_3752@mail.com,51,41253
3753,user_3753,user_3753@mail.com,52,41256
3754,user_3754,user_3754@mail.com,53,41259
3755,user_3755,user_3755@mail.com,54,41262
3756,user_3756,user_3756@mail.com,55,41265
3757,user_3757,user_3757@mail.com,56,41268
3758,user_3758,user_3758@mail.com,57,41271
3759,user_3759,user_3759@mail.com,58,41274
3760,user_3760,user_3760@mail.com,59,41277
3761,user_3761,user_3761@mail.com,20,41280
3762,user_3762,user_3762@mail.com,21,41283
3763,user_3763,user_3763@mail.com,22,41286
3764,user_3764,user_3764@mail.com,23,41289
3765,user_3765,user_3765@mail.com,24,41292
3766,user_3766,user_3766@mail.com,25,41295
3767,user_3767,user_3767@mail.com,26,41298
3768,user_3768,user_3768@mail.com,27,41301
3769,user_3769,user_3769@mail.com,28,41304
3770,user_3770,user_3770@mail.com,29,41307
3771,user_3771,user_3771@mail.com,30,41310
3772,user_3772,user_3772@mail.com,31,41313
3773,user_3773,user_3773@mail.com,32,41316
3774,user_3774,user_3774@mail.com,33,41319
3775,user_3775,user_3775@mail.com,34,41322
3776,user_3776,user_3776@mail.com,35,41325
3777,user_3777,user_3777@mail.com,36,41328
3778,user_3778,user_3778@mail.com,37,41331
3779,user_3779,user_3779@mail.com,38,41334
3780,user_3780,user_3780@mail.com,39,41337
3781,user_3781,user_3781@mail.com,40,41340
3782,user_3782,user_3782@mail.com,41,41343
3783,user_3783,user_3783@mail.com,42,41346
3784,user_3784,user_3784@mail.com,43,41349
3785,user_3785,user_3785@mail.com,44,41352
3786,user_3786,user_3786@mail.com,45,41355
3787,user_3787,user_3787@mail.com,46,41358
3788,user_3788,user_3788@mail.com,47,41361
3789,user_3789,user_3789@mail.com,48,41364
3790,user_3790,user_3790@mail.com,49,41367
3791,user_3791,user_3791@mail.com,50,41370
3792,user_3792,user_3792@mail.com,51,41373
3793,user_3793,user_3793@mail.com,52,41376
3794,user_3794,user_3794@mail.com,53,41379
3795,user_3795,user_3795@mail.com,54,41382
3796,user_3796,user_3796@mail.com,55,41385
3797,user_3797,user_3797@mail.com,56,41388
3798,user_3798,user_3798@mail.com,57,41391
3799,user_3799,user_3799@mail.com,58,41394
3800,user_3800,user_3800@mail.com,59,41397
3801,user_3801,user_3801@mail.com,20,41400
3802,user_3802,user_3802@mail.com,21,41403
3803,user_3803,user_3803@mail.com,22,41406
3804,user_3804,user_3804@mail.com,23,41409
3805,user_3805,user_3805@mail.com,24,41412
3806,user_3806,user_3806@mail.com,25,41415
3807,user_3807,user_3807@mail.com,26,41418
3808,user_3808,user_3808@mail.com,27,41421
3809,user_3809,user_3809@mail.com,28,41424
3810,user_3810,user_3810@mail.com,29,41427
3811,user_3811,user_3811@mail.com,30,41430
3812,user_3812,user_3812@mail.com,31,41433
3813,user_3813,user_3813@mail.com,32,41436
3814,user_3814,user_3814@mail.com,33,41439
3815,user_3815,user_3815@mail.com,34,41442
3816,user_3816,user_3816@mail.com,35,41445
3817,user_3817,user_3817@mail.com,36,41448
3818,user_3818,user_3818@mail.com,37,41451
3819,user_3819,user_3819@mail.com,38,41454
3820,user_3820,user_3820@mail.com,39,41457
3821,user_3821,user_3821@mail.com,40,41460
3822,user_3822,user_3822@mail.com,41,41463
3823,user_3823,user_3823@mail.com,42,41466
3824,user_3824,user_3824@mail.com,43,41469
3825,user_3825,user_3825@mail.com,44,41472
3826,user_3826,user_3826@mail.com,45,41475
3827,user_3827,user_3827@mail.com,46,41478
3828,user_3828,user_3828@mail.com,47,41481
3829,user_3829,user_3829@mail.com,48,41484
3830,user_3830,user_3830@mail.com,49,41487
3831,user_3831,user_3831@mail.com,50,41490
3832,user_3832,user_3832@mail.com,51,41493
3833,user_3833,user_3833@mail.com,52,41496
3834,user_3834,user_3834@mail.com,53,41499
3835,user_3835,user_3835@mail.com,54,41502
3836,user_3836,user_3836@mail.com,55,41505
3837,user_3837,user_3837@mail.com,56,41508
3838,user_3838,user_3838@mail.com,57,41511
3839,user_3839,user_3839@mail.com,58,41514
3840,user_3840,user_3840@mail.com,59,41517
3841,user_3841,user_3841@mail.com,20,41520
3842,user_3842,user_3842@mail.com,21,41523
3843,user_3843,user_3843@mail.com,22,41526
3844,user_3844,user_3844@mail.com,23,41529
3845,user_3845,user_3845@mail.com,24,41532
3846,user_3846,user_3846@mail.com,25,41535
3847,user_3847,user_3847@mail.com,26,41538
3848,user_3848,user_3848@mail.com,27,41541
3849,user_3849,user_3849@mail.com,28,41544
3850,user_3850,user_3850@mail.com,29,41547
3851,user_3851,user_3851@mail.com,30,41550
3852,user_3852,user_3852@mail.com,31,41553
3853,user_3853,user_3853@mail.com,32,41556
3854,user_3854,user_3854@mail.com,33,41559
3855,user_3855,user_3855@mail.com,34,41562
3856,user_3856,user_3856@mail.com,35,41565
3857,user_3857,user_3857@mail.com,36,41568
3858,user_3858,user_3858@mail.com,37,41571
3859,user_3859,user_3859@mail.com,38,41574
3860,user_3860,user_3860@mail.com,39,41577
3861,user_3861,user_3861@mail.com,40,41580
3862,user_3862,user_3862@mail.com,41,41583
3863,user_3863,user_3863@mail.com,42,41586
3864,user_3864,user_3864@mail.com,43,41589
3865,user_3865,user_3865@mail.com,44,41592
3866,user_3866,user_3866@mail.com,45,41595
3867,user_3867,user_3867@mail.com,46,41598
3868,user_3868,user_3868@mail.com,47,41601
3869,user_3869,user_3869@mail.com,48,41604
3870,user_3870,user_3870@mail.com,49,41607
3871,user_3871,user_3871@mail.com,50,41610
3872,user_3872,user_3872@mail.com,51,41613
3873,user_3873,user_3873@mail.com,52,41616
3874,user_3874,user_3874@mail.com,53,41619
3875,user_3875,user_3875@mail.com,54,41622
3876,user_3876,user_3876@mail.com,55,41625
3877,user_3877,user_3877@mail.com,56,41628
3878,user_3878,user_3878@mail.com,57,41631
3879,user_3879,user_3879@mail.com,58,41634
3880,user_3880,user_3880@mail.com,59,41637
3881,user_3881,user_3881@mail.com,20,41640
3882,user_3882,user_3882@mail.com,21,41643
3883,user_3883,user_3883@mail.com,22,41646
3884,user_3884,user_3884@mail.com,23,41649
3885,user_3885,user_3885@mail.com,24,41652
3886,user_3886,user_3886@mail.com,25,41655
3887,user_3887,user_3887@mail.com,26,41658
3888,user_3888,user_3888@mail.com,27,41661
3889,user_3889,user_3889@mail.com,28,41664
3890,user_3890,user_3890@mail.com,29,41667
3891,user_3891,user_3891@mail.com,30,41670
3892,user_3892,user_3892@mail.com,31,41673
3893,user_3893,user_3893@mail.com,32,41676
3894,user_3894,user_3894@mail.com,33,41679
3895,user_3895,user_3895@mail.com,34,41682
3896,user_3896,user_3896@mail.com,35,41685
3897,user_3897,user_3897@mail.com,36,41688
3898,user_3898,user_3898@mail.com,37,41691
3899,user_3899,user_3899@mail.com,38,41694
3900,user_3900,user_3900@mail.com,39,41697
3901,user_3901,user_3901@mail.com,40,41700
3902,user_3902,user_3902@mail.com,41,41703
3903,user_3903,user_3903@mail.com,42,41706
3904,user_3904,user_3904@mail.com,43,41709
3905,user_3905,user_3905@mail.com,44,41712
3906,user_3906,user_3906@mail.com,45,41715
3907,user_3907,user_3907@mail.com,46,41718
3908,user_3908,user_3908@mail.com,47,41721
3909,user_3909,user_3909@mail.com,48,41724
3910,user_3910,user_3910@mail.com,49,41727
3911,user_3911,user_3911@mail.com,50,41730
3912,user_3912,user_3912@mail.com,51,41733
3913,user_3913,user_3913@mail.com,52,41736
3914,user_3914,user_3914@mail.com,53,41739
3915,user_3915,user_3915@mail.com,54,41742
3916,user_3916,user_3916@mail.com,55,41745
3917,user_3917,user_3917@mail.com,56,41748
3918,user_3918,user_3918@mail.com,57,41751
3919,user_3919,user_3919@mail.com,58,41754
3920,user_3920,user_3920@mail.com,59,41757
3921,user_3921,user_3921@mail.com,20,41760
3922,user_3922,user_3922@mail.com,21,41763
3923,user_3923,user_3923@mail.com,22,41766
3924,user_3924,user_3924@mail.com,23,41769
3925,user_3925,user_3925@mail.com,24,41772
3926,user_3926,user_3926@mail.com,25,41775
3927,user_3927,user_3927@mail.com,26,41778
3928,user_3928,user_3928@mail.com,27,41781
3929,user_3929,user_3929@mail.com,28,41784
3930,user_3930,user_3930@mail.com,29,41787
3931,user_3931,user_3931@mail.com,30,41790
3932,user_3932,user_3932@mail.com,31,41793
3933,user_3933,user_3933@mail.com,32,41796
3934,user_3934,user_3934@mail.com,33,41799
3935,user_3935,user_3935@mail.com,34,41802
3936,user_3936,user_3936@mail.com,35,41805
3937,user_3937,user_3937@mail.com,36,41808
3938,user_3938,user_3938@mail.com,37,41811
3939,user_3939,user_3939@mail.com,38,41814
3940,user_3940,user_3940@mail.com,39,41817
3941,user_3941,user_3941@mail.com,40,41820
3942,user_3942,user_3942@mail.com,41,41823
3943,user_3943,user_3943@mail.com,42,41826
3944,user_3944,user_3944@mail.com,43,41829
3945,user_3945,user_3945@mail.com,44,41832
3946,user_3946,user_3946@mail.com,45,41835
3947,user_3947,user_3947@mail.com,46,41838
3948,user_3948,user_3948@mail.com,47,41841
3949,user_3949,user_3949@mail.com,48,41844
3950,user_3950,user_3950@mail.com,49,41847
3951,user_3951,user_3951@mail.com,50,41850
3952,user_3952,user_3952@mail.com,51,41853
3953,user_3953,user_3953@mail.com,52,41856
3954,user_3954,user_3954@mail.com,53,41859
3955,user_3955,user_3955@mail.com,54,41862
3956,user_3956,user_3956@mail.com,55,41865
3957,user_3957,user_3957@mail.com,56,41868
3958,user_3958,user_3958@mail.com,57,41871
3959,user_3959,user_3959@mail.com,58,41874
3960,user_3960,user_3960@mail.com,59,41877
3961,user_3961,user_3961@mail.com,20,41880
3962,user_3962,user_3962@mail.com,21,41883
3963,user_3963,user_3963@mail.com,22,41886
3964,user_3964,user_3964@mail.com,23,41889
3965,user_3965,user_3965@mail.com,24,41892
3966,user_3966,user_3966@mail.com,25,41895
3967,user_3967,user_3967@mail.com,26,41898
3968,user_3968,user_3968@mail.com,27,41901
3969,user_3969,user_3969@mail.com,28,41904
3970,user_3970,user_3970@mail.com,29,41907
3971,user_3971,user_3971@mail.com,30,41910
3972,user_3972,user_3972@mail.com,31,41913
3973,user_3973,user_3973@mail.com,32,41916
3974,user_3974,user_3974@mail.com,33,41919
3975,user_3975,user_3975@mail.com,34,41922
3976,user_3976,user_3976@mail.com,35,41925
3977,user_3977,user_3977@mail.com,36,41928
3978,user_3978,user_3978@mail.com,37,41931
3979,user_3979,user_3979@mail.com,38,41934
3980,user_3980,user_3980@mail.com,39,41937
3981,user_3981,user_3981@mail.com,40,41940
3982,user_3982,user_3982@mail.com,41,41943
3983,user_3983,user_3983@mail.com,42,41946
3984,user_3984,user_3984@mail.com,43,41949
3985,user_3985,user_3985@mail.com,44,41952
3986,user_3986,user_3986@mail.com,45,41955
3987,user_3987,user_3987@mail.com,46,41958
3988,user_3988,user_3988@mail.com,47,41961
3989,user_3989,user_3989@mail.com,48,41964
3990,user_3990,user_3990@mail.com,49,41967
3991,user_3991,user_3991@mail.com,50,41970
3992,user_3992,user_3992@mail.com,51,41973
3993,user_3993,user_3993@mail.com,52,41976
3994,user_3994,user_3994@mail.com,53,41979
3995,user_3995,user_3995@mail.com,54,41982
3996,user_3996,user_3996@mail.com,55,41985
3997,user_3997,user_3997@mail.com,56,41988
3998,user_3998,user_3998@mail.com,57,41991
3999,user_3999,user_3999@mail.com,58,41994
4000,user_4000,user_4000@mail.com,59,41997
4001,user_4001,user_4001@mail.com,20,42000
4002,user_4002,user_4002@mail.com,21,42003
4003,user_4003,user_4003@mail.com,22,42006
4004,user_4004,user_4004@mail.com,23,42009
4005,user_4005,user_4005@mail.com,24,42012
4006,user_4006,user_4006@mail.com,25,42015
4007,user_4007,user_4007@mail.com,26,42018
4008,user_4008,user_4008@mail.com,27,42021
4009,user_4009,user_4009@mail.com,28,42024
4010,user_4010,user_4010@mail.com,29,42027
4011,user_4011,user_4011@mail.com,30,42030
4012,user_4012,user_4012@mail.com,31,42033
4013,user_4013,user_4013@mail.com,32,42036
4014,user_4014,user_4014@mail.com,33,42039
4015,user_4015,user_4015@mail.com,34,42042
4016,user_4016,user_4016@mail.com,35,42045
4017,user_4017,user_4017@mail.com,36,42048
4018,user_4018,user_4018@mail.com,37,42051
4019,user_4019,user_4019@mail.com,38,42054
4020,user_4020,user_4020@mail.com,39,42057
4021,user_4021,user_4021@mail.com,40,42060
4022,user_4022,user_4022@mail.com,41,42063
4023,user_4023,user_4023@mail.com,42,42066
4024,user_4024,user_4024@mail.com,43,42069
4025,user_4025,user_4025@mail.com,44,42072
4026,user_4026,user_4026@mail.com,45,42075
4027,user_4027,user_4027@mail.com,46,42078
4028,user_4028,user_4028@mail.com,47,42081
4029,user_4029,user_4029@mail.com,48,42084
4030,user_4030,user_4030@mail.com,49,42087
4031,user_4031,user_4031@mail.com,50,42090
4032,user_4032,user_4032@mail.com,51,42093
4033,user_4033,user_4033@mail.com,52,42096
4034,user_4034,user_4034@mail.com,53,42099
4035,user_4035,user_4035@mail.com,54,42102
4036,user_4036,user_4036@mail.com,55,42105
4037,user_4037,user_4037@mail.com,56,42108
4038,user_4038,user_4038@mail.com,57,42111
4039,user_4039,user_4039@mail.com,58,42114
4040,user_4040,user_4040@mail.com,59,42117
4041,user_4041,user_4041@mail.com,20,42120
4042,user_4042,user_4042@mail.com,21,42123
4043,user_4043,user_4043@mail.com,22,42126
4044,user_4044,user_4044@mail.com,23,42129
4045,user_4045,user_4045@mail.com,24,42132
4046,user_4046,user_4046@mail.com,25,42135
4047,user_4047,user_4047@mail.com,26,42138
4048,user_4048,user_4048@mail.com,27,42141
4049,user_4049,user_4049@mail.com,28,42144
4050,user_4050,user_4050@mail.com,29,42147
4051,user_4051,user_4051@mail.com,30,42150
4052,user_4052,user_4052@mail.com,31,42153
4053,user_4053,user_4053@mail.com,32,42156
4054,user_4054,user_4054@mail.com,33,42159
4055,user_4055,user_4055@mail.com,34,42162
4056,user_4056,user_4056@mail.com,35,42165
4057,user_4057,user_4057@mail.com,36,42168
4058,user_4058,user_4058@mail.com,37,42171
4059,user_4059,user_4059@mail.com,38,42174
4060,user_4060,user_4060@mail.com,39,42177
4061,user_4061,user_4061@mail.com,40,42180
4062,user_4062,user_4062@mail.com,41,42183
4063,user_4063,user_4063@mail.com,42,42186
4064,user_4064,user_4064@mail.com,43,42189
4065,user_4065,user_4065@mail.com,44,42192
4066,user_4066,user_4066@mail.com,45,42195
4067,user_4067,user_4067@mail.com,46,42198
4068,user_4068,user_4068@mail.com,47,42201
4069,user_4069,user_4069@mail.com,48,42204
4070,user_4070,user_4070@mail.com,49,42207
4071,user_4071,user_4071@mail.com,50,42210
4072,user_4072,user_4072@mail.com,51,42213
4073,user_4073,user_4073@mail.com,52,42216
4074,user_4074,user_4074@mail.com,53,42219
4075,user_4075,user_4075@mail.com,54,42222
4076,user_4076,user_4076@mail.com,55,42225
4077,user_4077,user_4077@mail.com,56,42228
4078,user_4078,user_4078@mail.com,57,42231
4079,user_4079,user_4079@mail.com,58,42234
4080,user_4080,user_4080@mail.com,59,42237
4081,user_4081,user_4081@mail.com,20,42240
4082,user_4082,user_4082@mail.com,21,42243
4083,user_4083,user_4083@mail.com,22,42246
4084,user_4084,user_4084@mail.com,23,42249
4085,user_4085,user_4085@mail.com,24,42252
4086,user_4086,user_4086@mail.com,25,42255
4087,user_4087,user_4087@mail.com,26,42258
4088,user_4088,user_4088@mail.com,27,42261
4089,user_4089,user_4089@mail.com,28,42264
4090,user_4090,user_4090@mail.com,29,42267
4091,user_4091,user_4091@mail.com,30,42270
4092,user_4092,user_4092@mail.com,31,42273
4093,user_4093,user_4093@mail.com,32,42276
4094,user_4094,user_4094@mail.com,33,42279
4095,user_4095,user_4095@mail.com,34,42282
4096,user_4096,user_4096@mail.com,35,42285
4097,user_4097,user_4097@mail.com,36,42288
4098,user_4098,user_4098@mail.com,37,42291
4099,user_4099,user_4099@mail.com,38,42294
4100,user_4100,user_4100@mail.com,39,42297
4101,user_4101,user_4101@mail.com,40,42300
4102,user_4102,user_4102@mail.com,41,42303
4103,user_4103,user_4103@mail.com,42,42306
4104,user_4104,user_4104@mail.com,43,42309
4105,user_4105,user_4105@mail.com,44,42312
4106,user_4106,user_4106@mail.com,45,42315
4107,user_4107,user_4107@mail.com,46,42318
4108,user_4108,user_4108@mail.com,47,42321
4109,user_4109,user_4109@mail.com,48,42324
4110,user_4110,user_4110@mail.com,49,42327
4111,user_4111,user_4111@mail.com,50,42330
4112,user_4112,user_4112@mail.com,51,42333
4113,user_4113,user_4113@mail.com,52,42336
4114,user_4114,user_4114@mail.com,53,42339
4115,user_4115,user_4115@mail.com,54,42342
4116,user_4116,user_4116@mail.com,55,42345
4117,user_4117,user_4117@mail.com,56,42348
4118,user_4118,user_4118@mail.com,57,42351
4119,user_4119,user_4119@mail.com,58,42354
4120,user_4120,user_4120@mail.com,59,42357
4121,user_4121,user_4121@mail.com,20,42360
4122,user_4122,user_4122@mail.com,21,42363
4123,user_4123,user_4123@mail.com,22,42366
4124,user_4124,user_4124@mail.com,23,42369
4125,user_4125,user_4125@mail.com,24,42372
4126,user_4126,user_4126@mail.com,25,42375
4127,user_4127,user_4127@mail.com,26,42378
4128,user_4128,user_4128@mail.com,27,42381
4129,user_4129,user_4129@mail.com,28,42384
4130,user_4130,user_4130@mail.com,29,42387
4131,user_4131,user_4131@mail.com,30,42390
4132,user_4132,user_4132@mail.com,31,42393
4133,user_4133,user_4133@mail.com,32,42396
4134,user_4134,user_4134@mail.com,33,42399
4135,user_4135,user_4135@mail.com,34,42402
4136,user_4136,user_4136@mail.com,35,42405
4137,user_4137,user_4137@mail.com,36,42408
4138,user_4138,user_4138@mail.com,37,42411
4139,user_4139,user_4139@mail.com,38,42414
4140,user_4140,user_4140@mail.com,39,42417
4141,user_4141,user_4141@mail.com,40,42420
4142,user_4142,user_4142@mail.com,41,42423
4143,user_4143,user_4143@mail.com,42,42426
4144,user_4144,user_4144@mail.com,43,42429
4145,user_4145,user_4145@mail.com,44,42432
4146,user_4146,user_4146@mail.com,45,42435
4147,user_4147,user_4147@mail.com,46,42438
4148,user_4148,user_4148@mail.com,47,42441
4149,user_4149,user_4149@mail.com,48,42444
4150,user_4150,user_4150@mail.com,49,42447
4151,user_4151,user_4151@mail.com,50,42450
4152,user_4152,user_4152@mail.com,51,42453
4153,user_4153,user_4153@mail.com,52,42456
4154,user_4154,user_4154@mail.com,53,42459
4155,user_4155,user_4155@mail.com,54,42462
4156,user_4156,user_4156@mail.com,55,42465
4157,user_4157,user_4157@mail.com,56,42468
4158,user_4158,user_4158@mail.com,57,42471
4159,user_4159,user_4159@mail.com,58,42474
4160,user_4160,user_4160@mail.com,59,42477
4161,user_4161,user_4161@mail.com,20,42480
4162,user_4162,user_4162@mail.com,21,42483
4163,user_4163,user_4163@mail.com,22,42486
4164,user_4164,user_4164@mail.com,23,42489
4165,user_4165,user_4165@mail.com,24,42492
4166,user_4166,user_4166@mail.com,25,42495
4167,user_4167,user_4167@mail.com,26,42498
4168,user_4168,user_4168@mail.com,27,42501
4169,user_4169,user_4169@mail.com,28,42504
4170,user_4170,user_4170@mail.com,29,42507
4171,user_4171,user_4171@mail.com,30,42510
4172,user_4172,user_4172@mail.com,31,42513
4173,user_4173,user_4173@mail.com,32,42516
4174,user_4174,user_4174@mail.com,33,42519
4175,user_4175,user_4175@mail.com,34,42522
4176,user_4176,user_4176@mail.com,35,42525
4177,user_4177,user_4177@mail.com,36,42528
4178,user_4178,user_4178@mail.com,37,42531
4179,user_4179,user_4179@mail.com,38,42534
4180,user_4180,user_4180@mail.com,39,42537
4181,user_4181,user_4181@mail.com,40,42540
4182,user_4182,user_4182@mail.com,41,42543
4183,user_4183,user_4183@mail.com,42,42546
4184,user_4184,user_4184@mail.com,43,42549
4185,user_4185,user_4185@mail.com,44,42552
4186,user_4186,user_4186@mail.com,45,42555
4187,user_4187,user_4187@mail.com,46,42558
4188,user_4188,user_4188@mail.com,47,42561
4189,user_4189,user_4189@mail.com,48,42564
4190,user_4190,user_4190@mail.com,49,42567
4191,user_4191,user_4191@mail.com,50,42570
4192,user_4192,user_4192@mail.com,51,42573
4193,user_4193,user_4193@mail.com,52,42576
4194,user_4194,user_4194@mail.com,53,42579
4195,user_4195,user_4195@mail.com,54,42582
4196,user_4196,user_4196@mail.com,55,42585
4197,user_4197,user_4197@mail.com,56,42588
4198,user_4198,user_4198@mail.com,57,42591
4199,user_4199,user_4199@mail.com,58,42594
4200,user_4200,user_4200@mail.com,59,42597
4201,user_4201,user_4201@mail.com,20,42600
4202,user_4202,user_4202@mail.com,21,42603
4203,user_4203,user_4203@mail.com,22,42606
4204,user_4204,user_4204@mail.com,23,42609
4205,user_4205,user_4205@mail.com,24,42612
4206,user_4206,user_4206@mail.com,25,42615
4207,user_4207,user_4207@mail.com,26,42618
4208,user_4208,user_4208@mail.com,27,42621
4209,user_4209,user_4209@mail.com,28,42624
4210,user_4210,user_4210@mail.com,29,42627
4211,user_4211,user_4211@mail.com,30,42630
4212,user_4212,user_4212@mail.com,31,42633
4213,user_4213,user_4213@mail.com,32,42636
4214,user_4214,user_4214@mail.com,33,42639
4215,user_4215,user_4215@mail.com,34,42642
4216,user_4216,user_4216@mail.com,35,42645
4217,user_4217,user_4217@mail.com,36,42648
4218,user_4218,user_4218@mail.com,37,42651
4219,user_4219,user_4219@mail.com,38,42654
4220,user_4220,user_4220@mail.com,39,42657
4221,user_4221,user_4221@mail.com,40,42660
4222,user_4222,user_4222@mail.com,41,42663
4223,user_4223,user_4223@mail.com,42,42666
4224,user_4224,user_4224@mail.com,43,42669
4225,user_4225,user_4225@mail.com,44,42672
4226,user_4226,user_4226@mail.com,45,42675
4227,user_4227,user_4227@mail.com,46,42678
4228,user_4228,user_4228@mail.com,47,42681
4229,user_4229,user_4229@mail.com,48,42684
4230,user_4230,user_4230@mail.com,49,42687
4231,user_4231,user_4231@mail.com,50,42690
4232,user_4232,user_4232@mail.com,51,42693
4233,user_4233,user_4233@mail.com,52,42696
4234,user_4234,user_4234@mail.com,53,42699
4235,user_4235,user_4235@mail.com,54,42702
4236,user_4236,user_4236@mail.com,55,42705
4237,user_4237,user_4237@mail.com,56,42708
4238,user_4238,user_4238@mail.com,57,42711
4239,user_4239,user_4239@mail.com,58,42714
4240,user_4240,user_4240@mail.com,59,42717
4241,user_4241,user_4241@mail.com,20,42720
4242,user_4242,user_4242@mail.com,21,42723
4243,user_4243,user_4243@mail.com,22,42726
4244,user_4244,user_4244@mail.com,23,42729
4245,user_4245,user_4245@mail.com,24,42732
4246,user_4246,user_4246@mail.com,25,42735
4247,user_4247,user_4247@mail.com,26,42738
4248,user_4248,user_4248@mail.com,27,42741
4249,user_4249,user_4249@mail.com,28,42744
4250,user_4250,user_4250@mail.com,29,42747
4251,user_4251,user_4251@mail.com,30,42750
4252,user_4252,user_4252@mail.com,31,42753
4253,user_4253,user_4253@mail.com,32,42756
4254,user_4254,user_4254@mail.com,33,42759
4255,user_4255,user_4255@mail.com,34,42762
4256,user_4256,user_4256@mail.com,35,42765
4257,user_4257,user_4257@mail.com,36,42768
4258,user_4258,user_4258@mail.com,37,42771
4259,user_4259,user_4259@mail.com,38,42774
4260,user_4260,user_4260@mail.com,39,42777
4261,user_4261,user_4261@mail.com,40,42780
4262,user_4262,user_4262@mail.com,41,42783
4263,user_4263,user_4263@mail.com,42,42786
4264,user_4264,user_4264@mail.com,43,42789
4265,user_4265,user_4265@mail.com,44,42792
4266,user_4266,user_4266@mail.com,45,42795
4267,user_4267,user_4267@mail.com,46,42798
4268,user_4268,user_4268@mail.com,47,42801
4269,user_4269,user_4269@mail.com,48,42804
4270,user_4270,user_4270@mail.com,49,42807
4271,user_4271,user_4271@mail.com,50,42810
4272,user_4272,user_4272@mail.com,51,42813
4273,user_4273,user_4273@mail.com,52,42816
4274,user_4274,user_4274@mail.com,53,42819
4275,user_4275,user_4275@mail.com,54,42822
4276,user_4276,user_4276@mail.com,55,42825
4277,user_4277,user_4277@mail.com,56,42828
4278,user_4278,user_4278@mail.com,57,42831
4279,user_4279,user_4279@mail.com,58,42834
4280,user_4280,user_4280@mail.com,59,42837
4281,user_4281,user_4281@mail.com,20,42840
4282,user_4282,user_4282@mail.com,21,42843
4283,user_4283,user_4283@mail.com,22,42846
4284,user_4284,user_4284@mail.com,23,42849
4285,user_4285,user_4285@mail.com,24,42852
4286,user_4286,user_4286@mail.com,25,42855
4287,user_4287,user_4287@mail.com,26,42858
4288,user_4288,user_4288@mail.com,27,42861
4289,user_4289,user_4289@mail.com,28,42864
4290,user_4290,user_4290@mail.com,29,42867
4291,user_4291,user_4291@mail.com,30,42870
4292,user_4292,user_4292@mail.com,31,42873
4293,user_4293,user_4293@mail.com,32,42876
4294,user_4294,user_4294@mail.com,33,42879
4295,user_4295,user_4295@mail.com,34,42882
4296,user_4296,user_4296@mail.com,35,42885
4297,user_4297,user_4297@mail.com,36,42888
4298,user_4298,user_4298@mail.com,37,42891
4299,user_4299,user_4299@mail.com,38,42894
4300,user_4300,user_4300@mail.com,39,42897
4301,user_4301,user_4301@mail.com,40,42900
4302,user_4302,user_4302@mail.com,41,42903
4303,user_4303,user_4303@mail.com,42,42906
4304,user_4304,user_4304@mail.com,43,42909
4305,user_4305,user_4305@mail.com,44,42912
4306,user_4306,user_4306@mail.com,45,42915
4307,user_4307,user_4307@mail.com,46,42918
4308,user_4308,user_4308@mail.com,47,42921
4309,user_4309,user_4309@mail.com,48,42924
4310,user_4310,user_4310@mail.com,49,42927
4311,user_4311,user_4311@mail.com,50,42930
4312,user_4312,user_4312@mail.com,51,42933
4313,user_4313,user_4313@mail.com,52,42936
4314,user_4314,user_4314@mail.com,53,42939
4315,user_4315,user_4315@mail.com,54,42942
4316,user_4316,user_4316@mail.com,55,42945
4317,user_4317,user_4317@mail.com,56,42948
4318,user_4318,user_4318@mail.com,57,42951
4319,user_4319,user_4319@mail.com,58,42954
4320,user_4320,user_4320@mail.com,59,42957
4321,user_4321,user_4321@mail.com,20,42960
4322,user_4322,user_4322@mail.com,21,42963
4323,user_4323,user_4323@mail.com,22,42966
4324,user_4324,user_4324@mail.com,23,42969
4325,user_4325,user_4325@mail.com,24,42972
4326,user_4326,user_4326@mail.com,25,42975
4327,user_4327,user_4327@mail.com,26,42978
4328,user_4328,user_4328@mail.com,27,42981
4329,user_4329,user_4329@mail.com,28,42984
4330,user_4330,user_4330@mail.com,29,42987
4331,user_4331,user_4331@mail.com,30,42990
4332,user_4332,user_4332@mail.com,31,42993
4333,user_4333,user_4333@mail.com,32,42996
4334,user_4334,user_4334@mail.com,33,42999
4335,user_4335,user_4335@mail.com,34,43002
4336,user_4336,user_4336@mail.com,35,43005
4337,user_4337,user_4337@mail.com,36,43008
4338,user_4338,user_4338@mail.com,37,43011
4339,user_4339,user_4339@mail.com,38,43014
4340,user_4340,user_4340@mail.com,39,43017
4341,user_4341,user_4341@mail.com,40,43020
4342,user_4342,user_4342@mail.com,41,43023
4343,user_4343,user_4343@mail.com,42,43026
4344,user_4344,user_4344@mail.com,43,43029
4345,user_4345,user_4345@mail.com,44,43032
4346,user_4346,user_4346@mail.com,45,43035
4347,user_4347,user_4347@mail.com,46,43038
4348,user_4348,user_4348@mail.com,47,43041
4349,user_4349,user_4349@mail.com,48,43044
4350,user_4350,user_4350@mail.com,49,43047
4351,user_4351,user_4351@mail.com,50,43050
4352,user_4352,user_4352@mail.com,51,43053
4353,user_4353,user_4353@mail.com,52,43056
4354,user_4354,user_4354@mail.com,53,43059
4355,user_4355,user_4355@mail.com,54,43062
4356,user_4356,user_4356@mail.com,55,43065
4357,user_4357,user_4357@mail.com,56,43068
4358,user_4358,user_4358@mail.com,57,43071
4359,user_4359,user_4359@mail.com,58,43074
4360,user_4360,user_4360@mail.com,59,43077
4361,user_4361,user_4361@mail.com,20,43080
4362,user_4362,user_4362@mail.com,21,43083
4363,user_4363,user_4363@mail.com,22,43086
4364,user_4364,user_4364@mail.com,23,43089
4365,user_4365,user_4365@mail.com,24,43092
4366,user_4366,user_4366@mail.com,25,43095
4367,user_4367,user_4367@mail.com,26,43098
4368,user_4368,user_4368@mail.com,27,43101
4369,user_4369,user_4369@mail.com,28,43104
4370,user_4370,user_4370@mail.com,29,43107
4371,user_4371,user_4371@mail.com,30,43110
4372,user_4372,user_4372@mail.com,31,43113
4373,user_4373,user_4373@mail.com,32,43116
4374,user_4374,user_4374@mail.com,33,43119
4375,user_4375,user_4375@mail.com,34,43122
4376,user_4376,user_4376@mail.com,35,43125
4377,user_4377,user_4377@mail.com,36,43128
4378,user_4378,user_4378@mail.com,37,43131
4379,user_4379,user_4379@mail.com,38,43134
4380,user_4380,user_4380@mail.com,39,43137
4381,user_4381,user_4381@mail.com,40,43140
4382,user_4382,user_4382@mail.com,41,43143
4383,user_4383,user_4383@mail.com,42,43146
4384,user_4384,user_4384@mail.com,43,43149
4385,user_4385,user_4385@mail.com,44,43152
4386,user_4386,user_4386@mail.com,45,43155
4387,user_4387,user_4387@mail.com,46,43158
4388,user_4388,user_4388@mail.com,47,43161
4389,user_4389,user_4389@mail.com,48,43164
4390,user_4390,user_4390@mail.com,49,43167
4391,user_4391,user_4391@mail.com,50,43170
4392,user_4392,user_4392@mail.com,51,43173
4393,user_4393,user_4393@mail.com,52,43176
4394,user_4394,user_4394@mail.com,53,43179
4395,user_4395,user_4395@mail.com,54,43182
4396,user_4396,user_4396@mail.com,55,43185
4397,user_4397,user_4397@mail.com,56,43188
4398,user_4398,user_4398@mail.com,57,43191
4399,user_4399,user_4399@mail.com,58,43194
4400,user_4400,user_4400@mail.com,59,43197
4401,user_4401,user_4401@mail.com,20,43200
4402,user_4402,user_4402@mail.com,21,43203
4403,user_4403,user_4403@mail.com,22,43206
4404,user_4404,user_4404@mail.com,23,43209
4405,user_4405,user_4405@mail.com,24,43212
4406,user_4406,user_4406@mail.com,25,43215
4407,user_4407,user_4407@mail.com,26,43218
4408,user_4408,user_4408@mail.com,27,43221
4409,user_4409,user_4409@mail.com,28,43224
4410,user_4410,user_4410@mail.com,29,43227
4411,user_4411,user_4411@mail.com,30,43230
4412,user_4412,user_4412@mail.com,31,43233
4413,user_4413,user_4413@mail.com,32,43236
4414,user_4414,user_4414@mail.com,33,43239
4415,user_4415,user_4415@mail.com,34,43242
4416,user_4416,user_4416@mail.com,35,43245
4417,user_4417,user_4417@mail.com,36,43248
4418,user_4418,user_4418@mail.com,37,43251
4419,user_4419,user_4419@mail.com,38,43254
4420,user_4420,user_4420@mail.com,39,43257
4421,user_4421,user_4421@mail.com,40,43260
4422,user_4422,user_4422@mail.com,41,43263
4423,user_4423,user_4423@mail.com,42,43266
4424,user_4424,user_4424@mail.com,43,43269
4425,user_4425,user_4425@mail.com,44,43272
4426,user_4426,user_4426@mail.com,45,43275
4427,user_4427,user_4427@mail.com,46,43278
4428,user_4428,user_4428@mail.com,47,43281
4429,user_4429,user_4429@mail.com,48,43284
4430,user_4430,user_4430@mail.com,49,43287
4431,user_4431,user_4431@mail.com,50,43290
4432,user_4432,user_4432@mail.com,51,43293
4433,user_4433,user_4433@mail.com,52,43296
4434,user_4434,user_4434@mail.com,53,43299
4435,user_4435,user_4435@mail.com,54,43302
4436,user_4436,user_4436@mail.com,55,43305
4437,user_4437,user_4437@mail.com,56,43308
4438,user_4438,user_4438@mail.com,57,43311
4439,user_4439,user_4439@mail.com,58,43314
4440,user_4440,user_4440@mail.com,59,43317
4441,user_4441,user_4441@mail.com,20,43320
4442,user_4442,user_4442@mail.com,21,43323
4443,user_4443,user_4443@mail.com,22,43326
4444,user_4444,user_4444@mail.com,23,43329
4445,user_4445,user_4445@mail.com,24,43332
4446,user_4446,user_4446@mail.com,25,43335
4447,user_4447,user_4447@mail.com,26,43338
4448,user_4448,user_4448@mail.com,27,43341
4449,user_4449,user_4449@mail.com,28,43344
4450,user_4450,user_4450@mail.com,29,43347
4451,user_4451,user_4451@mail.com,30,43350
4452,user_4452,user_4452@mail.com,31,43353
4453,user_4453,user_4453@mail.com,32,43356
4454,user_4454,user_4454@mail.com,33,43359
4455,user_4455,user_4455@mail.com,34,43362
4456,user_4456,user_4456@mail.com,35,43365
4457,user_4457,user_4457@mail.com,36,43368
4458,user_4458,user_4458@mail.com,37,43371
4459,user_4459,user_4459@mail.com,38,43374
4460,user_4460,user_4460@mail.com,39,43377
4461,user_4461,user_4461@mail.com,40,43380
4462,user_4462,user_4462@mail.com,41,43383
4463,user_4463,user_4463@mail.com,42,43386
4464,user_4464,user_4464@mail.com,43,43389
4465,user_4465,user_4465@mail.com,44,43392
4466,user_4466,user_4466@mail.com,45,43395
4467,user_4467,user_4467@mail.com,46,43398
4468,user_4468,user_4468@mail.com,47,43401
4469,user_4469,user_4469@mail.com,48,43404
4470,user_4470,user_4470@mail.com,49,43407
4471,user_4471,user_4471@mail.com,50,43410
4472,user_4472,user_4472@mail.com,51,43413
4473,user_4473,user_4473@mail.com,52,43416
4474,user_4474,user_4474@mail.com,53,43419
4475,user_4475,user_4475@mail.com,54,43422
4476,user_4476,user_4476@mail.com,55,43425
4477,user_4477,user_4477@mail.com,56,43428
4478,user_4478,user_4478@mail.com,57,43431
4479,user_4479,user_4479@mail.com,58,43434
4480,user_4480,user_4480@mail.com,59,43437
4481,user_4481,user_4481@mail.com,20,43440
4482,user_4482,user_4482@mail.com,21,43443
4483,user_4483,user_4483@mail.com,22,43446
4484,user_4484,user_4484@mail.com,23,43449
4485,user_4485,user_4485@mail.com,24,43452
4486,user_4486,user_4486@mail.com,25,43455
4487,user_4487,user_4487@mail.com,26,43458
4488,user_4488,user_4488@mail.com,27,43461
4489,user_4489,user_4489@mail.com,28,43464
4490,user_4490,user_4490@mail.com,29,43467
4491,user_4491,user_4491@mail.com,30,43470
4492,user_4492,user_4492@mail.com,31,43473
4493,user_4493,user_4493@mail.com,32,43476
4494,user_4494,user_4494@mail.com,33,43479
4495,user_4495,user_4495@mail.com,34,43482
4496,user_4496,user_4496@mail.com,35,43485
4497,user_4497,user_4497@mail.com,36,43488
4498,user_4498,user_4498@mail.com,37,43491
4499,user_4499,user_4499@mail.com,38,43494
4500,user_4500,user_4500@mail.com,39,43497
4501,user_4501,user_4501@mail.com,40,43500
4502,user_4502,user_4502@mail.com,41,43503
4503,user_4503,user_4503@mail.com,42,43506
4504,user_4504,user_4504@mail.com,43,43509
4505,user_4505,user_4505@mail.com,44,43512
4506,user_4506,user_4506@mail.com,45,43515
4507,user_4507,user_4507@mail.com,46,43518
4508,user_4508,user_4508@mail.com,47,43521
4509,user_4509,user_4509@mail.com,48,43524
4510,user_4510,user_4510@mail.com,49,43527
4511,user_4511,user_4511@mail.com,50,43530
4512,user_4512,user_4512@mail.com,51,43533
4513,user_4513,user_4513@mail.com,52,43536
4514,user_4514,user_4514@mail.com,53,43539
4515,user_4515,user_4515@mail.com,54,43542
4516,user_4516,user_4516@mail.com,55,43545
4517,user_4517,user_4517@mail.com,56,43548
4518,user_4518,user_4518@mail.com,57,43551
4519,user_4519,user_4519@mail.com,58,43554
4520,user_4520,user_4520@mail.com,59,43557
4521,user_4521,user_4521@mail.com,20,43560
4522,user_4522,user_4522@mail.com,21,43563
4523,user_4523,user_4523@mail.com,22,43566
4524,user_4524,user_4524@mail.com,23,43569
4525,user_4525,user_4525@mail.com,24,43572
4526,user_4526,user_4526@mail.com,25,43575
4527,user_4527,user_4527@mail.com,26,43578
4528,user_4528,user_4528@mail.com,27,43581
4529,user_4529,user_4529@mail.com,28,43584
4530,user_4530,user_4530@mail.com,29,43587
4531,user_4531,user_4531@mail.com,30,43590
4532,user_4532,user_4532@mail.com,31,43593
4533,user_4533,user_4533@mail.com,32,43596
4534,user_4534,user_4534@mail.com,33,43599
4535,user_4535,user_4535@mail.com,34,43602
4536,user_4536,user_4536@mail.com,35,43605
4537,user_4537,user_4537@mail.com,36,43608
4538,user_4538,user_4538@mail.com,37,43611
4539,user_4539,user_4539@mail.com,38,43614
4540,user_4540,user_4540@mail.com,39,43617
4541,user_4541,user_4541@mail.com,40,43620
4542,user_4542,user_4542@mail.com,41,43623
4543,user_4543,user_4543@mail.com,42,43626
4544,user_4544,user_4544@mail.com,43,43629
4545,user_4545,user_4545@mail.com,44,43632
4546,user_4546,user_4546@mail.com,45,43635
4547,user_4547,user_4547@mail.com,46,43638
4548,user_4548,user_4548@mail.com,47,43641
4549,user_4549,user_4549@mail.com,48,43644
4550,user_4550,user_4550@mail.com,49,43647
4551,user_4551,user_4551@mail.com,50,43650
4552,user_4552,user_4552@mail.com,51,43653
4553,user_4553,user_4553@mail.com,52,43656
4554,user_4554,user_4554@mail.com,53,43659
4555,user_4555,user_4555@mail.com,54,43662
4556,user_4556,user_4556@mail.com,55,43665
4557,user_4557,user_4557@mail.com,56,43668
4558,user_4558,user_4558@mail.com,57,43671
4559,user_4559,user_4559@mail.com,58,43674
4560,user_4560,user_4560@mail.com,59,43677
4561,user_4561,user_4561@mail.com,20,43680
4562,user_4562,user_4562@mail.com,21,43683
4563,user_4563,user_4563@mail.com,22,43686
4564,user_4564,user_4564@mail.com,23,43689
4565,user_4565,user_4565@mail.com,24,43692
4566,user_4566,user_4566@mail.com,25,43695
4567,user_4567,user_4567@mail.com,26,43698
4568,user_4568,user_4568@mail.com,27,43701
4569,user_4569,user_4569@mail.com,28,43704
4570,user_4570,user_4570@mail.com,29,43707
4571,user_4571,user_4571@mail.com,30,43710
4572,user_4572,user_4572@mail.com,31,43713
4573,user_4573,user_4573@mail.com,32,43716
4574,user_4574,user_4574@mail.com,33,43719
4575,user_4575,user_4575@mail.com,34,43722
4576,user_4576,user_4576@mail.com,35,43725
4577,user_4577,user_4577@mail.com,36,43728
4578,user_4578,user_4578@mail.com,37,43731
4579,user_4579,user_4579@mail.com,38,43734
4580,user_4580,user_4580@mail.com,39,43737
4581,user_4581,user_4581@mail.com,40,43740
4582,user_4582,user_4582@mail.com,41,43743
4583,user_4583,user_4583@mail.com,42,43746
4584,user_4584,user_4584@mail.com,43,43749
4585,user_4585,user_4585@mail.com,44,43752
4586,user_4586,user_4586@mail.com,45,43755
4587,user_4587,user_4587@mail.com,46,43758
4588,user_4588,user_4588@mail.com,47,43761
4589,user_4589,user_4589@mail.com,48,43764
4590,user_4590,user_4590@mail.com,49,43767
4591,user_4591,user_4591@mail.com,50,43770
4592,user_4592,user_4592@mail.com,51,43773
4593,user_4593,user_4593@mail.com,52,43776
4594,user_4594,user_4594@mail.com,53,43779
4595,user_4595,user_4595@mail.com,54,43782
4596,user_4596,user_4596@mail.com,55,43785
4597,user_4597,user_4597@mail.com,56,43788
4598,user_4598,user_4598@mail.com,57,43791
4599,user_4599,user_4599@mail.com,58,43794
4600,user_4600,user_4600@mail.com,59,43797
4601,user_4601,user_4601@mail.com,20,43800
4602,user_4602,user_4602@mail.com,21,43803
4603,user_4603,user_4603@mail.com,22,43806
4604,user_4604,user_4604@mail.com,23,43809
4605,user_4605,user_4605@mail.com,24,43812
4606,user_4606,user_4606@mail.com,25,43815
4607,user_4607,user_4607@mail.com,26,43818
4608,user_4608,user_4608@mail.com,27,43821
4609,user_4609,user_4609@mail.com,28,43824
4610,user_4610,user_4610@mail.com,29,43827
4611,user_4611,user_4611@mail.com,30,43830
4612,user_4612,user_4612@mail.com,31,43833
4613,user_4613,user_4613@mail.com,32,43836
4614,user_4614,user_4614@mail.com,33,43839
4615,user_4615,user_4615@mail.com,34,43842
4616,user_4616,user_4616@mail.com,35,43845
4617,user_4617,user_4617@mail.com,36,43848
4618,user_4618,user_4618@mail.com,37,43851
4619,user_4619,user_4619@mail.com,38,43854
4620,user_4620,user_4620@mail.com,39,43857
4621,user_4621,user_4621@mail.com,40,43860
4622,user_4622,user_4622@mail.com,41,43863
4623,user_4623,user_4623@mail.com,42,43866
4624,user_4624,user_4624@mail.com,43,43869
4625,user_4625,user_4625@mail.com,44,43872
4626,user_4626,user_4626@mail.com,45,43875
4627,user_4627,user_4627@mail.com,46,43878
4628,user_4628,user_4628@mail.com,47,43881
4629,user_4629,user_4629@mail.com,48,43884
4630,user_4630,user_4630@mail.com,49,43887
4631,user_4631,user_4631@mail.com,50,43890
4632,user_4632,user_4632@mail.com,51,43893
4633,user_4633,user_4633@mail.com,52,43896
4634,user_4634,user_4634@mail.com,53,43899
4635,user_4635,user_4635@mail.com,54,43902
4636,user_4636,user_4636@mail.com,55,43905
4637,user_4637,user_4637@mail.com,56,43908
4638,user_4638,user_4638@mail.com,57,43911
4639,user_4639,user_4639@mail.com,58,43914
4640,user_4640,user_4640@mail.com,59,43917
4641,user_4641,user_4641@mail.com,20,43920
4642,user_4642,user_4642@mail.com,21,43923
4643,user_4643,user_4643@mail.com,22,43926
4644,user_4644,user_4644@mail.com,23,43929
4645,user_4645,user_4645@mail.com,24,43932
4646,user_4646,user_4646@mail.com,25,43935
4647,user_4647,user_4647@mail.com,26,43938
4648,user_4648,user_4648@mail.com,27,43941
4649,user_4649,user_4649@mail.com,28,43944
4650,user_4650,user_4650@mail.com,29,43947
4651,user_4651,user_4651@mail.com,30,43950
4652,user_4652,user_4652@mail.com,31,43953
4653,user_4653,user_4653@mail.com,32,43956
4654,user_4654,user_4654@mail.com,33,43959
4655,user_4655,user_4655@mail.com,34,43962
4656,user_4656,user_4656@mail.com,35,43965
4657,user_4657,user_4657@mail.com,36,43968
4658,user_4658,user_4658@mail.com,37,43971
4659,user_4659,user_4659@mail.com,38,43974
4660,user_4660,user_4660@mail.com,39,43977
4661,user_4661,user_4661@mail.com,40,43980
4662,user_4662,user_4662@mail.com,41,43983
4663,user_4663,user_4663@mail.com,42,43986
4664,user_4664,user_4664@mail.com,43,43989
4665,user_4665,user_4665@mail.com,44,43992
4666,user_4666,user_4666@mail.com,45,43995
4667,user_4667,user_4667@mail.com,46,43998
4668,user_4668,user_4668@mail.com,47,44001
4669,user_4669,user_4669@mail.com,48,44004
4670,user_4670,user_4670@mail.com,49,44007
4671,user_4671,user_4671@mail.com,50,44010
4672,user_4672,user_4672@mail.com,51,44013
4673,user_4673,user_4673@mail.com,52,44016
4674,user_4674,user_4674@mail.com,53,44019
4675,user_4675,user_4675@mail.com,54,44022
4676,user_4676,user_4676@mail.com,55,44025
4677,user_4677,user_4677@mail.com,56,44028
4678,user_4678,user_4678@mail.com,57,44031
4679,user_4679,user_4679@mail.com,58,44034
4680,user_4680,user_4680@mail.com,59,44037
4681,user_4681,user_4681@mail.com,20,44040
4682,user_4682,user_4682@mail.com,21,44043
4683,user_4683,user_4683@mail.com,22,44046
4684,user_4684,user_4684@mail.com,23,44049
4685,user_4685,user_4685@mail.com,24,44052
4686,user_4686,user_4686@mail.com,25,44055
4687,user_4687,user_4687@mail.com,26,44058
4688,user_4688,user_4688@mail.com,27,44061
4689,user_4689,user_4689@mail.com,28,44064
4690,user_4690,user_4690@mail.com,29,44067
4691,user_4691,user_4691@mail.com,30,44070
4692,user_4692,user_4692@mail.com,31,44073
4693,user_4693,user_4693@mail.com,32,44076
4694,user_4694,user_4694@mail.com,33,44079
4695,user_4695,user_4695@mail.com,34,44082
4696,user_4696,user_4696@mail.com,35,44085
4697,user_4697,user_4697@mail.com,36,44088
4698,user_4698,user_4698@mail.com,37,44091
4699,user_4699,user_4699@mail.com,38,44094
4700,user_4700,user_4700@mail.com,39,44097
4701,user_4701,user_4701@mail.com,40,44100
4702,user_4702,user_4702@mail.com,41,44103
4703,user_4703,user_4703@mail.com,42,44106
4704,user_4704,user_4704@mail.com,43,44109
4705,user_4705,user_4705@mail.com,44,44112
4706,user_4706,user_4706@mail.com,45,44115
4707,user_4707,user_4707@mail.com,46,44118
4708,user_4708,user_4708@mail.com,47,44121
4709,user_4709,user_4709@mail.com,48,44124
4710,user_4710,user_4710@mail.com,49,44127
4711,user_4711,user_4711@mail.com,50,44130
4712,user_4712,user_4712@mail.com,51,44133
4713,user_4713,user_4713@mail.com,52,44136
4714,user_4714,user_4714@mail.com,53,44139
4715,user_4715,user_4715@mail.com,54,44142
4716,user_4716,user_4716@mail.com,55,44145
4717,user_4717,user_4717@mail.com,56,44148
4718,user_4718,user_4718@mail.com,57,44151
4719,user_4719,user_4719@mail.com,58,44154
4720,user_4720,user_4720@mail.com,59,44157
4721,user_4721,user_4721@mail.com,20,44160
4722,user_4722,user_4722@mail.com,21,44163
4723,user_4723,user_4723@mail.com,22,44166
4724,user_4724,user_4724@mail.com,23,44169
4725,user_4725,user_4725@mail.com,24,44172
4726,user_4726,user_4726@mail.com,25,44175
4727,user_4727,user_4727@mail.com,26,44178
4728,user_4728,user_4728@mail.com,27,44181
4729,user_4729,user_4729@mail.com,28,44184
4730,user_4730,user_4730@mail.com,29,44187
4731,user_4731,user_4731@mail.com,30,44190
4732,user_4732,user_4732@mail.com,31,44193
4733,user_4733,user_4733@mail.com,32,44196
4734,user_4734,user_4734@mail.com,33,44199
4735,user_4735,user_4735@mail.com,34,44202
4736,user_4736,user_4736@mail.com,35,44205
4737,user_4737,user_4737@mail.com,36,44208
4738,user_4738,user_4738@mail.com,37,44211
4739,user_4739,user_4739@mail.com,38,44214
4740,user_4740,user_4740@mail.com,39,44217
4741,user_4741,user_4741@mail.com,40,44220
4742,user_4742,user_4742@mail.com,41,44223
4743,user_4743,user_4743@mail.com,42,44226
4744,user_4744,user_4744@mail.com,43,44229
4745,user_4745,user_4745@mail.com,44,44232
4746,user_4746,user_4746@mail.com,45,44235
4747,user_4747,user_4747@mail.com,46,44238
4748,user_4748,user_4748@mail.com,47,44241
4749,user_4749,user_4749@mail.com,48,44244
4750,user_4750,user_4750@mail.com,49,44247
4751,user_4751,user_4751@mail.com,50,44250
4752,user_4752,user_4752@mail.com,51,44253
4753,user_4753,user_4753@mail.com,52,44256
4754,user_4754,user_4754@mail.com,53,44259
4755,user_4755,user_4755@mail.com,54,44262
4756,user_4756,user_4756@mail.com,55,44265
4757,user_4757,user_4757@mail.com,56,44268
4758,user_4758,user_4758@mail.com,57,44271
4759,user_4759,user_4759@mail.com,58,44274
4760,user_4760,user_4760@mail.com,59,44277
4761,user_4761,user_4761@mail.com,20,44280
4762,user_4762,user_4762@mail.com,21,44283
4763,user_4763,user_4763@mail.com,22,44286
4764,user_4764,user_4764@mail.com,23,44289
4765,user_4765,user_4765@mail.com,24,44292
4766,user_4766,user_4766@mail.com,25,44295
4767,user_4767,user_4767@mail.com,26,44298
4768,user_4768,user_4768@mail.com,27,44301
4769,user_4769,user_4769@mail.com,28,44304
4770,user_4770,user_4770@mail.com,29,44307
4771,user_4771,user_4771@mail.com,30,44310
4772,user_4772,user_4772@mail.com,31,44313
4773,user_4773,user_4773@mail.com,32,44316
4774,user_4774,user_4774@mail.com,33,44319
4775,user_4775,user_4775@mail.com,34,44322
4776,user_4776,user_4776@mail.com,35,44325
4777,user_4777,user_4777@mail.com,36,44328
4778,user_4778,user_4778@mail.com,37,44331
4779,user_4779,user_4779@mail.com,38,44334
4780,user_4780,user_4780@mail.com,39,44337
4781,user_4781,user_4781@mail.com,40,44340
4782,user_4782,user_4782@mail.com,41,44343
4783,user_4783,user_4783@mail.com,42,44346
4784,user_4784,user_4784@mail.com,43,44349
4785,user_4785,user_4785@mail.com,44,44352
4786,user_4786,user_4786@mail.com,45,44355
4787,user_4787,user_4787@mail.com,46,44358
4788,user_4788,user_4788@mail.com,47,44361
4789,user_4789,user_4789@mail.com,48,44364
4790,user_4790,user_4790@mail.com,49,44367
4791,user_4791,user_4791@mail.com,50,44370
4792,user_4792,user_4792@mail.com,51,44373
4793,user_4793,user_4793@mail.com,52,44376
4794,user_4794,user_4794@mail.com,53,44379
4795,user_4795,user_4795@mail.com,54,44382
4796,user_4796,user_4796@mail.com,55,44385
4797,user_4797,user_4797@mail.com,56,44388
4798,user_4798,user_4798@mail.com,57,44391
4799,user_4799,user_4799@mail.com,58,44394
4800,user_4800,user_4800@mail.com,59,44397
4801,user_4801,user_4801@mail.com,20,44400
4802,user_4802,user_4802@mail.com,21,44403
4803,user_4803,user_4803@mail.com,22,44406
4804,user_4804,user_4804@mail.com,23,44409
4805,user_4805,user_4805@mail.com,24,44412
4806,user_4806,user_4806@mail.com,25,44415
4807,user_4807,user_4807@mail.com,26,44418
4808,user_4808,user_4808@mail.com,27,44421
4809,user_4809,user_4809@mail.com,28,44424
4810,user_4810,user_4810@mail.com,29,44427
4811,user_4811,user_4811@mail.com,30,44430
4812,user_4812,user_4812@mail.com,31,44433
4813,user_4813,user_4813@mail.com,32,44436
4814,user_4814,user_4814@mail.com,33,44439
4815,user_4815,user_4815@mail.com,34,44442
4816,user_4816,user_4816@mail.com,35,44445
4817,user_4817,user_4817@mail.com,36,44448
4818,user_4818,user_4818@mail.com,37,44451
4819,user_4819,user_4819@mail.com,38,44454
4820,user_4820,user_4820@mail.com,39,44457
4821,user_4821,user_4821@mail.com,40,44460
4822,user_4822,user_4822@mail.com,41,44463
4823,user_4823,user_4823@mail.com,42,44466
4824,user_4824,user_4824@mail.com,43,44469
4825,user_4825,user_4825@mail.com,44,44472
4826,user_4826,user_4826@mail.com,45,44475
4827,user_4827,user_4827@mail.com,46,44478
4828,user_4828,user_4828@mail.com,47,44481
4829,user_4829,user_4829@mail.com,48,44484
4830,user_4830,user_4830@mail.com,49,44487
4831,user_4831,user_4831@mail.com,50,44490
4832,user_4832,user_4832@mail.com,51,44493
4833,user_4833,user_4833@mail.com,52,44496
4834,user_4834,user_4834@mail.com,53,44499
4835,user_4835,user_4835@mail.com,54,44502
4836,user_4836,user_4836@mail.com,55,44505
4837,user_4837,user_4837@mail.com,56,44508
4838,user_4838,user_4838@mail.com,57,44511
4839,user_4839,user_4839@mail.com,58,44514
4840,user_4840,user_4840@mail.com,59,44517
4841,user_4841,user_4841@mail.com,20,44520
4842,user_4842,user_4842@mail.com,21,44523
4843,user_4843,user_4843@mail.com,22,44526
4844,user_4844,user_4844@mail.com,23,44529
4845,user_4845,user_4845@mail.com,24,44532
4846,user_4846,user_4846@mail.com,25,44535
4847,user_4847,user_4847@mail.com,26,44538
4848,user_4848,user_4848@mail.com,27,44541
4849,user_4849,user_4849@mail.com,28,44544
4850,user_4850,user_4850@mail.com,29,44547
4851,user_4851,user_4851@mail.com,30,44550
4852,user_4852,user_4852@mail.com,31,44553
4853,user_4853,user_4853@mail.com,32,44556
4854,user_4854,user_4854@mail.com,33,44559
4855,user_4855,user_4855@mail.com,34,44562
4856,user_4856,user_4856@mail.com,35,44565
4857,user_4857,user_4857@mail.com,36,44568
4858,user_4858,user_4858@mail.com,37,44571
4859,user_4859,user_4859@mail.com,38,44574
4860,user_4860,user_4860@mail.com,39,44577
4861,user_4861,user_4861@mail.com,40,44580
4862,user_4862,user_4862@mail.com,41,44583
4863,user_4863,user_4863@mail.com,42,44586
4864,user_4864,user_4864@mail.com,43,44589
4865,user_4865,user_4865@mail.com,44,44592
4866,user_4866,user_4866@mail.com,45,44595
4867,user_4867,user_4867@mail.com,46,44598
4868,user_4868,user_4868@mail.com,47,44601
4869,user_4869,user_4869@mail.com,48,44604
4870,user_4870,user_4870@mail.com,49,44607
4871,user_4871,user_4871@mail.com,50,44610
4872,user_4872,user_4872@mail.com,51,44613
4873,user_4873,user_4873@mail.com,52,44616
4874,user_4874,user_4874@mail.com,53,44619
4875,user_4875,user_4875@mail.com,54,44622
4876,user_4876,user_4876@mail.com,55,44625
4877,user_4877,user_4877@mail.com,56,44628
4878,user_4878,user_4878@mail.com,57,44631
4879,user_4879,user_4879@mail.com,58,44634
4880,user_4880,user_4880@mail.com,59,44637
4881,user_4881,user_4881@mail.com,20,44640
4882,user_4882,user_4882@mail.com,21,44643
4883,user_4883,user_4883@mail.com,22,44646
4884,user_4884,user_4884@mail.com,23,44649
4885,user_4885,user_4885@mail.com,24,44652
4886,user_4886,user_4886@mail.com,25,44655
4887,user_4887,user_4887@mail.com,26,44658
4888,user_4888,user_4888@mail.com,27,44661
4889,user_4889,user_4889@mail.com,28,44664
4890,user_4890,user_4890@mail.com,29,44667
4891,user_4891,user_4891@mail.com,30,44670
4892,user_4892,user_4892@mail.com,31,44673
4893,user_4893,user_4893@mail.com,32,44676
4894,user_4894,user_4894@mail.com,33,44679
4895,user_4895,user_4895@mail.com,34,44682
4896,user_4896,user_4896@mail.com,35,44685
4897,user_4897,user_4897@mail.com,36,44688
4898,user_4898,user_4898@mail.com,37,44691
4899,user_4899,user_4899@mail.com,38,44694
4900,user_4900,user_4900@mail.com,39,44697
4901,user_4901,user_4901@mail.com,40,44700
4902,user_4902,user_4902@mail.com,41,44703
4903,user_4903,user_4903@mail.com,42,44706
4904,user_4904,user_4904@mail.com,43,44709
4905,user_4905,user_4905@mail.com,44,44712
4906,user_4906,user_4906@mail.com,45,44715
4907,user_4907,user_4907@mail.com,46,44718
4908,user_4908,user_4908@mail.com,47,44721
4909,user_4909,user_4909@mail.com,48,44724
4910,user_4910,user_4910@mail.com,49,44727
4911,user_4911,user_4911@mail.com,50,44730
4912,user_4912,user_4912@mail.com,51,44733
4913,user_4913,user_4913@mail.com,52,44736
4914,user_4914,user_4914@mail.com,53,44739
4915,user_4915,user_4915@mail.com,54,44742
4916,user_4916,user_4916@mail.com,55,44745
4917,user_4917,user_4917@mail.com,56,44748
4918,user_4918,user_4918@mail.com,57,44751
4919,user_4919,user_4919@mail.com,58,44754
4920,user_4920,user_4920@mail.com,59,44757
4921,user_4921,user_4921@mail.com,20,44760
4922,user_4922,user_4922@mail.com,21,44763
4923,user_4923,user_4923@mail.com,22,44766
4924,user_4924,user_4924@mail.com,23,44769
4925,user_4925,user_4925@mail.com,24,44772
4926,user_4926,user_4926@mail.com,25,44775
4927,user_4927,user_4927@mail.com,26,44778
4928,user_4928,user_4928@mail.com,27,44781
4929,user_4929,user_4929@mail.com,28,44784
4930,user_4930,user_4930@mail.com,29,44787
4931,user_4931,user_4931@mail.com,30,44790
4932,user_4932,user_4932@mail.com,31,44793
4933,user_4933,user_4933@mail.com,32,44796
4934,user_4934,user_4934@mail.com,33,44799
4935,user_4935,user_4935@mail.com,34,44802
4936,user_4936,user_4936@mail.com,35,44805
4937,user_4937,user_4937@mail.com,36,44808
4938,user_4938,user_4938@mail.com,37,44811
4939,user_4939,user_4939@mail.com,38,44814
4940,user_4940,user_4940@mail.com,39,44817
4941,user_4941,user_4941@mail.com,40,44820
4942,user_4942,user_4942@mail.com,41,44823
4943,user_4943,user_4943@mail.com,42,44826
4944,user_4944,user_4944@mail.com,43,44829
4945,user_4945,user_4945@mail.com,44,44832
4946,user_4946,user_4946@mail.com,45,44835
4947,user_4947,user_4947@mail.com,46,44838
4948,user_4948,user_4948@mail.com,47,44841
4949,user_4949,user_4949@mail.com,48,44844
4950,user_4950,user_4950@mail.com,49,44847
4951,user_4951,user_4951@mail.com,50,44850
4952,user_4952,user_4952@mail.com,51,44853
4953,user_4953,user_4953@mail.com,52,44856
4954,user_4954,user_4954@mail.com,53,44859
4955,user_4955,user_4955@mail.com,54,44862
4956,user_4956,user_4956@mail.com,55,44865
4957,user_4957,user_4957@mail.com,56,44868
4958,user_4958,user_4958@mail.com,57,44871
4959,user_4959,user_4959@mail.com,58,44874
4960,user_4960,user_4960@mail.com,59,44877
4961,user_4961,user_4961@mail.com,20,44880
4962,user_4962,user_4962@mail.com,21,44883
4963,user_4963,user_4963@mail.com,22,44886
4964,user_4964,user_4964@mail.com,23,44889
4965,user_4965,user_4965@mail.com,24,44892
4966,user_4966,user_4966@mail.com,25,44895
4967,user_4967,user_4967@mail.com,26,44898
4968,user_4968,user_4968@mail.com,27,44901
4969,user_4969,user_4969@mail.com,28,44904
4970,user_4970,user_4970@mail.com,29,44907
4971,user_4971,user_4971@mail.com,30,44910
4972,user_4972,user_4972@mail.com,31,44913
4973,user_4973,user_4973@mail.com,32,44916
4974,user_4974,user_4974@mail.com,33,44919
4975,user_4975,user_4975@mail.com,34,44922
4976,user_4976,user_4976@mail.com,35,44925
4977,user_4977,user_4977@mail.com,36,44928
4978,user_4978,user_4978@mail.com,37,44931
4979,user_4979,user_4979@mail.com,38,44934
4980,user_4980,user_4980@mail.com,39,44937
4981,user_4981,user_4981@mail.com,40,44940
4982,user_4982,user_4982@mail.com,41,44943
4983,user_4983,user_4983@mail.com,42,44946
4984,user_4984,user_4984@mail.com,43,44949
4985,user_4985,user_4985@mail.com,44,44952
4986,user_4986,user_4986@mail.com,45,44955
4987,user_4987,user_4987@mail.com,46,44958
4988,user_4988,user_4988@mail.com,47,44961
4989,user_4989,user_4989@mail.com,48,44964
4990,user_4990,user_4990@mail.com,49,44967
4991,user_4991,user_4991@mail.com,50,44970
4992,user_4992,user_4992@mail.com,51,44973
4993,user_4993,user_4993@mail.com,52,44976
4994,user_4994,user_4994@mail.com,53,44979
4995,user_4995,user_4995@mail.com,54,44982
4996,user_4996,user_4996@mail.com,55,44985
4997,user_4997,user_4997@mail.com,56,44988
4998,user_4998,user_4998@mail.com,57,44991
4999,user_4999,user_4999@mail.com,58,44994
5000,user_5000,user_5000@mail.com,59,44997
5001,user_5001,user_5001@mail.com,20,45000
5002,user_5002,user_5002@mail.com,21,45003
5003,user_5003,user_5003@mail.com,22,45006
5004,user_5004,user_5004@mail.com,23,45009
5005,user_5005,user_5005@mail.com,24,45012
5006,user_5006,user_5006@mail.com,25,45015
5007,user_5007,user_5007@mail.com,26,45018
5008,user_5008,user_5008@mail.com,27,45021
5009,user_5009,user_5009@mail.com,28,45024
5010,user_5010,user_5010@mail.com,29,45027
5011,user_5011,user_5011@mail.com,30,45030
5012,user_5012,user_5012@mail.com,31,45033
5013,user_5013,user_5013@mail.com,32,45036
5014,user_5014,user_5014@mail.com,33,45039
5015,user_5015,user_5015@mail.com,34,45042
5016,user_5016,user_5016@mail.com,35,45045
5017,user_5017,user_5017@mail.com,36,45048
5018,user_5018,user_5018@mail.com,37,45051
5019,user_5019,user_5019@mail.com,38,45054
5020,user_5020,user_5020@mail.com,39,45057
5021,user_5021,user_5021@mail.com,40,45060
5022,user_5022,user_5022@mail.com,41,45063
5023,user_5023,user_5023@mail.com,42,45066
5024,user_5024,user_5024@mail.com,43,45069
5025,user_5025,user_5025@mail.com,44,45072
5026,user_5026,user_5026@mail.com,45,45075
5027,user_5027,user_5027@mail.com,46,45078
5028,user_5028,user_5028@mail.com,47,45081
5029,user_5029,user_5029@mail.com,48,45084
5030,user_5030,user_5030@mail.com,49,45087
5031,user_5031,user_5031@mail.com,50,45090
5032,user_5032,user_5032@mail.com,51,45093
5033,user_5033,user_5033@mail.com,52,45096
5034,user_5034,user_5034@mail.com,53,45099
5035,user_5035,user_5035@mail.com,54,45102
5036,user_5036,user_5036@mail.com,55,45105
5037,user_5037,user_5037@mail.com,56,45108
5038,user_5038,user_5038@mail.com,57,45111
5039,user_5039,user_5039@mail.com,58,45114
5040,user_5040,user_5040@mail.com,59,45117
5041,user_5041,user_5041@mail.com,20,45120
5042,user_5042,user_5042@mail.com,21,45123
5043,user_5043,user_5043@mail.com,22,45126
5044,user_5044,user_5044@mail.com,23,45129
5045,user_5045,user_5045@mail.com,24,45132
5046,user_5046,user_5046@mail.com,25,45135
5047,user_5047,user_5047@mail.com,26,45138
5048,user_5048,user_5048@mail.com,27,45141
5049,user_5049,user_5049@mail.com,28,45144
5050,user_5050,user_5050@mail.com,29,45147
5051,user_5051,user_5051@mail.com,30,45150
5052,user_5052,user_5052@mail.com,31,45153
5053,user_5053,user_5053@mail.com,32,45156
5054,user_5054,user_5054@mail.com,33,45159
5055,user_5055,user_5055@mail.com,34,45162
5056,user_5056,user_5056@mail.com,35,45165
5057,user_5057,user_5057@mail.com,36,45168
5058,user_5058,user_5058@mail.com,37,45171
5059,user_5059,user_5059@mail.com,38,45174
5060,user_5060,user_5060@mail.com,39,45177
5061,user_5061,user_5061@mail.com,40,45180
5062,user_5062,user_5062@mail.com,41,45183
5063,user_5063,user_5063@mail.com,42,45186
5064,user_5064,user_5064@mail.com,43,45189
5065,user_5065,user_5065@mail.com,44,45192
5066,user_5066,user_5066@mail.com,45,45195
5067,user_5067,user_5067@mail.com,46,45198
5068,user_5068,user_5068@mail.com,47,45201
5069,user_5069,user_5069@mail.com,48,45204
5070,user_5070,user_5070@mail.com,49,45207
5071,user_5071,user_5071@mail.com,50,45210
5072,user_5072,user_5072@mail.com,51,45213
5073,user_5073,user_5073@mail.com,52,45216
5074,user_5074,user_5074@mail.com,53,45219
5075,user_5075,user_5075@mail.com,54,45222
5076,user_5076,user_5076@mail.com,55,45225
5077,user_5077,user_5077@mail.com,56,45228
5078,user_5078,user_5078@mail.com,57,45231
5079,user_5079,user_5079@mail.com,58,45234
5080,user_5080,user_5080@mail.com,59,45237
5081,user_5081,user_5081@mail.com,20,45240
5082,user_5082,user_5082@mail.com,21,45243
5083,user_5083,user_5083@mail.com,22,45246
5084,user_5084,user_5084@mail.com,23,45249
5085,user_5085,user_5085@mail.com,24,45252
5086,user_5086,user_5086@mail.com,25,45255
5087,user_5087,user_5087@mail.com,26,45258
5088,user_5088,user_5088@mail.com,27,45261
5089,user_5089,user_5089@mail.com,28,45264
5090,user_5090,user_5090@mail.com,29,45267
5091,user_5091,user_5091@mail.com,30,45270
5092,user_5092,user_5092@mail.com,31,45273
5093,user_5093,user_5093@mail.com,32,45276
5094,user_5094,user_5094@mail.com,33,45279
5095,user_5095,user_5095@mail.com,34,45282
5096,user_5096,user_5096@mail.com,35,45285
5097,user_5097,user_5097@mail.com,36,45288
5098,user_5098,user_5098@mail.com,37,45291
5099,user_5099,user_5099@mail.com,38,45294
5100,user_5100,user_5100@mail.com,39,45297
5101,user_5101,user_5101@mail.com,40,45300
5102,user_5102,user_5102@mail.com,41,45303
5103,user_5103,user_5103@mail.com,42,45306
5104,user_5104,user_5104@mail.com,43,45309
5105,user_5105,user_5105@mail.com,44,45312
5106,user_5106,user_5106@mail.com,45,45315
5107,user_5107,user_5107@mail.com,46,45318
5108,user_5108,user_5108@mail.com,47,45321
5109,user_5109,user_5109@mail.com,48,45324
5110,user_5110,user_5110@mail.com,49,45327
5111,user_5111,user_5111@mail.com,50,45330
5112,user_5112,user_5112@mail.com,51,45333
5113,user_5113,user_5113@mail.com,52,45336
5114,user_5114,user_5114@mail.com,53,45339
5115,user_5115,user_5115@mail.com,54,45342
5116,user_5116,user_5116@mail.com,55,45345
5117,user_5117,user_5117@mail.com,56,45348
5118,user_5118,user_5118@mail.com,57,45351
5119,user_5119,user_5119@mail.com,58,45354
5120,user_5120,user_5120@mail.com,59,45357
5121,user_5121,user_5121@mail.com,20,45360
5122,user_5122,user_5122@mail.com,21,45363
5123,user_5123,user_5123@mail.com,22,45366
5124,user_5124,user_5124@mail.com,23,45369
5125,user_5125,user_5125@mail.com,24,45372
5126,user_5126,user_5126@mail.com,25,45375
5127,user_5127,user_5127@mail.com,26,45378
5128,user_5128,user_5128@mail.com,27,45381
5129,user_5129,user_5129@mail.com,28,45384
5130,user_5130,user_5130@mail.com,29,45387
5131,user_5131,user_5131@mail.com,30,45390
5132,user_5132,user_5132@mail.com,31,45393
5133,user_5133,user_5133@mail.com,32,45396
5134,user_5134,user_5134@mail.com,33,45399
5135,user_5135,user_5135@mail.com,34,45402
5136,user_5136,user_5136@mail.com,35,45405
5137,user_5137,user_5137@mail.com,36,45408
5138,user_5138,user_5138@mail.com,37,45411
5139,user_5139,user_5139@mail.com,38,45414
5140,user_5140,user_5140@mail.com,39,45417
5141,user_5141,user_5141@mail.com,40,45420
5142,user_5142,user_5142@mail.com,41,45423
5143,user_5143,user_5143@mail.com,42,45426
5144,user_5144,user_5144@mail.com,43,45429
5145,user_5145,user_5145@mail.com,44,45432
5146,user_5146,user_5146@mail.com,45,45435
5147,user_5147,user_5147@mail.com,46,45438
5148,user_5148,user_5148@mail.com,47,45441
5149,user_5149,user_5149@mail.com,48,45444
5150,user_5150,user_5150@mail.com,49,45447
5151,user_5151,user_5151@mail.com,50,45450
5152,user_5152,user_5152@mail.com,51,45453
5153,user_5153,user_5153@mail.com,52,45456
5154,user_5154,user_5154@mail.com,53,45459
5155,user_5155,user_5155@mail.com,54,45462
5156,user_5156,user_5156@mail.com,55,45465
5157,user_5157,user_5157@mail.com,56,45468
5158,user_5158,user_5158@mail.com,57,45471
5159,user_5159,user_5159@mail.com,58,45474
5160,user_5160,user_5160@mail.com,59,45477
5161,user_5161,user_5161@mail.com,20,45480
5162,user_5162,user_5162@mail.com,21,45483
5163,user_5163,user_5163@mail.com,22,45486
5164,user_5164,user_5164@mail.com,23,45489
5165,user_5165,user_5165@mail.com,24,45492
5166,user_5166,user_5166@mail.com,25,45495
5167,user_5167,user_5167@mail.com,26,45498
5168,user_5168,user_5168@mail.com,27,45501
5169,user_5169,user_5169@mail.com,28,45504
5170,user_5170,user_5170@mail.com,29,45507
5171,user_5171,user_5171@mail.com,30,45510
5172,user_5172,user_5172@mail.com,31,45513
5173,user_5173,user_5173@mail.com,32,45516
5174,user_5174,user_5174@mail.com,33,45519
5175,user_5175,user_5175@mail.com,34,45522
5176,user_5176,user_5176@mail.com,35,45525
5177,user_5177,user_5177@mail.com,36,45528
5178,user_5178,user_5178@mail.com,37,45531
5179,user_5179,user_5179@mail.com,38,45534
5180,user_5180,user_5180@mail.com,39,45537
5181,user_5181,user_5181@mail.com,40,45540
5182,user_5182,user_5182@mail.com,41,45543
5183,user_5183,user_5183@mail.com,42,45546
5184,user_5184,user_5184@mail.com,43,45549
5185,user_5185,user_5185@mail.com,44,45552
5186,user_5186,user_5186@mail.com,45,45555
5187,user_5187,user_5187@mail.com,46,45558
5188,user_5188,user_5188@mail.com,47,45561
5189,user_5189,user_5189@mail.com,48,45564
5190,user_5190,user_5190@mail.com,49,45567
5191,user_5191,user_5191@mail.com,50,45570
5192,user_5192,user_5192@mail.com,51,45573
5193,user_5193,user_5193@mail.com,52,45576
5194,user_5194,user_5194@mail.com,53,45579
5195,user_5195,user_5195@mail.com,54,45582
5196,user_5196,user_5196@mail.com,55,45585
5197,user_5197,user_5197@mail.com,56,45588
5198,user_5198,user_5198@mail.com,57,45591
5199,user_5199,user_5199@mail.com,58,45594
5200,user_5200,user_5200@mail.com,59,45597
5201,user_5201,user_5201@mail.com,20,45600
5202,user_5202,user_5202@mail.com,21,45603
5203,user_5203,user_5203@mail.com,22,45606
5204,user_5204,user_5204@mail.com,23,45609
5205,user_5205,user_5205@mail.com,24,45612
5206,user_5206,user_5206@mail.com,25,45615
5207,user_5207,user_5207@mail.com,26,45618
5208,user_5208,user_5208@mail.com,27,45621
5209,user_5209,user_5209@mail.com,28,45624
5210,user_5210,user_5210@mail.com,29,45627
5211,user_5211,user_5211@mail.com,30,45630
5212,user_5212,user_5212@mail.com,31,45633
5213,user_5213,user_5213@mail.com,32,45636
5214,user_5214,user_5214@mail.com,33,45639
5215,user_5215,user_5215@mail.com,34,45642
5216,user_5216,user_5216@mail.com,35,45645
5217,user_5217,user_5217@mail.com,36,45648
5218,user_5218,user_5218@mail.com,37,45651
5219,user_5219,user_5219@mail.com,38,45654
5220,user_5220,user_5220@mail.com,39,45657
5221,user_5221,user_5221@mail.com,40,45660
5222,user_5222,user_5222@mail.com,41,45663
5223,user_5223,user_5223@mail.com,42,45666
5224,user_5224,user_5224@mail.com,43,45669
5225,user_5225,user_5225@mail.com,44,45672
5226,user_5226,user_5226@mail.com,45,45675
5227,user_5227,user_5227@mail.com,46,45678
5228,user_5228,user_5228@mail.com,47,45681
5229,user_5229,user_5229@mail.com,48,45684
5230,user_5230,user_5230@mail.com,49,45687
5231,user_5231,user_5231@mail.com,50,45690
5232,user_5232,user_5232@mail.com,51,45693
5233,user_5233,user_5233@mail.com,52,45696
5234,user_5234,user_5234@mail.com,53,45699
5235,user_5235,user_5235@mail.com,54,45702
5236,user_5236,user_5236@mail.com,55,45705
5237,user_5237,user_5237@mail.com,56,45708
5238,user_5238,user_5238@mail.com,57,45711
5239,user_5239,user_5239@mail.com,58,45714
5240,user_5240,user_5240@mail.com,59,45717
5241,user_5241,user_5241@mail.com,20,45720
5242,user_5242,user_5242@mail.com,21,45723
5243,user_5243,user_5243@mail.com,22,45726
5244,user_5244,user_5244@mail.com,23,45729
5245,user_5245,user_5245@mail.com,24,45732
5246,user_5246,user_5246@mail.com,25,45735
5247,user_5247,user_5247@mail.com,26,45738
5248,user_5248,user_5248@mail.com,27,45741
5249,user_5249,user_5249@mail.com,28,45744
5250,user_5250,user_5250@mail.com,29,45747
5251,user_5251,user_5251@mail.com,30,45750
5252,user_5252,user_5252@mail.com,31,45753
5253,user_5253,user_5253@mail.com,32,45756
5254,user_5254,user_5254@mail.com,33,45759
5255,user_5255,user_5255@mail.com,34,45762
5256,user_5256,user_5256@mail.com,35,45765
5257,user_5257,user_5257@mail.com,36,45768
5258,user_5258,user_5258@mail.com,37,45771
5259,user_5259,user_5259@mail.com,38,45774
5260,user_5260,user_5260@mail.com,39,45777
5261,user_5261,user_5261@mail.com,40,45780
5262,user_5262,user_5262@mail.com,41,45783
5263,user_5263,user_5263@mail.com,42,45786
5264,user_5264,user_5264@mail.com,43,45789
5265,user_5265,user_5265@mail.com,44,45792
5266,user_5266,user_5266@mail.com,45,45795
5267,user_5267,user_5267@mail.com,46,45798
5268,user_5268,user_5268@mail.com,47,45801
5269,user_5269,user_5269@mail.com,48,45804
5270,user_5270,user_5270@mail.com,49,45807
5271,user_5271,user_5271@mail.com,50,45810
5272,user_5272,user_5272@mail.com,51,45813
5273,user_5273,user_5273@mail.com,52,45816
5274,user_5274,user_5274@mail.com,53,45819
5275,user_5275,user_5275@mail.com,54,45822
5276,user_5276,user_5276@mail.com,55,45825
5277,user_5277,user_5277@mail.com,56,45828
5278,user_5278,user_5278@mail.com,57,45831
5279,user_5279,user_5279@mail.com,58,45834
5280,user_5280,user_5280@mail.com,59,45837
5281,user_5281,user_5281@mail.com,20,45840
5282,user_5282,user_5282@mail.com,21,45843
5283,user_5283,user_5283@mail.com,22,45846
5284,user_5284,user_5284@mail.com,23,45849
5285,user_5285,user_5285@mail.com,24,45852
5286,user_5286,user_5286@mail.com,25,45855
5287,user_5287,user_5287@mail.com,26,45858
5288,user_5288,user_5288@mail.com,27,45861
5289,user_5289,user_5289@mail.com,28,45864
5290,user_5290,user_5290@mail.com,29,45867
5291,user_5291,user_5291@mail.com,30,45870
5292,user_5292,user_5292@mail.com,31,45873
5293,user_5293,user_5293@mail.com,32,45876
5294,user_5294,user_5294@mail.com,33,45879
5295,user_5295,user_5295@mail.com,34,45882
5296,user_5296,user_5296@mail.com,35,45885
5297,user_5297,user_5297@mail.com,36,45888
5298,user_5298,user_5298@mail.com,37,45891
5299,user_5299,user_5299@mail.com,38,45894
5300,user_5300,user_5300@mail.com,39,45897
5301,user_5301,user_5301@mail.com,40,45900
5302,user_5302,user_5302@mail.com,41,45903
5303,user_5303,user_5303@mail.com,42,45906
5304,user_5304,user_5304@mail.com,43,45909
5305,user_5305,user_5305@mail.com,44,45912
5306,user_5306,user_5306@mail.com,45,45915
5307,user_5307,user_5307@mail.com,46,45918
5308,user_5308,user_5308@mail.com,47,45921
5309,user_5309,user_5309@mail.com,48,45924
5310,user_5310,user_5310@mail.com,49,45927
5311,user_5311,user_5311@mail.com,50,45930
5312,user_5312,user_5312@mail.com,51,45933
5313,user_5313,user_5313@mail.com,52,45936
5314,user_5314,user_5314@mail.com,53,45939
5315,user_5315,user_5315@mail.com,54,45942
5316,user_5316,user_5316@mail.com,55,45945
5317,user_5317,user_5317@mail.com,56,45948
5318,user_5318,user_5318@mail.com,57,45951
5319,user_5319,user_5319@mail.com,58,45954
5320,user_5320,user_5320@mail.com,59,45957
5321,user_5321,user_5321@mail.com,20,45960
5322,user_5322,user_5322@mail.com,21,45963
5323,user_5323,user_5323@mail.com,22,45966
5324,user_5324,user_5324@mail.com,23,45969
5325,user_5325,user_5325@mail.com,24,45972
5326,user_5326,user_5326@mail.com,25,45975
5327,user_5327,user_5327@mail.com,26,45978
5328,user_5328,user_5328@mail.com,27,45981
5329,user_5329,user_5329@mail.com,28,45984
5330,user_5330,user_5330@mail.com,29,45987
5331,user_5331,user_5331@mail.com,30,45990
5332,user_5332,user_5332@mail.com,31,45993
5333,user_5333,user_5333@mail.com,32,45996
5334,user_5334,user_5334@mail.com,33,45999
5335,user_5335,user_5335@mail.com,34,46002
5336,user_5336,user_5336@mail.com,35,46005
5337,user_5337,user_5337@mail.com,36,46008
5338,user_5338,user_5338@mail.com,37,46011
5339,user_5339,user_5339@mail.com,38,46014
5340,user_5340,user_5340@mail.com,39,46017
5341,user_5341,user_5341@mail.com,40,46020
5342,user_5342,user_5342@mail.com,41,46023
5343,user_5343,user_5343@mail.com,42,46026
5344,user_5344,user_5344@mail.com,43,46029
5345,user_5345,user_5345@mail.com,44,46032
5346,user_5346,user_5346@mail.com,45,46035
5347,user_5347,user_5347@mail.com,46,46038
5348,user_5348,user_5348@mail.com,47,46041
5349,user_5349,user_5349@mail.com,48,46044
5350,user_5350,user_5350@mail.com,49,46047
5351,user_5351,user_5351@mail.com,50,46050
5352,user_5352,user_5352@mail.com,51,46053
5353,user_5353,user_5353@mail.com,52,46056
5354,user_5354,user_5354@mail.com,53,46059
5355,user_5355,user_5355@mail.com,54,46062
5356,user_5356,user_5356@mail.com,55,46065
5357,user_5357,user_5357@mail.com,56,46068
5358,user_5358,user_5358@mail.com,57,46071
5359,user_5359,user_5359@mail.com,58,46074
5360,user_5360,user_5360@mail.com,59,46077
5361,user_5361,user_5361@mail.com,20,46080
5362,user_5362,user_5362@mail.com,21,46083
5363,user_5363,user_5363@mail.com,22,46086
5364,user_5364,user_5364@mail.com,23,46089
5365,user_5365,user_5365@mail.com,24,46092
5366,user_5366,user_5366@mail.com,25,46095
5367,user_5367,user_5367@mail.com,26,46098
5368,user_5368,user_5368@mail.com,27,46101
5369,user_5369,user_5369@mail.com,28,46104
5370,user_5370,user_5370@mail.com,29,46107
5371,user_5371,user_5371@mail.com,30,46110
5372,user_5372,user_5372@mail.com,31,46113
5373,user_5373,user_5373@mail.com,32,46116
5374,user_5374,user_5374@mail.com,33,46119
5375,user_5375,user_5375@mail.com,34,46122
5376,user_5376,user_5376@mail.com,35,46125
5377,user_5377,user_5377@mail.com,36,46128
5378,user_5378,user_5378@mail.com,37,46131
5379,user_5379,user_5379@mail.com,38,46134
5380,user_5380,user_5380@mail.com,39,46137
5381,user_5381,user_5381@mail.com,40,46140
5382,user_5382,user_5382@mail.com,41,46143
5383,user_5383,user_5383@mail.com,42,46146
5384,user_5384,user_5384@mail.com,43,46149
5385,user_5385,user_5385@mail.com,44,46152
5386,user_5386,user_5386@mail.com,45,46155
5387,user_5387,user_5387@mail.com,46,46158
5388,user_5388,user_5388@mail.com,47,46161
5389,user_5389,user_5389@mail.com,48,46164
5390,user_5390,user_5390@mail.com,49,46167
5391,user_5391,user_5391@mail.com,50,46170
5392,user_5392,user_5392@mail.com,51,46173
5393,user_5393,user_5393@mail.com,52,46176
5394,user_5394,user_5394@mail.com,53,46179
5395,user_5395,user_5395@mail.com,54,46182
5396,user_5396,user_5396@mail.com,55,46185
5397,user_5397,user_5397@mail.com,56,46188
5398,user_5398,user_5398@mail.com,57,46191
5399,user_5399,user_5399@mail.com,58,46194
5400,user_5400,user_5400@mail.com,59,46197
5401,user_5401,user_5401@mail.com,20,46200
5402,user_5402,user_5402@mail.com,21,46203
5403,user_5403,user_5403@mail.com,22,46206
5404,user_5404,user_5404@mail.com,23,46209
5405,user_5405,user_5405@mail.com,24,46212
5406,user_5406,user_5406@mail.com,25,46215
5407,user_5407,user_5407@mail.com,26,46218
5408,user_5408,user_5408@mail.com,27,46221
5409,user_5409,user_5409@mail.com,28,46224
5410,user_5410,user_5410@mail.com,29,46227
5411,user_5411,user_5411@mail.com,30,46230
5412,user_5412,user_5412@mail.com,31,46233
5413,user_5413,user_5413@mail.com,32,46236
5414,user_5414,user_5414@mail.com,33,46239
5415,user_5415,user_5415@mail.com,34,46242
5416,user_5416,user_5416@mail.com,35,46245
5417,user_5417,user_5417@mail.com,36,46248
5418,user_5418,user_5418@mail.com,37,46251
5419,user_5419,user_5419@mail.com,38,46254
5420,user_5420,user_5420@mail.com,39,46257
5421,user_5421,user_5421@mail.com,40,46260
5422,user_5422,user_5422@mail.com,41,46263
5423,user_5423,user_5423@mail.com,42,46266
5424,user_5424,user_5424@mail.com,43,46269
5425,user_5425,user_5425@mail.com,44,46272
5426,user_5426,user_5426@mail.com,45,46275
5427,user_5427,user_5427@mail.com,46,46278
5428,user_5428,user_5428@mail.com,47,46281
5429,user_5429,user_5429@mail.com,48,46284
5430,user_5430,user_5430@mail.com,49,46287
5431,user_5431,user_5431@mail.com,50,46290
5432,user_5432,user_5432@mail.com,51,46293
5433,user_5433,user_5433@mail.com,52,46296
5434,user_5434,user_5434@mail.com,53,46299
5435,user_5435,user_5435@mail.com,54,46302
5436,user_5436,user_5436@mail.com,55,46305
5437,user_5437,user_5437@mail.com,56,46308
5438,user_5438,user_5438@mail.com,57,46311
5439,user_5439,user_5439@mail.com,58,46314
5440,user_5440,user_5440@mail.com,59,46317
5441,user_5441,user_5441@mail.com,20,46320
5442,user_5442,user_5442@mail.com,21,46323
5443,user_5443,user_5443@mail.com,22,46326
5444,user_5444,user_5444@mail.com,23,46329
5445,user_5445,user_5445@mail.com,24,46332
5446,user_5446,user_5446@mail.com,25,46335
5447,user_5447,user_5447@mail.com,26,46338
5448,user_5448,user_5448@mail.com,27,46341
5449,user_5449,user_5449@mail.com,28,46344
5450,user_5450,user_5450@mail.com,29,46347
5451,user_5451,user_5451@mail.com,30,46350
5452,user_5452,user_5452@mail.com,31,46353
5453,user_5453,user_5453@mail.com,32,46356
5454,user_5454,user_5454@mail.com,33,46359
5455,user_5455,user_5455@mail.com,34,46362
5456,user_5456,user_5456@mail.com,35,46365
5457,user_5457,user_5457@mail.com,36,46368
5458,user_5458,user_5458@mail.com,37,46371
5459,user_5459,user_5459@mail.com,38,46374
5460,user_5460,user_5460@mail.com,39,46377
5461,user_5461,user_5461@mail.com,40,46380
5462,user_5462,user_5462@mail.com,41,46383
5463,user_5463,user_5463@mail.com,42,46386
5464,user_5464,user_5464@mail.com,43,46389
5465,user_5465,user_5465@mail.com,44,46392
5466,user_5466,user_5466@mail.com,45,46395
5467,user_5467,user_5467@mail.com,46,46398
5468,user_5468,user_5468@mail.com,47,46401
5469,user_5469,user_5469@mail.com,48,46404
5470,user_5470,user_5470@mail.com,49,46407
5471,user_5471,user_5471@mail.com,50,46410
5472,user_5472,user_5472@mail.com,51,46413
5473,user_5473,user_5473@mail.com,52,46416
5474,user_5474,user_5474@mail.com,53,46419
5475,user_5475,user_5475@mail.com,54,46422
5476,user_5476,user_5476@mail.com,55,46425
5477,user_5477,user_5477@mail.com,56,46428
5478,user_5478,user_5478@mail.com,57,46431
5479,user_5479,user_5479@mail.com,58,46434
5480,user_5480,user_5480@mail.com,59,46437
5481,user_5481,user_5481@mail.com,20,46440
5482,user_5482,user_5482@mail.com,21,46443
5483,user_5483,user_5483@mail.com,22,46446
5484,user_5484,user_5484@mail.com,23,46449
5485,user_5485,user_5485@mail.com,24,46452
5486,user_5486,user_5486@mail.com,25,46455
5487,user_5487,user_5487@mail.com,26,46458
5488,user_5488,user_5488@mail.com,27,46461
5489,user_5489,user_5489@mail.com,28,46464
5490,user_5490,user_5490@mail.com,29,46467
5491,user_5491,user_5491@mail.com,30,46470
5492,user_5492,user_5492@mail.com,31,46473
5493,user_5493,user_5493@mail.com,32,46476
5494,user_5494,user_5494@mail.com,33,46479
5495,user_5495,user_5495@mail.com,34,46482
5496,user_5496,user_5496@mail.com,35,46485
5497,user_5497,user_5497@mail.com,36,46488
5498,user_5498,user_5498@mail.com,37,46491
5499,user_5499,user_5499@mail.com,38,46494
5500,user_5500,user_5500@mail.com,39,46497
5501,user_5501,user_5501@mail.com,40,46500
5502,user_5502,user_5502@mail.com,41,46503
5503,user_5503,user_5503@mail.com,42,46506
5504,user_5504,user_5504@mail.com,43,46509
5505,user_5505,user_5505@mail.com,44,46512
5506,user_5506,user_5506@mail.com,45,46515
5507,user_5507,user_5507@mail.com,46,46518
5508,user_5508,user_5508@mail.com,47,46521
5509,user_5509,user_5509@mail.com,48,46524
5510,user_5510,user_5510@mail.com,49,46527
5511,user_5511,user_5511@mail.com,50,46530
5512,user_5512,user_5512@mail.com,51,46533
5513,user_5513,user_5513@mail.com,52,46536
5514,user_5514,user_5514@mail.com,53,46539
5515,user_5515,user_5515@mail.com,54,46542
5516,user_5516,user_5516@mail.com,55,46545
5517,user_5517,user_5517@mail.com,56,46548
5518,user_5518,user_5518@mail.com,57,46551
5519,user_5519,user_5519@mail.com,58,46554
5520,user_5520,user_5520@mail.com,59,46557
5521,user_5521,user_5521@mail.com,20,46560
5522,user_5522,user_5522@mail.com,21,46563
5523,user_5523,user_5523@mail.com,22,46566
5524,user_5524,user_5524@mail.com,23,46569
5525,user_5525,user_5525@mail.com,24,46572
5526,user_5526,user_5526@mail.com,25,46575
5527,user_5527,user_5527@mail.com,26,46578
5528,user_5528,user_5528@mail.com,27,46581
5529,user_5529,user_5529@mail.com,28,46584
5530,user_5530,user_5530@mail.com,29,46587
5531,user_5531,user_5531@mail.com,30,46590
5532,user_5532,user_5532@mail.com,31,46593
5533,user_5533,user_5533@mail.com,32,46596
5534,user_5534,user_5534@mail.com,33,46599
5535,user_5535,user_5535@mail.com,34,46602
5536,user_5536,user_5536@mail.com,35,46605
5537,user_5537,user_5537@mail.com,36,46608
5538,user_5538,user_5538@mail.com,37,46611
5539,user_5539,user_5539@mail.com,38,46614
5540,user_5540,user_5540@mail.com,39,46617
5541,user_5541,user_5541@mail.com,40,46620
5542,user_5542,user_5542@mail.com,41,46623
5543,user_5543,user_5543@mail.com,42,46626
5544,user_5544,user_5544@mail.com,43,46629
5545,user_5545,user_5545@mail.com,44,46632
5546,user_5546,user_5546@mail.com,45,46635
5547,user_5547,user_5547@mail.com,46,46638
5548,user_5548,user_5548@mail.com,47,46641
5549,user_5549,user_5549@mail.com,48,46644
5550,user_5550,user_5550@mail.com,49,46647
5551,user_5551,user_5551@mail.com,50,46650
5552,user_5552,user_5552@mail.com,51,46653
5553,user_5553,user_5553@mail.com,52,46656
5554,user_5554,user_5554@mail.com,53,46659
5555,user_5555,user_5555@mail.com,54,46662
5556,user_5556,user_5556@mail.com,55,46665
5557,user_5557,user_5557@mail.com,56,46668
5558,user_5558,user_5558@mail.com,57,46671
5559,user_5559,user_5559@mail.com,58,46674
5560,user_5560,user_5560@mail.com,59,46677
5561,user_5561,user_5561@mail.com,20,46680
5562,user_5562,user_5562@mail.com,21,46683
5563,user_5563,user_5563@mail.com,22,46686
5564,user_5564,user_5564@mail.com,23,46689
5565,user_5565,user_5565@mail.com,24,46692
5566,user_5566,user_5566@mail.com,25,46695
5567,user_5567,user_5567@mail.com,26,46698
5568,user_5568,user_5568@mail.com,27,46701
5569,user_5569,user_5569@mail.com,28,46704
5570,user_5570,user_5570@mail.com,29,46707
5571,user_5571,user_5571@mail.com,30,46710
5572,user_5572,user_5572@mail.com,31,46713
5573,user_5573,user_5573@mail.com,32,46716
5574,user_5574,user_5574@mail.com,33,46719
5575,user_5575,user_5575@mail.com,34,46722
5576,user_5576,user_5576@mail.com,35,46725
5577,user_5577,user_5577@mail.com,36,46728
5578,user_5578,user_5578@mail.com,37,46731
5579,user_5579,user_5579@mail.com,38,46734
5580,user_5580,user_5580@mail.com,39,46737
5581,user_5581,user_5581@mail.com,40,46740
5582,user_5582,user_5582@mail.com,41,46743
5583,user_5583,user_5583@mail.com,42,46746
5584,user_5584,user_5584@mail.com,43,46749
5585,user_5585,user_5585@mail.com,44,46752
5586,user_5586,user_5586@mail.com,45,46755
5587,user_5587,user_5587@mail.com,46,46758
5588,user_5588,user_5588@mail.com,47,46761
5589,user_5589,user_5589@mail.com,48,46764
5590,user_5590,user_5590@mail.com,49,46767
5591,user_5591,user_5591@mail.com,50,46770
5592,user_5592,user_5592@mail.com,51,46773
5593,user_5593,user_5593@mail.com,52,46776
5594,user_5594,user_5594@mail.com,53,46779
5595,user_5595,user_5595@mail.com,54,46782
5596,user_5596,user_5596@mail.com,55,46785
5597,user_5597,user_5597@mail.com,56,46788
5598,user_5598,user_5598@mail.com,57,46791
5599,user_5599,user_5599@mail.com,58,46794
5600,user_5600,user_5600@mail.com,59,46797
5601,user_5601,user_5601@mail.com,20,46800
5602,user_5602,user_5602@mail.com,21,46803
5603,user_5603,user_5603@mail.com,22,46806
5604,user_5604,user_5604@mail.com,23,46809
5605,user_5605,user_5605@mail.com,24,46812
5606,user_5606,user_5606@mail.com,25,46815
5607,user_5607,user_5607@mail.com,26,46818
5608,user_5608,user_5608@mail.com,27,46821
5609,user_5609,user_5609@mail.com,28,46824
5610,user_5610,user_5610@mail.com,29,46827
5611,user_5611,user_5611@mail.com,30,46830
5612,user_5612,user_5612@mail.com,31,46833
5613,user_5613,user_5613@mail.com,32,46836
5614,user_5614,user_5614@mail.com,33,46839
5615,user_5615,user_5615@mail.com,34,46842
5616,user_5616,user_5616@mail.com,35,46845
5617,user_5617,user_5617@mail.com,36,46848
5618,user_5618,user_5618@mail.com,37,46851
5619,user_5619,user_5619@mail.com,38,46854
5620,user_5620,user_5620@mail.com,39,46857
5621,user_5621,user_5621@mail.com,40,46860
5622,user_5622,user_5622@mail.com,41,46863
5623,user_5623,user_5623@mail.com,42,46866
5624,user_5624,user_5624@mail.com,43,46869
5625,user_5625,user_5625@mail.com,44,46872
5626,user_5626,user_5626@mail.com,45,46875
5627,user_5627,user_5627@mail.com,46,46878
5628,user_5628,user_5628@mail.com,47,46881
5629,user_5629,user_5629@mail.com,48,46884
5630,user_5630,user_5630@mail.com,49,46887
5631,user_5631,user_5631@mail.com,50,46890
5632,user_5632,user_5632@mail.com,51,46893
5633,user_5633,user_5633@mail.com,52,46896
5634,user_5634,user_5634@mail.com,53,46899
5635,user_5635,user_5635@mail.com,54,46902
5636,user_5636,user_5636@mail.com,55,46905
5637,user_5637,user_5637@mail.com,56,46908
5638,user_5638,user_5638@mail.com,57,46911
5639,user_5639,user_5639@mail.com,58,46914
5640,user_5640,user_5640@mail.com,59,46917
5641,user_5641,user_5641@mail.com,20,46920
5642,user_5642,user_5642@mail.com,21,46923
5643,user_5643,user_5643@mail.com,22,46926
5644,user_5644,user_5644@mail.com,23,46929
5645,user_5645,user_5645@mail.com,24,46932
5646,user_5646,user_5646@mail.com,25,46935
5647,user_5647,user_5647@mail.com,26,46938
5648,user_5648,user_5648@mail.com,27,46941
5649,user_5649,user_5649@mail.com,28,46944
5650,user_5650,user_5650@mail.com,29,46947
5651,user_5651,user_5651@mail.com,30,46950
5652,user_5652,user_5652@mail.com,31,46953
5653,user_5653,user_5653@mail.com,32,46956
5654,user_5654,user_5654@mail.com,33,46959
5655,user_5655,user_5655@mail.com,34,46962
5656,user_5656,user_5656@mail.com,35,46965
5657,user_5657,user_5657@mail.com,36,46968
5658,user_5658,user_5658@mail.com,37,46971
5659,user_5659,user_5659@mail.com,38,46974
5660,user_5660,user_5660@mail.com,39,46977
5661,user_5661,user_5661@mail.com,40,46980
5662,user_5662,user_5662@mail.com,41,46983
5663,user_5663,user_5663@mail.com,42,46986
5664,user_5664,user_5664@mail.com,43,46989
5665,user_5665,user_5665@mail.com,44,46992
5666,user_5666,user_5666@mail.com,45,46995
5667,user_5667,user_5667@mail.com,46,46998
5668,user_5668,user_5668@mail.com,47,47001
5669,user_5669,user_5669@mail.com,48,47004
5670,user_5670,user_5670@mail.com,49,47007
5671,user_5671,user_5671@mail.com,50,47010
5672,user_5672,user_5672@mail.com,51,47013
5673,user_5673,user_5673@mail.com,52,47016
5674,user_5674,user_5674@mail.com,53,47019
5675,user_5675,user_5675@mail.com,54,47022
5676,user_5676,user_5676@mail.com,55,47025
5677,user_5677,user_5677@mail.com,56,47028
5678,user_5678,user_5678@mail.com,57,47031
5679,user_5679,user_5679@mail.com,58,47034
5680,user_5680,user_5680@mail.com,59,47037
5681,user_5681,user_5681@mail.com,20,47040
5682,user_5682,user_5682@mail.com,21,47043
5683,user_5683,user_5683@mail.com,22,47046
5684,user_5684,user_5684@mail.com,23,47049
5685,user_5685,user_5685@mail.com,24,47052
5686,user_5686,user_5686@mail.com,25,47055
5687,user_5687,user_5687@mail.com,26,47058
5688,user_5688,user_5688@mail.com,27,47061
5689,user_5689,user_5689@mail.com,28,47064
5690,user_5690,user_5690@mail.com,29,47067
5691,user_5691,user_5691@mail.com,30,47070
5692,user_5692,user_5692@mail.com,31,47073
5693,user_5693,user_5693@mail.com,32,47076
5694,user_5694,user_5694@mail.com,33,47079
5695,user_5695,user_5695@mail.com,34,47082
5696,user_5696,user_5696@mail.com,35,47085
5697,user_5697,user_5697@mail.com,36,47088
5698,user_5698,user_5698@mail.com,37,47091
5699,user_5699,user_5699@mail.com,38,47094
5700,user_5700,user_5700@mail.com,39,47097
5701,user_5701,user_5701@mail.com,40,47100
5702,user_5702,user_5702@mail.com,41,47103
5703,user_5703,user_5703@mail.com,42,47106
5704,user_5704,user_5704@mail.com,43,47109
5705,user_5705,user_5705@mail.com,44,47112
5706,user_5706,user_5706@mail.com,45,47115
5707,user_5707,user_5707@mail.com,46,47118
5708,user_5708,user_5708@mail.com,47,47121
5709,user_5709,user_5709@mail.com,48,47124
5710,user_5710,user_5710@mail.com,49,47127
5711,user_5711,user_5711@mail.com,50,47130
5712,user_5712,user_5712@mail.com,51,47133
5713,user_5713,user_5713@mail.com,52,47136
5714,user_5714,user_5714@mail.com,53,47139
5715,user_5715,user_5715@mail.com,54,47142
5716,user_5716,user_5716@mail.com,55,47145
5717,user_5717,user_5717@mail.com,56,47148
5718,user_5718,user_5718@mail.com,57,47151
5719,user_5719,user_5719@mail.com,58,47154
5720,user_5720,user_5720@mail.com,59,47157
5721,user_5721,user_5721@mail.com,20,47160
5722,user_5722,user_5722@mail.com,21,47163
5723,user_5723,user_5723@mail.com,22,47166
5724,user_5724,user_5724@mail.com,23,47169
5725,user_5725,user_5725@mail.com,24,47172
5726,user_5726,user_5726@mail.com,25,47175
5727,user_5727,user_5727@mail.com,26,47178
5728,user_5728,user_5728@mail.com,27,47181
5729,user_5729,user_5729@mail.com,28,47184
5730,user_5730,user_5730@mail.com,29,47187
5731,user_5731,user_5731@mail.com,30,47190
5732,user_5732,user_5732@mail.com,31,47193
5733,user_5733,user_5733@mail.com,32,47196
5734,user_5734,user_5734@mail.com,33,47199
5735,user_5735,user_5735@mail.com,34,47202
5736,user_5736,user_5736@mail.com,35,47205
5737,user_5737,user_5737@mail.com,36,47208
5738,user_5738,user_5738@mail.com,37,47211
5739,user_5739,user_5739@mail.com,38,47214
5740,user_5740,user_5740@mail.com,39,47217
5741,user_5741,user_5741@mail.com,40,47220
5742,user_5742,user_5742@mail.com,41,47223
5743,user_5743,user_5743@mail.com,42,47226
5744,user_5744,user_5744@mail.com,43,47229
5745,user_5745,user_5745@mail.com,44,47232
5746,user_5746,user_5746@mail.com,45,47235
5747,user_5747,user_5747@mail.com,46,47238
5748,user_5748,user_5748@mail.com,47,47241
5749,user_5749,user_5749@mail.com,48,47244
5750,user_5750,user_5750@mail.com,49,47247
5751,user_5751,user_5751@mail.com,50,47250
5752,user_5752,user_5752@mail.com,51,47253
5753,user_5753,user_5753@mail.com,52,47256
5754,user_5754,user_5754@mail.com,53,47259
5755,user_5755,user_5755@mail.com,54,47262
5756,user_5756,user_5756@mail.com,55,47265
5757,user_5757,user_5757@mail.com,56,47268
5758,user_5758,user_5758@mail.com,57,47271
5759,user_5759,user_5759@mail.com,58,47274
5760,user_5760,user_5760@mail.com,59,47277
5761,user_5761,user_5761@mail.com,20,47280
5762,user_5762,user_5762@mail.com,21,47283
5763,user_5763,user_5763@mail.com,22,47286
5764,user_5764,user_5764@mail.com,23,47289
5765,user_5765,user_5765@mail.com,24,47292
5766,user_5766,user_5766@mail.com,25,47295
5767,user_5767,user_5767@mail.com,26,47298
5768,user_5768,user_5768@mail.com,27,47301
5769,user_5769,user_5769@mail.com,28,47304
5770,user_5770,user_5770@mail.com,29,47307
5771,user_5771,user_5771@mail.com,30,47310
5772,user_5772,user_5772@mail.com,31,47313
5773,user_5773,user_5773@mail.com,32,47316
5774,user_5774,user_5774@mail.com,33,47319
5775,user_5775,user_5775@mail.com,34,47322
5776,user_5776,user_5776@mail.com,35,47325
5777,user_5777,user_5777@mail.com,36,47328
5778,user_5778,user_5778@mail.com,37,47331
5779,user_5779,user_5779@mail.com,38,47334
5780,user_5780,user_5780@mail.com,39,47337
5781,user_5781,user_5781@mail.com,40,47340
5782,user_5782,user_5782@mail.com,41,47343
5783,user_5783,user_5783@mail.com,42,47346
5784,user_5784,user_5784@mail.com,43,47349
5785,user_5785,user_5785@mail.com,44,47352
5786,user_5786,user_5786@mail.com,45,47355
5787,user_5787,user_5787@mail.com,46,47358
5788,user_5788,user_5788@mail.com,47,47361
5789,user_5789,user_5789@mail.com,48,47364
5790,user_5790,user_5790@mail.com,49,47367
5791,user_5791,user_5791@mail.com,50,47370
5792,user_5792,user_5792@mail.com,51,47373
5793,user_5793,user_5793@mail.com,52,47376
5794,user_5794,user_5794@mail.com,53,47379
5795,user_5795,user_5795@mail.com,54,47382
5796,user_5796,user_5796@mail.com,55,47385
5797,user_5797,user_5797@mail.com,56,47388
5798,user_5798,user_5798@mail.com,57,47391
5799,user_5799,user_5799@mail.com,58,47394
5800,user_5800,user_5800@mail.com,59,47397
5801,user_5801,user_5801@mail.com,20,47400
5802,user_5802,user_5802@mail.com,21,47403
5803,user_5803,user_5803@mail.com,22,47406
5804,user_5804,user_5804@mail.com,23,47409
5805,user_5805,user_5805@mail.com,24,47412
5806,user_5806,user_5806@mail.com,25,47415
5807,user_5807,user_5807@mail.com,26,47418
5808,user_5808,user_5808@mail.com,27,47421
5809,user_5809,user_5809@mail.com,28,47424
5810,user_5810,user_5810@mail.com,29,47427
5811,user_5811,user_5811@mail.com,30,47430
5812,user_5812,user_5812@mail.com,31,47433
5813,user_5813,user_5813@mail.com,32,47436
5814,user_5814,user_5814@mail.com,33,47439
5815,user_5815,user_5815@mail.com,34,47442
5816,user_5816,user_5816@mail.com,35,47445
5817,user_5817,user_5817@mail.com,36,47448
5818,user_5818,user_5818@mail.com,37,47451
5819,user_5819,user_5819@mail.com,38,47454
5820,user_5820,user_5820@mail.com,39,47457
5821,user_5821,user_5821@mail.com,40,47460
5822,user_5822,user_5822@mail.com,41,47463
5823,user_5823,user_5823@mail.com,42,47466
5824,user_5824,user_5824@mail.com,43,47469
5825,user_5825,user_5825@mail.com,44,47472
5826,user_5826,user_5826@mail.com,45,47475
5827,user_5827,user_5827@mail.com,46,47478
5828,user_5828,user_5828@mail.com,47,47481
5829,user_5829,user_5829@mail.com,48,47484
5830,user_5830,user_5830@mail.com,49,47487
5831,user_5831,user_5831@mail.com,50,47490
5832,user_5832,user_5832@mail.com,51,47493
5833,user_5833,user_5833@mail.com,52,47496
5834,user_5834,user_5834@mail.com,53,47499
5835,user_5835,user_5835@mail.com,54,47502
5836,user_5836,user_5836@mail.com,55,47505
5837,user_5837,user_5837@mail.com,56,47508
5838,user_5838,user_5838@mail.com,57,47511
5839,user_5839,user_5839@mail.com,58,47514
5840,user_5840,user_5840@mail.com,59,47517
5841,user_5841,user_5841@mail.com,20,47520
5842,user_5842,user_5842@mail.com,21,47523
5843,user_5843,user_5843@mail.com,22,47526
5844,user_5844,user_5844@mail.com,23,47529
5845,user_5845,user_5845@mail.com,24,47532
5846,user_5846,user_5846@mail.com,25,47535
5847,user_5847,user_5847@mail.com,26,47538
5848,user_5848,user_5848@mail.com,27,47541
5849,user_5849,user_5849@mail.com,28,47544
5850,user_5850,user_5850@mail.com,29,47547
5851,user_5851,user_5851@mail.com,30,47550
5852,user_5852,user_5852@mail.com,31,47553
5853,user_5853,user_5853@mail.com,32,47556
5854,user_5854,user_5854@mail.com,33,47559
5855,user_5855,user_5855@mail.com,34,47562
5856,user_5856,user_5856@mail.com,35,47565
5857,user_5857,user_5857@mail.com,36,47568
5858,user_5858,user_5858@mail.com,37,47571
5859,user_5859,user_5859@mail.com,38,47574
5860,user_5860,user_5860@mail.com,39,47577
5861,user_5861,user_5861@mail.com,40,47580
5862,user_5862,user_5862@mail.com,41,47583
5863,user_5863,user_5863@mail.com,42,47586
5864,user_5864,user_5864@mail.com,43,47589
5865,user_5865,user_5865@mail.com,44,47592
5866,user_5866,user_5866@mail.com,45,47595
5867,user_5867,user_5867@mail.com,46,47598
5868,user_5868,user_5868@mail.com,47,47601
5869,user_5869,user_5869@mail.com,48,47604
5870,user_5870,user_5870@mail.com,49,47607
5871,user_5871,user_5871@mail.com,50,47610
5872,user_5872,user_5872@mail.com,51,47613
5873,user_5873,user_5873@mail.com,52,47616
5874,user_5874,user_5874@mail.com,53,47619
5875,user_5875,user_5875@mail.com,54,47622
5876,user_5876,user_5876@mail.com,55,47625
5877,user_5877,user_5877@mail.com,56,47628
5878,user_5878,user_5878@mail.com,57,47631
5879,user_5879,user_5879@mail.com,58,47634
5880,user_5880,user_5880@mail.com,59,47637
5881,user_5881,user_5881@mail.com,20,47640
5882,user_5882,user_5882@mail.com,21,47643
5883,user_5883,user_5883@mail.com,22,47646
5884,user_5884,user_5884@mail.com,23,47649
5885,user_5885,user_5885@mail.com,24,47652
5886,user_5886,user_5886@mail.com,25,47655
5887,user_5887,user_5887@mail.com,26,47658
5888,user_5888,user_5888@mail.com,27,47661
5889,user_5889,user_5889@mail.com,28,47664
5890,user_5890,user_5890@mail.com,29,47667
5891,user_5891,user_5891@mail.com,30,47670
5892,user_5892,user_5892@mail.com,31,47673
5893,user_5893,user_5893@mail.com,32,47676
5894,user_5894,user_5894@mail.com,33,47679
5895,user_5895,user_5895@mail.com,34,47682
5896,user_5896,user_5896@mail.com,35,47685
5897,user_5897,user_5897@mail.com,36,47688
5898,user_5898,user_5898@mail.com,37,47691
5899,user_5899,user_5899@mail.com,38,47694
5900,user_5900,user_5900@mail.com,39,47697
5901,user_5901,user_5901@mail.com,40,47700
5902,user_5902,user_5902@mail.com,41,47703
5903,user_5903,user_5903@mail.com,42,47706
5904,user_5904,user_5904@mail.com,43,47709
5905,user_5905,user_5905@mail.com,44,47712
5906,user_5906,user_5906@mail.com,45,47715
5907,user_5907,user_5907@mail.com,46,47718
5908,user_5908,user_5908@mail.com,47,47721
5909,user_5909,user_5909@mail.com,48,47724
5910,user_5910,user_5910@mail.com,49,47727
5911,user_5911,user_5911@mail.com,50,47730
5912,user_5912,user_5912@mail.com,51,47733
5913,user_5913,user_5913@mail.com,52,47736
5914,user_5914,user_5914@mail.com,53,47739
5915,user_5915,user_5915@mail.com,54,47742
5916,user_5916,user_5916@mail.com,55,47745
5917,user_5917,user_5917@mail.com,56,47748
5918,user_5918,user_5918@mail.com,57,47751
5919,user_5919,user_5919@mail.com,58,47754
5920,user_5920,user_5920@mail.com,59,47757
5921,user_5921,user_5921@mail.com,20,47760
5922,user_5922,user_5922@mail.com,21,47763
5923,user_5923,user_5923@mail.com,22,47766
5924,user_5924,user_5924@mail.com,23,47769
5925,user_5925,user_5925@mail.com,24,47772
5926,user_5926,user_5926@mail.com,25,47775
5927,user_5927,user_5927@mail.com,26,47778
5928,user_5928,user_5928@mail.com,27,47781
5929,user_5929,user_5929@mail.com,28,47784
5930,user_5930,user_5930@mail.com,29,47787
5931,user_5931,user_5931@mail.com,30,47790
5932,user_5932,user_5932@mail.com,31,47793
5933,user_5933,user_5933@mail.com,32,47796
5934,user_5934,user_5934@mail.com,33,47799
5935,user_5935,user_5935@mail.com,34,47802
5936,user_5936,user_5936@mail.com,35,47805
5937,user_5937,user_5937@mail.com,36,47808
5938,user_5938,user_5938@mail.com,37,47811
5939,user_5939,user_5939@mail.com,38,47814
5940,user_5940,user_5940@mail.com,39,47817
5941,user_5941,user_5941@mail.com,40,47820
5942,user_5942,user_5942@mail.com,41,47823
5943,user_5943,user_5943@mail.com,42,47826
5944,user_5944,user_5944@mail.com,43,47829
5945,user_5945,user_5945@mail.com,44,47832
5946,user_5946,user_5946@mail.com,45,47835
5947,user_5947,user_5947@mail.com,46,47838
5948,user_5948,user_5948@mail.com,47,47841
5949,user_5949,user_5949@mail.com,48,47844
5950,user_5950,user_5950@mail.com,49,47847
5951,user_5951,user_5951@mail.com,50,47850
5952,user_5952,user_5952@mail.com,51,47853
5953,user_5953,user_5953@mail.com,52,47856
5954,user_5954,user_5954@mail.com,53,47859
5955,user_5955,user_5955@mail.com,54,47862
5956,user_5956,user_5956@mail.com,55,47865
5957,user_5957,user_5957@mail.com,56,47868
5958,user_5958,user_5958@mail.com,57,47871
5959,user_5959,user_5959@mail.com,58,47874
5960,user_5960,user_5960@mail.com,59,47877
5961,user_5961,user_5961@mail.com,20,47880
5962,user_5962,user_5962@mail.com,21,47883
5963,user_5963,user_5963@mail.com,22,47886
5964,user_5964,user_5964@mail.com,23,47889
5965,user_5965,user_5965@mail.com,24,47892
5966,user_5966,user_5966@mail.com,25,47895
5967,user_5967,user_5967@mail.com,26,47898
5968,user_5968,user_5968@mail.com,27,47901
5969,user_5969,user_5969@mail.com,28,47904
5970,user_5970,user_5970@mail.com,29,47907
5971,user_5971,user_5971@mail.com,30,47910
5972,user_5972,user_5972@mail.com,31,47913
5973,user_5973,user_5973@mail.com,32,47916
5974,user_5974,user_5974@mail.com,33,47919
5975,user_5975,user_5975@mail.com,34,47922
5976,user_5976,user_5976@mail.com,35,47925
5977,user_5977,user_5977@mail.com,36,47928
5978,user_5978,user_5978@mail.com,37,47931
5979,user_5979,user_5979@mail.com,38,47934
5980,user_5980,user_5980@mail.com,39,47937
5981,user_5981,user_5981@mail.com,40,47940
5982,user_5982,user_5982@mail.com,41,47943
5983,user_5983,user_5983@mail.com,42,47946
5984,user_5984,user_5984@mail.com,43,47949
5985,user_5985,user_5985@mail.com,44,47952
5986,user_5986,user_5986@mail.com,45,47955
5987,user_5987,user_5987@mail.com,46,47958
5988,user_5988,user_5988@mail.com,47,47961
5989,user_5989,user_5989@mail.com,48,47964
5990,user_5990,user_5990@mail.com,49,47967
5991,user_5991,user_5991@mail.com,50,47970
5992,user_5992,user_5992@mail.com,51,47973
5993,user_5993,user_5993@mail.com,52,47976
5994,user_5994,user_5994@mail.com,53,47979
5995,user_5995,user_5995@mail.com,54,47982
5996,user_5996,user_5996@mail.com,55,47985
5997,user_5997,user_5997@mail.com,56,47988
5998,user_5998,user_5998@mail.com,57,47991
5999,user_5999,user_5999@mail.com,58,47994
6000,user_6000,user_6000@mail.com,59,47997
6001,user_6001,user_6001@mail.com,20,48000
6002,user_6002,user_6002@mail.com,21,48003
6003,user_6003,user_6003@mail.com,22,48006
6004,user_6004,user_6004@mail.com,23,48009
6005,user_6005,user_6005@mail.com,24,48012
6006,user_6006,user_6006@mail.com,25,48015
6007,user_6007,user_6007@mail.com,26,48018
6008,user_6008,user_6008@mail.com,27,48021
6009,user_6009,user_6009@mail.com,28,48024
6010,user_6010,user_6010@mail.com,29,48027
6011,user_6011,user_6011@mail.com,30,48030
6012,user_6012,user_6012@mail.com,31,48033
6013,user_6013,user_6013@mail.com,32,48036
6014,user_6014,user_6014@mail.com,33,48039
6015,user_6015,user_6015@mail.com,34,48042
6016,user_6016,user_6016@mail.com,35,48045
6017,user_6017,user_6017@mail.com,36,48048
6018,user_6018,user_6018@mail.com,37,48051
6019,user_6019,user_6019@mail.com,38,48054
6020,user_6020,user_6020@mail.com,39,48057
6021,user_6021,user_6021@mail.com,40,48060
6022,user_6022,user_6022@mail.com,41,48063
6023,user_6023,user_6023@mail.com,42,48066
6024,user_6024,user_6024@mail.com,43,48069
6025,user_6025,user_6025@mail.com,44,48072
6026,user_6026,user_6026@mail.com,45,48075
6027,user_6027,user_6027@mail.com,46,48078
6028,user_6028,user_6028@mail.com,47,48081
6029,user_6029,user_6029@mail.com,48,48084
6030,user_6030,user_6030@mail.com,49,48087
6031,user_6031,user_6031@mail.com,50,48090
6032,user_6032,user_6032@mail.com,51,48093
6033,user_6033,user_6033@mail.com,52,48096
6034,user_6034,user_6034@mail.com,53,48099
6035,user_6035,user_6035@mail.com,54,48102
6036,user_6036,user_6036@mail.com,55,48105
6037,user_6037,user_6037@mail.com,56,48108
6038,user_6038,user_6038@mail.com,57,48111
6039,user_6039,user_6039@mail.com,58,48114
6040,user_6040,user_6040@mail.com,59,48117
6041,user_6041,user_6041@mail.com,20,48120
6042,user_6042,user_6042@mail.com,21,48123
6043,user_6043,user_6043@mail.com,22,48126
6044,user_6044,user_6044@mail.com,23,48129
6045,user_6045,user_6045@mail.com,24,48132
6046,user_6046,user_6046@mail.com,25,48135
6047,user_6047,user_6047@mail.com,26,48138
6048,user_6048,user_6048@mail.com,27,48141
6049,user_6049,user_6049@mail.com,28,48144
6050,user_6050,user_6050@mail.com,29,48147
6051,user_6051,user_6051@mail.com,30,48150
6052,user_6052,user_6052@mail.com,31,48153
6053,user_6053,user_6053@mail.com,32,48156
6054,user_6054,user_6054@mail.com,33,48159
6055,user_6055,user_6055@mail.com,34,48162
6056,user_6056,user_6056@mail.com,35,48165
6057,user_6057,user_6057@mail.com,36,48168
6058,user_6058,user_6058@mail.com,37,48171
6059,user_6059,user_6059@mail.com,38,48174
6060,user_6060,user_6060@mail.com,39,48177
6061,user_6061,user_6061@mail.com,40,48180
6062,user_6062,user_6062@mail.com,41,48183
6063,user_6063,user_6063@mail.com,42,48186
6064,user_6064,user_6064@mail.com,43,48189
6065,user_6065,user_6065@mail.com,44,48192
6066,user_6066,user_6066@mail.com,45,48195
6067,user_6067,user_6067@mail.com,46,48198
6068,user_6068,user_6068@mail.com,47,48201
6069,user_6069,user_6069@mail.com,48,48204
6070,user_6070,user_6070@mail.com,49,48207
6071,user_6071,user_6071@mail.com,50,48210
6072,user_6072,user_6072@mail.com,51,48213
6073,user_6073,user_6073@mail.com,52,48216
6074,user_6074,user_6074@mail.com,53,48219
6075,user_6075,user_6075@mail.com,54,48222
6076,user_6076,user_6076@mail.com,55,48225
6077,user_6077,user_6077@mail.com,56,48228
6078,user_6078,user_6078@mail.com,57,48231
6079,user_6079,user_6079@mail.com,58,48234
6080,user_6080,user_6080@mail.com,59,48237
6081,user_6081,user_6081@mail.com,20,48240
6082,user_6082,user_6082@mail.com,21,48243
6083,user_6083,user_6083@mail.com,22,48246
6084,user_6084,user_6084@mail.com,23,48249
6085,user_6085,user_6085@mail.com,24,48252
6086,user_6086,user_6086@mail.com,25,48255
6087,user_6087,user_6087@mail.com,26,48258
6088,user_6088,user_6088@mail.com,27,48261
6089,user_6089,user_6089@mail.com,28,48264
6090,user_6090,user_6090@mail.com,29,48267
6091,user_6091,user_6091@mail.com,30,48270
6092,user_6092,user_6092@mail.com,31,48273
6093,user_6093,user_6093@mail.com,32,48276
6094,user_6094,user_6094@mail.com,33,48279
6095,user_6095,user_6095@mail.com,34,48282
6096,user_6096,user_6096@mail.com,35,48285
6097,user_6097,user_6097@mail.com,36,48288
6098,user_6098,user_6098@mail.com,37,48291
6099,user_6099,user_6099@mail.com,38,48294
6100,user_6100,user_6100@mail.com,39,48297
6101,user_6101,user_6101@mail.com,40,48300
6102,user_6102,user_6102@mail.com,41,48303
6103,user_6103,user_6103@mail.com,42,48306
6104,user_6104,user_6104@mail.com,43,48309
6105,user_6105,user_6105@mail.com,44,48312
6106,user_6106,user_6106@mail.com,45,48315
6107,user_6107,user_6107@mail.com,46,48318
6108,user_6108,user_6108@mail.com,47,48321
6109,user_6109,user_6109@mail.com,48,48324
6110,user_6110,user_6110@mail.com,49,48327
6111,user_6111,user_6111@mail.com,50,48330
6112,user_6112,user_6112@mail.com,51,48333
6113,user_6113,user_6113@mail.com,52,48336
6114,user_6114,user_6114@mail.com,53,48339
6115,user_6115,user_6115@mail.com,54,48342
6116,user_6116,user_6116@mail.com,55,48345
6117,user_6117,user_6117@mail.com,56,48348
6118,user_6118,user_6118@mail.com,57,48351
6119,user_6119,user_6119@mail.com,58,48354
6120,user_6120,user_6120@mail.com,59,48357
6121,user_6121,user_6121@mail.com,20,48360
6122,user_6122,user_6122@mail.com,21,48363
6123,user_6123,user_6123@mail.com,22,48366
6124,user_6124,user_6124@mail.com,23,48369
6125,user_6125,user_6125@mail.com,24,48372
6126,user_6126,user_6126@mail.com,25,48375
6127,user_6127,user_6127@mail.com,26,48378
6128,user_6128,user_6128@mail.com,27,48381
6129,user_6129,user_6129@mail.com,28,48384
6130,user_6130,user_6130@mail.com,29,48387
6131,user_6131,user_6131@mail.com,30,48390
6132,user_6132,user_6132@mail.com,31,48393
6133,user_6133,user_6133@mail.com,32,48396
6134,user_6134,user_6134@mail.com,33,48399
6135,user_6135,user_6135@mail.com,34,48402
6136,user_6136,user_6136@mail.com,35,48405
6137,user_6137,user_6137@mail.com,36,48408
6138,user_6138,user_6138@mail.com,37,48411
6139,user_6139,user_6139@mail.com,38,48414
6140,user_6140,user_6140@mail.com,39,48417
6141,user_6141,user_6141@mail.com,40,48420
6142,user_6142,user_6142@mail.com,41,48423
6143,user_6143,user_6143@mail.com,42,48426
6144,user_6144,user_6144@mail.com,43,48429
6145,user_6145,user_6145@mail.com,44,48432
6146,user_6146,user_6146@mail.com,45,48435
6147,user_6147,user_6147@mail.com,46,48438
6148,user_6148,user_6148@mail.com,47,48441
6149,user_6149,user_6149@mail.com,48,48444
6150,user_6150,user_6150@mail.com,49,48447
6151,user_6151,user_6151@mail.com,50,48450
6152,user_6152,user_6152@mail.com,51,48453
6153,user_6153,user_6153@mail.com,52,48456
6154,user_6154,user_6154@mail.com,53,48459
6155,user_6155,user_6155@mail.com,54,48462
6156,user_6156,user_6156@mail.com,55,48465
6157,user_6157,user_6157@mail.com,56,48468
6158,user_6158,user_6158@mail.com,57,48471
6159,user_6159,user_6159@mail.com,58,48474
6160,user_6160,user_6160@mail.com,59,48477
6161,user_6161,user_6161@mail.com,20,48480
6162,user_6162,user_6162@mail.com,21,48483
6163,user_6163,user_6163@mail.com,22,48486
6164,user_6164,user_6164@mail.com,23,48489
6165,user_6165,user_6165@mail.com,24,48492
6166,user_6166,user_6166@mail.com,25,48495
6167,user_6167,user_6167@mail.com,26,48498
6168,user_6168,user_6168@mail.com,27,48501
6169,user_6169,user_6169@mail.com,28,48504
6170,user_6170,user_6170@mail.com,29,48507
6171,user_6171,user_6171@mail.com,30,48510
6172,user_6172,user_6172@mail.com,31,48513
6173,user_6173,user_6173@mail.com,32,48516
6174,user_6174,user_6174@mail.com,33,48519
6175,user_6175,user_6175@mail.com,34,48522
6176,user_6176,user_6176@mail.com,35,48525
6177,user_6177,user_6177@mail.com,36,48528
6178,user_6178,user_6178@mail.com,37,48531
6179,user_6179,user_6179@mail.com,38,48534
6180,user_6180,user_6180@mail.com,39,48537
6181,user_6181,user_6181@mail.com,40,48540
6182,user_6182,user_6182@mail.com,41,48543
6183,user_6183,user_6183@mail.com,42,48546
6184,user_6184,user_6184@mail.com,43,48549
6185,user_6185,user_6185@mail.com,44,48552
6186,user_6186,user_6186@mail.com,45,48555
6187,user_6187,user_6187@mail.com,46,48558
6188,user_6188,user_6188@mail.com,47,48561
6189,user_6189,user_6189@mail.com,48,48564
6190,user_6190,user_6190@mail.com,49,48567
6191,user_6191,user_6191@mail.com,50,48570
6192,user_6192,user_6192@mail.com,51,48573
6193,user_6193,user_6193@mail.com,52,48576
6194,user_6194,user_6194@mail.com,53,48579
6195,user_6195,user_6195@mail.com,54,48582
6196,user_6196,user_6196@mail.com,55,48585
6197,user_6197,user_6197@mail.com,56,48588
6198,user_6198,user_6198@mail.com,57,48591
6199,user_6199,user_6199@mail.com,58,48594
6200,user_6200,user_6200@mail.com,59,48597
6201,user_6201,user_6201@mail.com,20,48600
6202,user_6202,user_6202@mail.com,21,48603
6203,user_6203,user_6203@mail.com,22,48606
6204,user_6204,user_6204@mail.com,23,48609
6205,user_6205,user_6205@mail.com,24,48612
6206,user_6206,user_6206@mail.com,25,48615
6207,user_6207,user_6207@mail.com,26,48618
6208,user_6208,user_6208@mail.com,27,48621
6209,user_6209,user_6209@mail.com,28,48624
6210,user_6210,user_6210@mail.com,29,48627
6211,user_6211,user_6211@mail.com,30,48630
6212,user_6212,user_6212@mail.com,31,48633
6213,user_6213,user_6213@mail.com,32,48636
6214,user_6214,user_6214@mail.com,33,48639
6215,user_6215,user_6215@mail.com,34,48642
6216,user_6216,user_6216@mail.com,35,48645
6217,user_6217,user_6217@mail.com,36,48648
6218,user_6218,user_6218@mail.com,37,48651
6219,user_6219,user_6219@mail.com,38,48654
6220,user_6220,user_6220@mail.com,39,48657
6221,user_6221,user_6221@mail.com,40,48660
6222,user_6222,user_6222@mail.com,41,48663
6223,user_6223,user_6223@mail.com,42,48666
6224,user_6224,user_6224@mail.com,43,48669
6225,user_6225,user_6225@mail.com,44,48672
6226,user_6226,user_6226@mail.com,45,48675
6227,user_6227,user_6227@mail.com,46,48678
6228,user_6228,user_6228@mail.com,47,48681
6229,user_6229,user_6229@mail.com,48,48684
6230,user_6230,user_6230@mail.com,49,48687
6231,user_6231,user_6231@mail.com,50,48690
6232,user_6232,user_6232@mail.com,51,48693
6233,user_6233,user_6233@mail.com,52,48696
6234,user_6234,user_6234@mail.com,53,48699
6235,user_6235,user_6235@mail.com,54,48702
6236,user_6236,user_6236@mail.com,55,48705
6237,user_6237,user_6237@mail.com,56,48708
6238,user_6238,user_6238@mail.com,57,48711
6239,user_6239,user_6239@mail.com,58,48714
6240,user_6240,user_6240@mail.com,59,48717
6241,user_6241,user_6241@mail.com,20,48720
6242,user_6242,user_6242@mail.com,21,48723
6243,user_6243,user_6243@mail.com,22,48726
6244,user_6244,user_6244@mail.com,23,48729
6245,user_6245,user_6245@mail.com,24,48732
6246,user_6246,user_6246@mail.com,25,48735
6247,user_6247,user_6247@mail.com,26,48738
6248,user_6248,user_6248@mail.com,27,48741
6249,user_6249,user_6249@mail.com,28,48744
6250,user_6250,user_6250@mail.com,29,48747
6251,user_6251,user_6251@mail.com,30,48750
6252,user_6252,user_6252@mail.com,31,48753
6253,user_6253,user_6253@mail.com,32,48756
6254,user_6254,user_6254@mail.com,33,48759
6255,user_6255,user_6255@mail.com,34,48762
6256,user_6256,user_6256@mail.com,35,48765
6257,user_6257,user_6257@mail.com,36,48768
6258,user_6258,user_6258@mail.com,37,48771
6259,user_6259,user_6259@mail.com,38,48774
6260,user_6260,user_6260@mail.com,39,48777
6261,user_6261,user_6261@mail.com,40,48780
6262,user_6262,user_6262@mail.com,41,48783
6263,user_6263,user_6263@mail.com,42,48786
6264,user_6264,user_6264@mail.com,43,48789
6265,user_6265,user_6265@mail.com,44,48792
6266,user_6266,user_6266@mail.com,45,48795
6267,user_6267,user_6267@mail.com,46,48798
6268,user_6268,user_6268@mail.com,47,48801
6269,user_6269,user_6269@mail.com,48,48804
6270,user_6270,user_6270@mail.com,49,48807
6271,user_6271,user_6271@mail.com,50,48810
6272,user_6272,user_6272@mail.com,51,48813
6273,user_6273,user_6273@mail.com,52,48816
6274,user_6274,user_6274@mail.com,53,48819
6275,user_6275,user_6275@mail.com,54,48822
6276,user_6276,user_6276@mail.com,55,48825
6277,user_6277,user_6277@mail.com,56,48828
6278,user_6278,user_6278@mail.com,57,48831
6279,user_6279,user_6279@mail.com,58,48834
6280,user_6280,user_6280@mail.com,59,48837
6281,user_6281,user_6281@mail.com,20,48840
6282,user_6282,user_6282@mail.com,21,48843
6283,user_6283,user_6283@mail.com,22,48846
6284,user_6284,user_6284@mail.com,23,48849
6285,user_6285,user_6285@mail.com,24,48852
6286,user_6286,user_6286@mail.com,25,48855
6287,user_6287,user_6287@mail.com,26,48858
6288,user_6288,user_6288@mail.com,27,48861
6289,user_6289,user_6289@mail.com,28,48864
6290,user_6290,user_6290@mail.com,29,48867
6291,user_6291,user_6291@mail.com,30,48870
6292,user_6292,user_6292@mail.com,31,48873
6293,user_6293,user_6293@mail.com,32,48876
6294,user_6294,user_6294@mail.com,33,48879
6295,user_6295,user_6295@mail.com,34,48882
6296,user_6296,user_6296@mail.com,35,48885
6297,user_6297,user_6297@mail.com,36,48888
6298,user_6298,user_6298@mail.com,37,48891
6299,user_6299,user_6299@mail.com,38,48894
6300,user_6300,user_6300@mail.com,39,48897
6301,user_6301,user_6301@mail.com,40,48900
6302,user_6302,user_6302@mail.com,41,48903
6303,user_6303,user_6303@mail.com,42,48906
6304,user_6304,user_6304@mail.com,43,48909
6305,user_6305,user_6305@mail.com,44,48912
6306,user_6306,user_6306@mail.com,45,48915
6307,user_6307,user_6307@mail.com,46,48918
6308,user_6308,user_6308@mail.com,47,48921
6309,user_6309,user_6309@mail.com,48,48924
6310,user_6310,user_6310@mail.com,49,48927
6311,user_6311,user_6311@mail.com,50,48930
6312,user_6312,user_6312@mail.com,51,48933
6313,user_6313,user_6313@mail.com,52,48936
6314,user_6314,user_6314@mail.com,53,48939
6315,user_6315,user_6315@mail.com,54,48942
6316,user_6316,user_6316@mail.com,55,48945
6317,user_6317,user_6317@mail.com,56,48948
6318,user_6318,user_6318@mail.com,57,48951
6319,user_6319,user_6319@mail.com,58,48954
6320,user_6320,user_6320@mail.com,59,48957
6321,user_6321,user_6321@mail.com,20,48960
6322,user_6322,user_6322@mail.com,21,48963
6323,user_6323,user_6323@mail.com,22,48966
6324,user_6324,user_6324@mail.com,23,48969
6325,user_6325,user_6325@mail.com,24,48972
6326,user_6326,user_6326@mail.com,25,48975
6327,user_6327,user_6327@mail.com,26,48978
6328,user_6328,user_6328@mail.com,27,48981
6329,user_6329,user_6329@mail.com,28,48984
6330,user_6330,user_6330@mail.com,29,48987
6331,user_6331,user_6331@mail.com,30,48990
6332,user_6332,user_6332@mail.com,31,48993
6333,user_6333,user_6333@mail.com,32,48996
6334,user_6334,user_6334@mail.com,33,48999
6335,user_6335,user_6335@mail.com,34,49002
6336,user_6336,user_6336@mail.com,35,49005
6337,user_6337,user_6337@mail.com,36,49008
6338,user_6338,user_6338@mail.com,37,49011
6339,user_6339,user_6339@mail.com,38,49014
6340,user_6340,user_6340@mail.com,39,49017
6341,user_6341,user_6341@mail.com,40,49020
6342,user_6342,user_6342@mail.com,41,49023
6343,user_6343,user_6343@mail.com,42,49026
6344,user_6344,user_6344@mail.com,43,49029
6345,user_6345,user_6345@mail.com,44,49032
6346,user_6346,user_6346@mail.com,45,49035
6347,user_6347,user_6347@mail.com,46,49038
6348,user_6348,user_6348@mail.com,47,49041
6349,user_6349,user_6349@mail.com,48,49044
6350,user_6350,user_6350@mail.com,49,49047
6351,user_6351,user_6351@mail.com,50,49050
6352,user_6352,user_6352@mail.com,51,49053
6353,user_6353,user_6353@mail.com,52,49056
6354,user_6354,user_6354@mail.com,53,49059
6355,user_6355,user_6355@mail.com,54,49062
6356,user_6356,user_6356@mail.com,55,49065
6357,user_6357,user_6357@mail.com,56,49068
6358,user_6358,user_6358@mail.com,57,49071
6359,user_6359,user_6359@mail.com,58,49074
6360,user_6360,user_6360@mail.com,59,49077
6361,user_6361,user_6361@mail.com,20,49080
6362,user_6362,user_6362@mail.com,21,49083
6363,user_6363,user_6363@mail.com,22,49086
6364,user_6364,user_6364@mail.com,23,49089
6365,user_6365,user_6365@mail.com,24,49092
6366,user_6366,user_6366@mail.com,25,49095
6367,user_6367,user_6367@mail.com,26,49098
6368,user_6368,user_6368@mail.com,27,49101
6369,user_6369,user_6369@mail.com,28,49104
6370,user_6370,user_6370@mail.com,29,49107
6371,user_6371,user_6371@mail.com,30,49110
6372,user_6372,user_6372@mail.com,31,49113
6373,user_6373,user_6373@mail.com,32,49116
6374,user_6374,user_6374@mail.com,33,49119
6375,user_6375,user_6375@mail.com,34,49122
6376,user_6376,user_6376@mail.com,35,49125
6377,user_6377,user_6377@mail.com,36,49128
6378,user_6378,user_6378@mail.com,37,49131
6379,user_6379,user_6379@mail.com,38,49134
6380,user_6380,user_6380@mail.com,39,49137
6381,user_6381,user_6381@mail.com,40,49140
6382,user_6382,user_6382@mail.com,41,49143
6383,user_6383,user_6383@mail.com,42,49146
6384,user_6384,user_6384@mail.com,43,49149
6385,user_6385,user_6385@mail.com,44,49152
6386,user_6386,user_6386@mail.com,45,49155
6387,user_6387,user_6387@mail.com,46,49158
6388,user_6388,user_6388@mail.com,47,49161
6389,user_6389,user_6389@mail.com,48,49164
6390,user_6390,user_6390@mail.com,49,49167
6391,user_6391,user_6391@mail.com,50,49170
6392,user_6392,user_6392@mail.com,51,49173
6393,user_6393,user_6393@mail.com,52,49176
6394,user_6394,user_6394@mail.com,53,49179
6395,user_6395,user_6395@mail.com,54,49182
6396,user_6396,user_6396@mail.com,55,49185
6397,user_6397,user_6397@mail.com,56,49188
6398,user_6398,user_6398@mail.com,57,49191
6399,user_6399,user_6399@mail.com,58,49194
6400,user_6400,user_6400@mail.com,59,49197
6401,user_6401,user_6401@mail.com,20,49200
6402,user_6402,user_6402@mail.com,21,49203
6403,user_6403,user_6403@mail.com,22,49206
6404,user_6404,user_6404@mail.com,23,49209
6405,user_6405,user_6405@mail.com,24,49212
6406,user_6406,user_6406@mail.com,25,49215
6407,user_6407,user_6407@mail.com,26,49218
6408,user_6408,user_6408@mail.com,27,49221
6409,user_6409,user_6409@mail.com,28,49224
6410,user_6410,user_6410@mail.com,29,49227
6411,user_6411,user_6411@mail.com,30,49230
6412,user_6412,user_6412@mail.com,31,49233
6413,user_6413,user_6413@mail.com,32,49236
6414,user_6414,user_6414@mail.com,33,49239
6415,user_6415,user_6415@mail.com,34,49242
6416,user_6416,user_6416@mail.com,35,49245
6417,user_6417,user_6417@mail.com,36,49248
6418,user_6418,user_6418@mail.com,37,49251
6419,user_6419,user_6419@mail.com,38,49254
6420,user_6420,user_6420@mail.com,39,49257
6421,user_6421,user_6421@mail.com,40,49260
6422,user_6422,user_6422@mail.com,41,49263
6423,user_6423,user_6423@mail.com,42,49266
6424,user_6424,user_6424@mail.com,43,49269
6425,user_6425,user_6425@mail.com,44,49272
6426,user_6426,user_6426@mail.com,45,49275
6427,user_6427,user_6427@mail.com,46,49278
6428,user_6428,user_6428@mail.com,47,49281
6429,user_6429,user_6429@mail.com,48,49284
6430,user_6430,user_6430@mail.com,49,49287
6431,user_6431,user_6431@mail.com,50,49290
6432,user_6432,user_6432@mail.com,51,49293
6433,user_6433,user_6433@mail.com,52,49296
6434,user_6434,user_6434@mail.com,53,49299
6435,user_6435,user_6435@mail.com,54,49302
6436,user_6436,user_6436@mail.com,55,49305
6437,user_6437,user_6437@mail.com,56,49308
6438,user_6438,user_6438@mail.com,57,49311
6439,user_6439,user_6439@mail.com,58,49314
6440,user_6440,user_6440@mail.com,59,49317
6441,user_6441,user_6441@mail.com,20,49320
6442,user_6442,user_6442@mail.com,21,49323
6443,user_6443,user_6443@mail.com,22,49326
6444,user_6444,user_6444@mail.com,23,49329
6445,user_6445,user_6445@mail.com,24,49332
6446,user_6446,user_6446@mail.com,25,49335
6447,user_6447,user_6447@mail.com,26,49338
6448,user_6448,user_6448@mail.com,27,49341
6449,user_6449,user_6449@mail.com,28,49344
6450,user_6450,user_6450@mail.com,29,49347
6451,user_6451,user_6451@mail.com,30,49350
6452,user_6452,user_6452@mail.com,31,49353
6453,user_6453,user_6453@mail.com,32,49356
6454,user_6454,user_6454@mail.com,33,49359
6455,user_6455,user_6455@mail.com,34,49362
6456,user_6456,user_6456@mail.com,35,49365
6457,user_6457,user_6457@mail.com,36,49368
6458,user_6458,user_6458@mail.com,37,49371
6459,user_6459,user_6459@mail.com,38,49374
6460,user_6460,user_6460@mail.com,39,49377
6461,user_6461,user_6461@mail.com,40,49380
6462,user_6462,user_6462@mail.com,41,49383
6463,user_6463,user_6463@mail.com,42,49386
6464,user_6464,user_6464@mail.com,43,49389
6465,user_6465,user_6465@mail.com,44,49392
6466,user_6466,user_6466@mail.com,45,49395
6467,user_6467,user_6467@mail.com,46,49398
6468,user_6468,user_6468@mail.com,47,49401
6469,user_6469,user_6469@mail.com,48,49404
6470,user_6470,user_6470@mail.com,49,49407
6471,user_6471,user_6471@mail.com,50,49410
6472,user_6472,user_6472@mail.com,51,49413
6473,user_6473,user_6473@mail.com,52,49416
6474,user_6474,user_6474@mail.com,53,49419
6475,user_6475,user_6475@mail.com,54,49422
6476,user_6476,user_6476@mail.com,55,49425
6477,user_6477,user_6477@mail.com,56,49428
6478,user_6478,user_6478@mail.com,57,49431
6479,user_6479,user_6479@mail.com,58,49434
6480,user_6480,user_6480@mail.com,59,49437
6481,user_6481,user_6481@mail.com,20,49440
6482,user_6482,user_6482@mail.com,21,49443
6483,user_6483,user_6483@mail.com,22,49446
6484,user_6484,user_6484@mail.com,23,49449
6485,user_6485,user_6485@mail.com,24,49452
6486,user_6486,user_6486@mail.com,25,49455
6487,user_6487,user_6487@mail.com,26,49458
6488,user_6488,user_6488@mail.com,27,49461
6489,user_6489,user_6489@mail.com,28,49464
6490,user_6490,user_6490@mail.com,29,49467
6491,user_6491,user_6491@mail.com,30,49470
6492,user_6492,user_6492@mail.com,31,49473
6493,user_6493,user_6493@mail.com,32,49476
6494,user_6494,user_6494@mail.com,33,49479
6495,user_6495,user_6495@mail.com,34,49482
6496,user_6496,user_6496@mail.com,35,49485
6497,user_6497,user_6497@mail.com,36,49488
6498,user_6498,user_6498@mail.com,37,49491
6499,user_6499,user_6499@mail.com,38,49494
6500,user_6500,user_6500@mail.com,39,49497
6501,user_6501,user_6501@mail.com,40,49500
6502,user_6502,user_6502@mail.com,41,49503
6503,user_6503,user_6503@mail.com,42,49506
6504,user_6504,user_6504@mail.com,43,49509
6505,user_6505,user_6505@mail.com,44,49512
6506,user_6506,user_6506@mail.com,45,49515
6507,user_6507,user_6507@mail.com,46,49518
6508,user_6508,user_6508@mail.com,47,49521
6509,user_6509,user_6509@mail.com,48,49524
6510,user_6510,user_6510@mail.com,49,49527
6511,user_6511,user_6511@mail.com,50,49530
6512,user_6512,user_6512@mail.com,51,49533
6513,user_6513,user_6513@mail.com,52,49536
6514,user_6514,user_6514@mail.com,53,49539
6515,user_6515,user_6515@mail.com,54,49542
6516,user_6516,user_6516@mail.com,55,49545
6517,user_6517,user_6517@mail.com,56,49548
6518,user_6518,user_6518@mail.com,57,49551
6519,user_6519,user_6519@mail.com,58,49554
6520,user_6520,user_6520@mail.com,59,49557
6521,user_6521,user_6521@mail.com,20,49560
6522,user_6522,user_6522@mail.com,21,49563
6523,user_6523,user_6523@mail.com,22,49566
6524,user_6524,user_6524@mail.com,23,49569
6525,user_6525,user_6525@mail.com,24,49572
6526,user_6526,user_6526@mail.com,25,49575
6527,user_6527,user_6527@mail.com,26,49578
6528,user_6528,user_6528@mail.com,27,49581
6529,user_6529,user_6529@mail.com,28,49584
6530,user_6530,user_6530@mail.com,29,49587
6531,user_6531,user_6531@mail.com,30,49590
6532,user_6532,user_6532@mail.com,31,49593
6533,user_6533,user_6533@mail.com,32,49596
6534,user_6534,user_6534@mail.com,33,49599
6535,user_6535,user_6535@mail.com,34,49602
6536,user_6536,user_6536@mail.com,35,49605
6537,user_6537,user_6537@mail.com,36,49608
6538,user_6538,user_6538@mail.com,37,49611
6539,user_6539,user_6539@mail.com,38,49614
6540,user_6540,user_6540@mail.com,39,49617
6541,user_6541,user_6541@mail.com,40,49620
6542,user_6542,user_6542@mail.com,41,49623
6543,user_6543,user_6543@mail.com,42,49626
6544,user_6544,user_6544@mail.com,43,49629
6545,user_6545,user_6545@mail.com,44,49632
6546,user_6546,user_6546@mail.com,45,49635
6547,user_6547,user_6547@mail.com,46,49638
6548,user_6548,user_6548@mail.com,47,49641
6549,user_6549,user_6549@mail.com,48,49644
6550,user_6550,user_6550@mail.com,49,49647
6551,user_6551,user_6551@mail.com,50,49650
6552,user_6552,user_6552@mail.com,51,49653
6553,user_6553,user_6553@mail.com,52,49656
6554,user_6554,user_6554@mail.com,53,49659
6555,user_6555,user_6555@mail.com,54,49662
6556,user_6556,user_6556@mail.com,55,49665
6557,user_6557,user_6557@mail.com,56,49668
6558,user_6558,user_6558@mail.com,57,49671
6559,user_6559,user_6559@mail.com,58,49674
6560,user_6560,user_6560@mail.com,59,49677
6561,user_6561,user_6561@mail.com,20,49680
6562,user_6562,user_6562@mail.com,21,49683
6563,user_6563,user_6563@mail.com,22,49686
6564,user_6564,user_6564@mail.com,23,49689
6565,user_6565,user_6565@mail.com,24,49692
6566,user_6566,user_6566@mail.com,25,49695
6567,user_6567,user_6567@mail.com,26,49698
6568,user_6568,user_6568@mail.com,27,49701
6569,user_6569,user_6569@mail.com,28,49704
6570,user_6570,user_6570@mail.com,29,49707
6571,user_6571,user_6571@mail.com,30,49710
6572,user_6572,user_6572@mail.com,31,49713
6573,user_6573,user_6573@mail.com,32,49716
6574,user_6574,user_6574@mail.com,33,49719
6575,user_6575,user_6575@mail.com,34,49722
6576,user_6576,user_6576@mail.com,35,49725
6577,user_6577,user_6577@mail.com,36,49728
6578,user_6578,user_6578@mail.com,37,49731
6579,user_6579,user_6579@mail.com,38,49734
6580,user_6580,user_6580@mail.com,39,49737
6581,user_6581,user_6581@mail.com,40,49740
6582,user_6582,user_6582@mail.com,41,49743
6583,user_6583,user_6583@mail.com,42,49746
6584,user_6584,user_6584@mail.com,43,49749
6585,user_6585,user_6585@mail.com,44,49752
6586,user_6586,user_6586@mail.com,45,49755
6587,user_6587,user_6587@mail.com,46,49758
6588,user_6588,user_6588@mail.com,47,49761
6589,user_6589,user_6589@mail.com,48,49764
6590,user_6590,user_6590@mail.com,49,49767
6591,user_6591,user_6591@mail.com,50,49770
6592,user_6592,user_6592@mail.com,51,49773
6593,user_6593,user_6593@mail.com,52,49776
6594,user_6594,user_6594@mail.com,53,49779
6595,user_6595,user_6595@mail.com,54,49782
6596,user_6596,user_6596@mail.com,55,49785
6597,user_6597,user_6597@mail.com,56,49788
6598,user_6598,user_6598@mail.com,57,49791
6599,user_6599,user_6599@mail.com,58,49794
6600,user_6600,user_6600@mail.com,59,49797
6601,user_6601,user_6601@mail.com,20,49800
6602,user_6602,user_6602@mail.com,21,49803
6603,user_6603,user_6603@mail.com,22,49806
6604,user_6604,user_6604@mail.com,23,49809
6605,user_6605,user_6605@mail.com,24,49812
6606,user_6606,user_6606@mail.com,25,49815
6607,user_6607,user_6607@mail.com,26,49818
6608,user_6608,user_6608@mail.com,27,49821
6609,user_6609,user_6609@mail.com,28,49824
6610,user_6610,user_6610@mail.com,29,49827
6611,user_6611,user_6611@mail.com,30,49830
6612,user_6612,user_6612@mail.com,31,49833
6613,user_6613,user_6613@mail.com,32,49836
6614,user_6614,user_6614@mail.com,33,49839
6615,user_6615,user_6615@mail.com,34,49842
6616,user_6616,user_6616@mail.com,35,49845
6617,user_6617,user_6617@mail.com,36,49848
6618,user_6618,user_6618@mail.com,37,49851
6619,user_6619,user_6619@mail.com,38,49854
6620,user_6620,user_6620@mail.com,39,49857
6621,user_6621,user_6621@mail.com,40,49860
6622,user_6622,user_6622@mail.com,41,49863
6623,user_6623,user_6623@mail.com,42,49866
6624,user_6624,user_6624@mail.com,43,49869
6625,user_6625,user_6625@mail.com,44,49872
6626,user_6626,user_6626@mail.com,45,49875
6627,user_6627,user_6627@mail.com,46,49878
6628,user_6628,user_6628@mail.com,47,49881
6629,user_6629,user_6629@mail.com,48,49884
6630,user_6630,user_6630@mail.com,49,49887
6631,user_6631,user_6631@mail.com,50,49890
6632,user_6632,user_6632@mail.com,51,49893
6633,user_6633,user_6633@mail.com,52,49896
6634,user_6634,user_6634@mail.com,53,49899
6635,user_6635,user_6635@mail.com,54,49902
6636,user_6636,user_6636@mail.com,55,49905
6637,user_6637,user_6637@mail.com,56,49908
6638,user_6638,user_6638@mail.com,57,49911
6639,user_6639,user_6639@mail.com,58,49914
6640,user_6640,user_6640@mail.com,59,49917
6641,user_6641,user_6641@mail.com,20,49920
6642,user_6642,user_6642@mail.com,21,49923
6643,user_6643,user_6643@mail.com,22,49926
6644,user_6644,user_6644@mail.com,23,49929
6645,user_6645,user_6645@mail.com,24,49932
6646,user_6646,user_6646@mail.com,25,49935
6647,user_6647,user_6647@mail.com,26,49938
6648,user_6648,user_6648@mail.com,27,49941
6649,user_6649,user_6649@mail.com,28,49944
6650,user_6650,user_6650@mail.com,29,49947
6651,user_6651,user_6651@mail.com,30,49950
6652,user_6652,user_6652@mail.com,31,49953
6653,user_6653,user_6653@mail.com,32,49956
6654,user_6654,user_6654@mail.com,33,49959
6655,user_6655,user_6655@mail.com,34,49962
6656,user_6656,user_6656@mail.com,35,49965
6657,user_6657,user_6657@mail.com,36,49968
6658,user_6658,user_6658@mail.com,37,49971
6659,user_6659,user_6659@mail.com,38,49974
6660,user_6660,user_6660@mail.com,39,49977
6661,user_6661,user_6661@mail.com,40,49980
6662,user_6662,user_6662@mail.com,41,49983
6663,user_6663,user_6663@mail.com,42,49986
6664,user_6664,user_6664@mail.com,43,49989
6665,user_6665,user_6665@mail.com,44,49992
6666,user_6666,user_6666@mail.com,45,49995
6667,user_6667,user_6667@mail.com,46,49998
6668,user_6668,user_6668@mail.com,47,50001
6669,user_6669,user_6669@mail.com,48,50004
6670,user_6670,user_6670@mail.com,49,50007
6671,user_6671,user_6671@mail.com,50,50010
6672,user_6672,user_6672@mail.com,51,50013
6673,user_6673,user_6673@mail.com,52,50016
6674,user_6674,user_6674@mail.com,53,50019
6675,user_6675,user_6675@mail.com,54,50022
6676,user_6676,user_6676@mail.com,55,50025
6677,user_6677,user_6677@mail.com,56,50028
6678,user_6678,user_6678@mail.com,57,50031
6679,user_6679,user_6679@mail.com,58,50034
6680,user_6680,user_6680@mail.com,59,50037
6681,user_6681,user_6681@mail.com,20,50040
6682,user_6682,user_6682@mail.com,21,50043
6683,user_6683,user_6683@mail.com,22,50046
6684,user_6684,user_6684@mail.com,23,50049
6685,user_6685,user_6685@mail.com,24,50052
6686,user_6686,user_6686@mail.com,25,50055
6687,user_6687,user_6687@mail.com,26,50058
6688,user_6688,user_6688@mail.com,27,50061
6689,user_6689,user_6689@mail.com,28,50064
6690,user_6690,user_6690@mail.com,29,50067
6691,user_6691,user_6691@mail.com,30,50070
6692,user_6692,user_6692@mail.com,31,50073
6693,user_6693,user_6693@mail.com,32,50076
6694,user_6694,user_6694@mail.com,33,50079
6695,user_6695,user_6695@mail.com,34,50082
6696,user_6696,user_6696@mail.com,35,50085
6697,user_6697,user_6697@mail.com,36,50088
6698,user_6698,user_6698@mail.com,37,50091
6699,user_6699,user_6699@mail.com,38,50094
6700,user_6700,user_6700@mail.com,39,50097
6701,user_6701,user_6701@mail.com,40,50100
6702,user_6702,user_6702@mail.com,41,50103
6703,user_6703,user_6703@mail.com,42,50106
6704,user_6704,user_6704@mail.com,43,50109
6705,user_6705,user_6705@mail.com,44,50112
6706,user_6706,user_6706@mail.com,45,50115
6707,user_6707,user_6707@mail.com,46,50118
6708,user_6708,user_6708@mail.com,47,50121
6709,user_6709,user_6709@mail.com,48,50124
6710,user_6710,user_6710@mail.com,49,50127
6711,user_6711,user_6711@mail.com,50,50130
6712,user_6712,user_6712@mail.com,51,50133
6713,user_6713,user_6713@mail.com,52,50136
6714,user_6714,user_6714@mail.com,53,50139
6715,user_6715,user_6715@mail.com,54,50142
6716,user_6716,user_6716@mail.com,55,50145
6717,user_6717,user_6717@mail.com,56,50148
6718,user_6718,user_6718@mail.com,57,50151
6719,user_6719,user_6719@mail.com,58,50154
6720,user_6720,user_6720@mail.com,59,50157
6721,user_6721,user_6721@mail.com,20,50160
6722,user_6722,user_6722@mail.com,21,50163
6723,user_6723,user_6723@mail.com,22,50166
6724,user_6724,user_6724@mail.com,23,50169
6725,user_6725,user_6725@mail.com,24,50172
6726,user_6726,user_6726@mail.com,25,50175
6727,user_6727,user_6727@mail.com,26,50178
6728,user_6728,user_6728@mail.com,27,50181
6729,user_6729,user_6729@mail.com,28,50184
6730,user_6730,user_6730@mail.com,29,50187
6731,user_6731,user_6731@mail.com,30,50190
6732,user_6732,user_6732@mail.com,31,50193
6733,user_6733,user_6733@mail.com,32,50196
6734,user_6734,user_6734@mail.com,33,50199
6735,user_6735,user_6735@mail.com,34,50202
6736,user_6736,user_6736@mail.com,35,50205
6737,user_6737,user_6737@mail.com,36,50208
6738,user_6738,user_6738@mail.com,37,50211
6739,user_6739,user_6739@mail.com,38,50214
6740,user_6740,user_6740@mail.com,39,50217
6741,user_6741,user_6741@mail.com,40,50220
6742,user_6742,user_6742@mail.com,41,50223
6743,user_6743,user_6743@mail.com,42,50226
6744,user_6744,user_6744@mail.com,43,50229
6745,user_6745,user_6745@mail.com,44,50232
6746,user_6746,user_6746@mail.com,45,50235
6747,user_6747,user_6747@mail.com,46,50238
6748,user_6748,user_6748@mail.com,47,50241
6749,user_6749,user_6749@mail.com,48,50244
6750,user_6750,user_6750@mail.com,49,50247
6751,user_6751,user_6751@mail.com,50,50250
6752,user_6752,user_6752@mail.com,51,50253
6753,user_6753,user_6753@mail.com,52,50256
6754,user_6754,user_6754@mail.com,53,50259
6755,user_6755,user_6755@mail.com,54,50262
6756,user_6756,user_6756@mail.com,55,50265
6757,user_6757,user_6757@mail.com,56,50268
6758,user_6758,user_6758@mail.com,57,50271
6759,user_6759,user_6759@mail.com,58,50274
6760,user_6760,user_6760@mail.com,59,50277
6761,user_6761,user_6761@mail.com,20,50280
6762,user_6762,user_6762@mail.com,21,50283
6763,user_6763,user_6763@mail.com,22,50286
6764,user_6764,user_6764@mail.com,23,50289
6765,user_6765,user_6765@mail.com,24,50292
6766,user_6766,user_6766@mail.com,25,50295
6767,user_6767,user_6767@mail.com,26,50298
6768,user_6768,user_6768@mail.com,27,50301
6769,user_6769,user_6769@mail.com,28,50304
6770,user_6770,user_6770@mail.com,29,50307
6771,user_6771,user_6771@mail.com,30,50310
6772,user_6772,user_6772@mail.com,31,50313
6773,user_6773,user_6773@mail.com,32,50316
6774,user_6774,user_6774@mail.com,33,50319
6775,user_6775,user_6775@mail.com,34,50322
6776,user_6776,user_6776@mail.com,35,50325
6777,user_6777,user_6777@mail.com,36,50328
6778,user_6778,user_6778@mail.com,37,50331
6779,user_6779,user_6779@mail.com,38,50334
6780,user_6780,user_6780@mail.com,39,50337
6781,user_6781,user_6781@mail.com,40,50340
6782,user_6782,user_6782@mail.com,41,50343
6783,user_6783,user_6783@mail.com,42,50346
6784,user_6784,user_6784@mail.com,43,50349
6785,user_6785,user_6785@mail.com,44,50352
6786,user_6786,user_6786@mail.com,45,50355
6787,user_6787,user_6787@mail.com,46,50358
6788,user_6788,user_6788@mail.com,47,50361
6789,user_6789,user_6789@mail.com,48,50364
6790,user_6790,user_6790@mail.com,49,50367
6791,user_6791,user_6791@mail.com,50,50370
6792,user_6792,user_6792@mail.com,51,50373
6793,user_6793,user_6793@mail.com,52,50376
6794,user_6794,user_6794@mail.com,53,50379
6795,user_6795,user_6795@mail.com,54,50382
6796,user_6796,user_6796@mail.com,55,50385
6797,user_6797,user_6797@mail.com,56,50388
6798,user_6798,user_6798@mail.com,57,50391
6799,user_6799,user_6799@mail.com,58,50394
6800,user_6800,user_6800@mail.com,59,50397
6801,user_6801,user_6801@mail.com,20,50400
6802,user_6802,user_6802@mail.com,21,50403
6803,user_6803,user_6803@mail.com,22,50406
6804,user_6804,user_6804@mail.com,23,50409
6805,user_6805,user_6805@mail.com,24,50412
6806,user_6806,user_6806@mail.com,25,50415
6807,user_6807,user_6807@mail.com,26,50418
6808,user_6808,user_6808@mail.com,27,50421
6809,user_6809,user_6809@mail.com,28,50424
6810,user_6810,user_6810@mail.com,29,50427
6811,user_6811,user_6811@mail.com,30,50430
6812,user_6812,user_6812@mail.com,31,50433
6813,user_6813,user_6813@mail.com,32,50436
6814,user_6814,user_6814@mail.com,33,50439
6815,user_6815,user_6815@mail.com,34,50442
6816,user_6816,user_6816@mail.com,35,50445
6817,user_6817,user_6817@mail.com,36,50448
6818,user_6818,user_6818@mail.com,37,50451
6819,user_6819,user_6819@mail.com,38,50454
6820,user_6820,user_6820@mail.com,39,50457
6821,user_6821,user_6821@mail.com,40,50460
6822,user_6822,user_6822@mail.com,41,50463
6823,user_6823,user_6823@mail.com,42,50466
6824,user_6824,user_6824@mail.com,43,50469
6825,user_6825,user_6825@mail.com,44,50472
6826,user_6826,user_6826@mail.com,45,50475
6827,user_6827,user_6827@mail.com,46,50478
6828,user_6828,user_6828@mail.com,47,50481
6829,user_6829,user_6829@mail.com,48,50484
6830,user_6830,user_6830@mail.com,49,50487
6831,user_6831,user_6831@mail.com,50,50490
6832,user_6832,user_6832@mail.com,51,50493
6833,user_6833,user_6833@mail.com,52,50496
6834,user_6834,user_6834@mail.com,53,50499
6835,user_6835,user_6835@mail.com,54,50502
6836,user_6836,user_6836@mail.com,55,50505
6837,user_6837,user_6837@mail.com,56,50508
6838,user_6838,user_6838@mail.com,57,50511
6839,user_6839,user_6839@mail.com,58,50514
6840,user_6840,user_6840@mail.com,59,50517
6841,user_6841,user_6841@mail.com,20,50520
6842,user_6842,user_6842@mail.com,21,50523
6843,user_6843,user_6843@mail.com,22,50526
6844,user_6844,user_6844@mail.com,23,50529
6845,user_6845,user_6845@mail.com,24,50532
6846,user_6846,user_6846@mail.com,25,50535
6847,user_6847,user_6847@mail.com,26,50538
6848,user_6848,user_6848@mail.com,27,50541
6849,user_6849,user_6849@mail.com,28,50544
6850,user_6850,user_6850@mail.com,29,50547
6851,user_6851,user_6851@mail.com,30,50550
6852,user_6852,user_6852@mail.com,31,50553
6853,user_6853,user_6853@mail.com,32,50556
6854,user_6854,user_6854@mail.com,33,50559
6855,user_6855,user_6855@mail.com,34,50562
6856,user_6856,user_6856@mail.com,35,50565
6857,user_6857,user_6857@mail.com,36,50568
6858,user_6858,user_6858@mail.com,37,50571
6859,user_6859,user_6859@mail.com,38,50574
6860,user_6860,user_6860@mail.com,39,50577
6861,user_6861,user_6861@mail.com,40,50580
6862,user_6862,user_6862@mail.com,41,50583
6863,user_6863,user_6863@mail.com,42,50586
6864,user_6864,user_6864@mail.com,43,50589
6865,user_6865,user_6865@mail.com,44,50592
6866,user_6866,user_6866@mail.com,45,50595
6867,user_6867,user_6867@mail.com,46,50598
6868,user_6868,user_6868@mail.com,47,50601
6869,user_6869,user_6869@mail.com,48,50604
6870,user_6870,user_6870@mail.com,49,50607
6871,user_6871,user_6871@mail.com,50,50610
6872,user_6872,user_6872@mail.com,51,50613
6873,user_6873,user_6873@mail.com,52,50616
6874,user_6874,user_6874@mail.com,53,50619
6875,user_6875,user_6875@mail.com,54,50622
6876,user_6876,user_6876@mail.com,55,50625
6877,user_6877,user_6877@mail.com,56,50628
6878,user_6878,user_6878@mail.com,57,50631
6879,user_6879,user_6879@mail.com,58,50634
6880,user_6880,user_6880@mail.com,59,50637
6881,user_6881,user_6881@mail.com,20,50640
6882,user_6882,user_6882@mail.com,21,50643
6883,user_6883,user_6883@mail.com,22,50646
6884,user_6884,user_6884@mail.com,23,50649
6885,user_6885,user_6885@mail.com,24,50652
6886,user_6886,user_6886@mail.com,25,50655
6887,user_6887,user_6887@mail.com,26,50658
6888,user_6888,user_6888@mail.com,27,50661
6889,user_6889,user_6889@mail.com,28,50664
6890,user_6890,user_6890@mail.com,29,50667
6891,user_6891,user_6891@mail.com,30,50670
6892,user_6892,user_6892@mail.com,31,50673
6893,user_6893,user_6893@mail.com,32,50676
6894,user_6894,user_6894@mail.com,33,50679
6895,user_6895,user_6895@mail.com,34,50682
6896,user_6896,user_6896@mail.com,35,50685
6897,user_6897,user_6897@mail.com,36,50688
6898,user_6898,user_6898@mail.com,37,50691
6899,user_6899,user_6899@mail.com,38,50694
6900,user_6900,user_6900@mail.com,39,50697
6901,user_6901,user_6901@mail.com,40,50700
6902,user_6902,user_6902@mail.com,41,50703
6903,user_6903,user_6903@mail.com,42,50706
6904,user_6904,user_6904@mail.com,43,50709
6905,user_6905,user_6905@mail.com,44,50712
6906,user_6906,user_6906@mail.com,45,50715
6907,user_6907,user_6907@mail.com,46,50718
6908,user_6908,user_6908@mail.com,47,50721
6909,user_6909,user_6909@mail.com,48,50724
6910,user_6910,user_6910@mail.com,49,50727
6911,user_6911,user_6911@mail.com,50,50730
6912,user_6912,user_6912@mail.com,51,50733
6913,user_6913,user_6913@mail.com,52,50736
6914,user_6914,user_6914@mail.com,53,50739
6915,user_6915,user_6915@mail.com,54,50742
6916,user_6916,user_6916@mail.com,55,50745
6917,user_6917,user_6917@mail.com,56,50748
6918,user_6918,user_6918@mail.com,57,50751
6919,user_6919,user_6919@mail.com,58,50754
6920,user_6920,user_6920@mail.com,59,50757
6921,user_6921,user_6921@mail.com,20,50760
6922,user_6922,user_6922@mail.com,21,50763
6923,user_6923,user_6923@mail.com,22,50766
6924,user_6924,user_6924@mail.com,23,50769
6925,user_6925,user_6925@mail.com,24,50772
6926,user_6926,user_6926@mail.com,25,50775
6927,user_6927,user_6927@mail.com,26,50778
6928,user_6928,user_6928@mail.com,27,50781
6929,user_6929,user_6929@mail.com,28,50784
6930,user_6930,user_6930@mail.com,29,50787
6931,user_6931,user_6931@mail.com,30,50790
6932,user_6932,user_6932@mail.com,31,50793
6933,user_6933,user_6933@mail.com,32,50796
6934,user_6934,user_6934@mail.com,33,50799
6935,user_6935,user_6935@mail.com,34,50802
6936,user_6936,user_6936@mail.com,35,50805
6937,user_6937,user_6937@mail.com,36,50808
6938,user_6938,user_6938@mail.com,37,50811
6939,user_6939,user_6939@mail.com,38,50814
6940,user_6940,user_6940@mail.com,39,50817
6941,user_6941,user_6941@mail.com,40,50820
6942,user_6942,user_6942@mail.com,41,50823
6943,user_6943,user_6943@mail.com,42,50826
6944,user_6944,user_6944@mail.com,43,50829
6945,user_6945,user_6945@mail.com,44,50832
6946,user_6946,user_6946@mail.com,45,50835
6947,user_6947,user_6947@mail.com,46,50838
6948,user_6948,user_6948@mail.com,47,50841
6949,user_6949,user_6949@mail.com,48,50844
6950,user_6950,user_6950@mail.com,49,50847
6951,user_6951,user_6951@mail.com,50,50850
6952,user_6952,user_6952@mail.com,51,50853
6953,user_6953,user_6953@mail.com,52,50856
6954,user_6954,user_6954@mail.com,53,50859
6955,user_6955,user_6955@mail.com,54,50862
6956,user_6956,user_6956@mail.com,55,50865
6957,user_6957,user_6957@mail.com,56,50868
6958,user_6958,user_6958@mail.com,57,50871
6959,user_6959,user_6959@mail.com,58,50874
6960,user_6960,user_6960@mail.com,59,50877
6961,user_6961,user_6961@mail.com,20,50880
6962,user_6962,user_6962@mail.com,21,50883
6963,user_6963,user_6963@mail.com,22,50886
6964,user_6964,user_6964@mail.com,23,50889
6965,user_6965,user_6965@mail.com,24,50892
6966,user_6966,user_6966@mail.com,25,50895
6967,user_6967,user_6967@mail.com,26,50898
6968,user_6968,user_6968@mail.com,27,50901
6969,user_6969,user_6969@mail.com,28,50904
6970,user_6970,user_6970@mail.com,29,50907
6971,user_6971,user_6971@mail.com,30,50910
6972,user_6972,user_6972@mail.com,31,50913
6973,user_6973,user_6973@mail.com,32,50916
6974,user_6974,user_6974@mail.com,33,50919
6975,user_6975,user_6975@mail.com,34,50922
6976,user_6976,user_6976@mail.com,35,50925
6977,user_6977,user_6977@mail.com,36,50928
6978,user_6978,user_6978@mail.com,37,50931
6979,user_6979,user_6979@mail.com,38,50934
6980,user_6980,user_6980@mail.com,39,50937
6981,user_6981,user_6981@mail.com,40,50940
6982,user_6982,user_6982@mail.com,41,50943
6983,user_6983,user_6983@mail.com,42,50946
6984,user_6984,user_6984@mail.com,43,50949
6985,user_6985,user_6985@mail.com,44,50952
6986,user_6986,user_6986@mail.com,45,50955
6987,user_6987,user_6987@mail.com,46,50958
6988,user_6988,user_6988@mail.com,47,50961
6989,user_6989,user_6989@mail.com,48,50964
6990,user_6990,user_6990@mail.com,49,50967
6991,user_6991,user_6991@mail.com,50,50970
6992,user_6992,user_6992@mail.com,51,50973
6993,user_6993,user_6993@mail.com,52,50976
6994,user_6994,user_6994@mail.com,53,50979
6995,user_6995,user_6995@mail.com,54,50982
6996,user_6996,user_6996@mail.com,55,50985
6997,user_6997,user_6997@mail.com,56,50988
6998,user_6998,user_6998@mail.com,57,50991
6999,user_6999,user_6999@mail.com,58,50994
7000,user_7000,user_7000@mail.com,59,50997
7001,user_7001,user_7001@mail.com,20,51000
7002,user_7002,user_7002@mail.com,21,51003
7003,user_7003,user_7003@mail.com,22,51006
7004,user_7004,user_7004@mail.com,23,51009
7005,user_7005,user_7005@mail.com,24,51012
7006,user_7006,user_7006@mail.com,25,51015
7007,user_7007,user_7007@mail.com,26,51018
7008,user_7008,user_7008@mail.com,27,51021
7009,user_7009,user_7009@mail.com,28,51024
7010,user_7010,user_7010@mail.com,29,51027
7011,user_7011,user_7011@mail.com,30,51030
7012,user_7012,user_7012@mail.com,31,51033
7013,user_7013,user_7013@mail.com,32,51036
7014,user_7014,user_7014@mail.com,33,51039
7015,user_7015,user_7015@mail.com,34,51042
7016,user_7016,user_7016@mail.com,35,51045
7017,user_7017,user_7017@mail.com,36,51048
7018,user_7018,user_7018@mail.com,37,51051
7019,user_7019,user_7019@mail.com,38,51054
7020,user_7020,user_7020@mail.com,39,51057
7021,user_7021,user_7021@mail.com,40,51060
7022,user_7022,user_7022@mail.com,41,51063
7023,user_7023,user_7023@mail.com,42,51066
7024,user_7024,user_7024@mail.com,43,51069
7025,user_7025,user_7025@mail.com,44,51072
7026,user_7026,user_7026@mail.com,45,51075
7027,user_7027,user_7027@mail.com,46,51078
7028,user_7028,user_7028@mail.com,47,51081
7029,user_7029,user_7029@mail.com,48,51084
7030,user_7030,user_7030@mail.com,49,51087
7031,user_7031,user_7031@mail.com,50,51090
7032,user_7032,user_7032@mail.com,51,51093
7033,user_7033,user_7033@mail.com,52,51096
7034,user_7034,user_7034@mail.com,53,51099
7035,user_7035,user_7035@mail.com,54,51102
7036,user_7036,user_7036@mail.com,55,51105
7037,user_7037,user_7037@mail.com,56,51108
7038,user_7038,user_7038@mail.com,57,51111
7039,user_7039,user_7039@mail.com,58,51114
7040,user_7040,user_7040@mail.com,59,51117
7041,user_7041,user_7041@mail.com,20,51120
7042,user_7042,user_7042@mail.com,21,51123
7043,user_7043,user_7043@mail.com,22,51126
7044,user_7044,user_7044@mail.com,23,51129
7045,user_7045,user_7045@mail.com,24,51132
7046,user_7046,user_7046@mail.com,25,51135
7047,user_7047,user_7047@mail.com,26,51138
7048,user_7048,user_7048@mail.com,27,51141
7049,user_7049,user_7049@mail.com,28,51144
7050,user_7050,user_7050@mail.com,29,51147
7051,user_7051,user_7051@mail.com,30,51150
7052,user_7052,user_7052@mail.com,31,51153
7053,user_7053,user_7053@mail.com,32,51156
7054,user_7054,user_7054@mail.com,33,51159
7055,user_7055,user_7055@mail.com,34,51162
7056,user_7056,user_7056@mail.com,35,51165
7057,user_7057,user_7057@mail.com,36,51168
7058,user_7058,user_7058@mail.com,37,51171
7059,user_7059,user_7059@mail.com,38,51174
7060,user_7060,user_7060@mail.com,39,51177
7061,user_7061,user_7061@mail.com,40,51180
7062,user_7062,user_7062@mail.com,41,51183
7063,user_7063,user_7063@mail.com,42,51186
7064,user_7064,user_7064@mail.com,43,51189
7065,user_7065,user_7065@mail.com,44,51192
7066,user_7066,user_7066@mail.com,45,51195
7067,user_7067,user_7067@mail.com,46,51198
7068,user_7068,user_7068@mail.com,47,51201
7069,user_7069,user_7069@mail.com,48,51204
7070,user_7070,user_7070@mail.com,49,51207
7071,user_7071,user_7071@mail.com,50,51210
7072,user_7072,user_7072@mail.com,51,51213
7073,user_7073,user_7073@mail.com,52,51216
7074,user_7074,user_7074@mail.com,53,51219
7075,user_7075,user_7075@mail.com,54,51222
7076,user_7076,user_7076@mail.com,55,51225
7077,user_7077,user_7077@mail.com,56,51228
7078,user_7078,user_7078@mail.com,57,51231
7079,user_7079,user_7079@mail.com,58,51234
7080,user_7080,user_7080@mail.com,59,51237
7081,user_7081,user_7081@mail.com,20,51240
7082,user_7082,user_7082@mail.com,21,51243
7083,user_7083,user_7083@mail.com,22,51246
7084,user_7084,user_7084@mail.com,23,51249
7085,user_7085,user_7085@mail.com,24,51252
7086,user_7086,user_7086@mail.com,25,51255
7087,user_7087,user_7087@mail.com,26,51258
7088,user_7088,user_7088@mail.com,27,51261
7089,user_7089,user_7089@mail.com,28,51264
7090,user_7090,user_7090@mail.com,29,51267
7091,user_7091,user_7091@mail.com,30,51270
7092,user_7092,user_7092@mail.com,31,51273
7093,user_7093,user_7093@mail.com,32,51276
7094,user_7094,user_7094@mail.com,33,51279
7095,user_7095,user_7095@mail.com,34,51282
7096,user_7096,user_7096@mail.com,35,51285
7097,user_7097,user_7097@mail.com,36,51288
7098,user_7098,user_7098@mail.com,37,51291
7099,user_7099,user_7099@mail.com,38,51294
7100,user_7100,user_7100@mail.com,39,51297
7101,user_7101,user_7101@mail.com,40,51300
7102,user_7102,user_7102@mail.com,41,51303
7103,user_7103,user_7103@mail.com,42,51306
7104,user_7104,user_7104@mail.com,43,51309
7105,user_7105,user_7105@mail.com,44,51312
7106,user_7106,user_7106@mail.com,45,51315
7107,user_7107,user_7107@mail.com,46,51318
7108,user_7108,user_7108@mail.com,47,51321
7109,user_7109,user_7109@mail.com,48,51324
7110,user_7110,user_7110@mail.com,49,51327
7111,user_7111,user_7111@mail.com,50,51330
7112,user_7112,user_7112@mail.com,51,51333
7113,user_7113,user_7113@mail.com,52,51336
7114,user_7114,user_7114@mail.com,53,51339
7115,user_7115,user_7115@mail.com,54,51342
7116,user_7116,user_7116@mail.com,55,51345
7117,user_7117,user_7117@mail.com,56,51348
7118,user_7118,user_7118@mail.com,57,51351
7119,user_7119,user_7119@mail.com,58,51354
7120,user_7120,user_7120@mail.com,59,51357
7121,user_7121,user_7121@mail.com,20,51360
7122,user_7122,user_7122@mail.com,21,51363
7123,user_7123,user_7123@mail.com,22,51366
7124,user_7124,user_7124@mail.com,23,51369
7125,user_7125,user_7125@mail.com,24,51372
7126,user_7126,user_7126@mail.com,25,51375
7127,user_7127,user_7127@mail.com,26,51378
7128,user_7128,user_7128@mail.com,27,51381
7129,user_7129,user_7129@mail.com,28,51384
7130,user_7130,user_7130@mail.com,29,51387
7131,user_7131,user_7131@mail.com,30,51390
7132,user_7132,user_7132@mail.com,31,51393
7133,user_7133,user_7133@mail.com,32,51396
7134,user_7134,user_7134@mail.com,33,51399
7135,user_7135,user_7135@mail.com,34,51402
7136,user_7136,user_7136@mail.com,35,51405
7137,user_7137,user_7137@mail.com,36,51408
7138,user_7138,user_7138@mail.com,37,51411
7139,user_7139,user_7139@mail.com,38,51414
7140,user_7140,user_7140@mail.com,39,51417
7141,user_7141,user_7141@mail.com,40,51420
7142,user_7142,user_7142@mail.com,41,51423
7143,user_7143,user_7143@mail.com,42,51426
7144,user_7144,user_7144@mail.com,43,51429
7145,user_7145,user_7145@mail.com,44,51432
7146,user_7146,user_7146@mail.com,45,51435
7147,user_7147,user_7147@mail.com,46,51438
7148,user_7148,user_7148@mail.com,47,51441
7149,user_7149,user_7149@mail.com,48,51444
7150,user_7150,user_7150@mail.com,49,51447
7151,user_7151,user_7151@mail.com,50,51450
7152,user_7152,user_7152@mail.com,51,51453
7153,user_7153,user_7153@mail.com,52,51456
7154,user_7154,user_7154@mail.com,53,51459
7155,user_7155,user_7155@mail.com,54,51462
7156,user_7156,user_7156@mail.com,55,51465
7157,user_7157,user_7157@mail.com,56,51468
7158,user_7158,user_7158@mail.com,57,51471
7159,user_7159,user_7159@mail.com,58,51474
7160,user_7160,user_7160@mail.com,59,51477
7161,user_7161,user_7161@mail.com,20,51480
7162,user_7162,user_7162@mail.com,21,51483
7163,user_7163,user_7163@mail.com,22,51486
7164,user_7164,user_7164@mail.com,23,51489
7165,user_7165,user_7165@mail.com,24,51492
7166,user_7166,user_7166@mail.com,25,51495
7167,user_7167,user_7167@mail.com,26,51498
7168,user_7168,user_7168@mail.com,27,51501
7169,user_7169,user_7169@mail.com,28,51504
7170,user_7170,user_7170@mail.com,29,51507
7171,user_7171,user_7171@mail.com,30,51510
7172,user_7172,user_7172@mail.com,31,51513
7173,user_7173,user_7173@mail.com,32,51516
7174,user_7174,user_7174@mail.com,33,51519
7175,user_7175,user_7175@mail.com,34,51522
7176,user_7176,user_7176@mail.com,35,51525
7177,user_7177,user_7177@mail.com,36,51528
7178,user_7178,user_7178@mail.com,37,51531
7179,user_7179,user_7179@mail.com,38,51534
7180,user_7180,user_7180@mail.com,39,51537
7181,user_7181,user_7181@mail.com,40,51540
7182,user_7182,user_7182@mail.com,41,51543
7183,user_7183,user_7183@mail.com,42,51546
7184,user_7184,user_7184@mail.com,43,51549
7185,user_7185,user_7185@mail.com,44,51552
7186,user_7186,user_7186@mail.com,45,51555
7187,user_7187,user_7187@mail.com,46,51558
7188,user_7188,user_7188@mail.com,47,51561
7189,user_7189,user_7189@mail.com,48,51564
7190,user_7190,user_7190@mail.com,49,51567
7191,user_7191,user_7191@mail.com,50,51570
7192,user_7192,user_7192@mail.com,51,51573
7193,user_7193,user_7193@mail.com,52,51576
7194,user_7194,user_7194@mail.com,53,51579
7195,user_7195,user_7195@mail.com,54,51582
7196,user_7196,user_7196@mail.com,55,51585
7197,user_7197,user_7197@mail.com,56,51588
7198,user_7198,user_7198@mail.com,57,51591
7199,user_7199,user_7199@mail.com,58,51594
7200,user_7200,user_7200@mail.com,59,51597
7201,user_7201,user_7201@mail.com,20,51600
7202,user_7202,user_7202@mail.com,21,51603
7203,user_7203,user_7203@mail.com,22,51606
7204,user_7204,user_7204@mail.com,23,51609
7205,user_7205,user_7205@mail.com,24,51612
7206,user_7206,user_7206@mail.com,25,51615
7207,user_7207,user_7207@mail.com,26,51618
7208,user_7208,user_7208@mail.com,27,51621
7209,user_7209,user_7209@mail.com,28,51624
7210,user_7210,user_7210@mail.com,29,51627
7211,user_7211,user_7211@mail.com,30,51630
7212,user_7212,user_7212@mail.com,31,51633
7213,user_7213,user_7213@mail.com,32,51636
7214,user_7214,user_7214@mail.com,33,51639
7215,user_7215,user_7215@mail.com,34,51642
7216,user_7216,user_7216@mail.com,35,51645
7217,user_7217,user_7217@mail.com,36,51648
7218,user_7218,user_7218@mail.com,37,51651
7219,user_7219,user_7219@mail.com,38,51654
7220,user_7220,user_7220@mail.com,39,51657
7221,user_7221,user_7221@mail.com,40,51660
7222,user_7222,user_7222@mail.com,41,51663
7223,user_7223,user_7223@mail.com,42,51666
7224,user_7224,user_7224@mail.com,43,51669
7225,user_7225,user_7225@mail.com,44,51672
7226,user_7226,user_7226@mail.com,45,51675
7227,user_7227,user_7227@mail.com,46,51678
7228,user_7228,user_7228@mail.com,47,51681
7229,user_7229,user_7229@mail.com,48,51684
7230,user_7230,user_7230@mail.com,49,51687
7231,user_7231,user_7231@mail.com,50,51690
7232,user_7232,user_7232@mail.com,51,51693
7233,user_7233,user_7233@mail.com,52,51696
7234,user_7234,user_7234@mail.com,53,51699
7235,user_7235,user_7235@mail.com,54,51702
7236,user_7236,user_7236@mail.com,55,51705
7237,user_7237,user_7237@mail.com,56,51708
7238,user_7238,user_7238@mail.com,57,51711
7239,user_7239,user_7239@mail.com,58,51714
7240,user_7240,user_7240@mail.com,59,51717
7241,user_7241,user_7241@mail.com,20,51720
7242,user_7242,user_7242@mail.com,21,51723
7243,user_7243,user_7243@mail.com,22,51726
7244,user_7244,user_7244@mail.com,23,51729
7245,user_7245,user_7245@mail.com,24,51732
7246,user_7246,user_7246@mail.com,25,51735
7247,user_7247,user_7247@mail.com,26,51738
7248,user_7248,user_7248@mail.com,27,51741
7249,user_7249,user_7249@mail.com,28,51744
7250,user_7250,user_7250@mail.com,29,51747
7251,user_7251,user_7251@mail.com,30,51750
7252,user_7252,user_7252@mail.com,31,51753
7253,user_7253,user_7253@mail.com,32,51756
7254,user_7254,user_7254@mail.com,33,51759
7255,user_7255,user_7255@mail.com,34,51762
7256,user_7256,user_7256@mail.com,35,51765
7257,user_7257,user_7257@mail.com,36,51768
7258,user_7258,user_7258@mail.com,37,51771
7259,user_7259,user_7259@mail.com,38,51774
7260,user_7260,user_7260@mail.com,39,51777
7261,user_7261,user_7261@mail.com,40,51780
7262,user_7262,user_7262@mail.com,41,51783
7263,user_7263,user_7263@mail.com,42,51786
7264,user_7264,user_7264@mail.com,43,51789
7265,user_7265,user_7265@mail.com,44,51792
7266,user_7266,user_7266@mail.com,45,51795
7267,user_7267,user_7267@mail.com,46,51798
7268,user_7268,user_7268@mail.com,47,51801
7269,user_7269,user_7269@mail.com,48,51804
7270,user_7270,user_7270@mail.com,49,51807
7271,user_7271,user_7271@mail.com,50,51810
7272,user_7272,user_7272@mail.com,51,51813
7273,user_7273,user_7273@mail.com,52,51816
7274,user_7274,user_7274@mail.com,53,51819
7275,user_7275,user_7275@mail.com,54,51822
7276,user_7276,user_7276@mail.com,55,51825
7277,user_7277,user_7277@mail.com,56,51828
7278,user_7278,user_7278@mail.com,57,51831
7279,user_7279,user_7279@mail.com,58,51834
7280,user_7280,user_7280@mail.com,59,51837
7281,user_7281,user_7281@mail.com,20,51840
7282,user_7282,user_7282@mail.com,21,51843
7283,user_7283,user_7283@mail.com,22,51846
7284,user_7284,user_7284@mail.com,23,51849
7285,user_7285,user_7285@mail.com,24,51852
7286,user_7286,user_7286@mail.com,25,51855
7287,user_7287,user_7287@mail.com,26,51858
7288,user_7288,user_7288@mail.com,27,51861
7289,user_7289,user_7289@mail.com,28,51864
7290,user_7290,user_7290@mail.com,29,51867
7291,user_7291,user_7291@mail.com,30,51870
7292,user_7292,user_7292@mail.com,31,51873
7293,user_7293,user_7293@mail.com,32,51876
7294,user_7294,user_7294@mail.com,33,51879
7295,user_7295,user_7295@mail.com,34,51882
7296,user_7296,user_7296@mail.com,35,51885
7297,user_7297,user_7297@mail.com,36,51888
7298,user_7298,user_7298@mail.com,37,51891
7299,user_7299,user_7299@mail.com,38,51894
7300,user_7300,user_7300@mail.com,39,51897
7301,user_7301,user_7301@mail.com,40,51900
7302,user_7302,user_7302@mail.com,41,51903
7303,user_7303,user_7303@mail.com,42,51906
7304,user_7304,user_7304@mail.com,43,51909
7305,user_7305,user_7305@mail.com,44,51912
7306,user_7306,user_7306@mail.com,45,51915
7307,user_7307,user_7307@mail.com,46,51918
7308,user_7308,user_7308@mail.com,47,51921
7309,user_7309,user_7309@mail.com,48,51924
7310,user_7310,user_7310@mail.com,49,51927
7311,user_7311,user_7311@mail.com,50,51930
7312,user_7312,user_7312@mail.com,51,51933
7313,user_7313,user_7313@mail.com,52,51936
7314,user_7314,user_7314@mail.com,53,51939
7315,user_7315,user_7315@mail.com,54,51942
7316,user_7316,user_7316@mail.com,55,51945
7317,user_7317,user_7317@mail.com,56,51948
7318,user_7318,user_7318@mail.com,57,51951
7319,user_7319,user_7319@mail.com,58,51954
7320,user_7320,user_7320@mail.com,59,51957
7321,user_7321,user_7321@mail.com,20,51960
7322,user_7322,user_7322@mail.com,21,51963
7323,user_7323,user_7323@mail.com,22,51966
7324,user_7324,user_7324@mail.com,23,51969
7325,user_7325,user_7325@mail.com,24,51972
7326,user_7326,user_7326@mail.com,25,51975
7327,user_7327,user_7327@mail.com,26,51978
7328,user_7328,user_7328@mail.com,27,51981
7329,user_7329,user_7329@mail.com,28,51984
7330,user_7330,user_7330@mail.com,29,51987
7331,user_7331,user_7331@mail.com,30,51990
7332,user_7332,user_7332@mail.com,31,51993
7333,user_7333,user_7333@mail.com,32,51996
7334,user_7334,user_7334@mail.com,33,51999
7335,user_7335,user_7335@mail.com,34,52002
7336,user_7336,user_7336@mail.com,35,52005
7337,user_7337,user_7337@mail.com,36,52008
7338,user_7338,user_7338@mail.com,37,52011
7339,user_7339,user_7339@mail.com,38,52014
7340,user_7340,user_7340@mail.com,39,52017
7341,user_7341,user_7341@mail.com,40,52020
7342,user_7342,user_7342@mail.com,41,52023
7343,user_7343,user_7343@mail.com,42,52026
7344,user_7344,user_7344@mail.com,43,52029
7345,user_7345,user_7345@mail.com,44,52032
7346,user_7346,user_7346@mail.com,45,52035
7347,user_7347,user_7347@mail.com,46,52038
7348,user_7348,user_7348@mail.com,47,52041
7349,user_7349,user_7349@mail.com,48,52044
7350,user_7350,user_7350@mail.com,49,52047
7351,user_7351,user_7351@mail.com,50,52050
7352,user_7352,user_7352@mail.com,51,52053
7353,user_7353,user_7353@mail.com,52,52056
7354,user_7354,user_7354@mail.com,53,52059
7355,user_7355,user_7355@mail.com,54,52062
7356,user_7356,user_7356@mail.com,55,52065
7357,user_7357,user_7357@mail.com,56,52068
7358,user_7358,user_7358@mail.com,57,52071
7359,user_7359,user_7359@mail.com,58,52074
7360,user_7360,user_7360@mail.com,59,52077
7361,user_7361,user_7361@mail.com,20,52080
7362,user_7362,user_7362@mail.com,21,52083
7363,user_7363,user_7363@mail.com,22,52086
7364,user_7364,user_7364@mail.com,23,52089
7365,user_7365,user_7365@mail.com,24,52092
7366,user_7366,user_7366@mail.com,25,52095
7367,user_7367,user_7367@mail.com,26,52098
7368,user_7368,user_7368@mail.com,27,52101
7369,user_7369,user_7369@mail.com,28,52104
7370,user_7370,user_7370@mail.com,29,52107
7371,user_7371,user_7371@mail.com,30,52110
7372,user_7372,user_7372@mail.com,31,52113
7373,user_7373,user_7373@mail.com,32,52116
7374,user_7374,user_7374@mail.com,33,52119
7375,user_7375,user_7375@mail.com,34,52122
7376,user_7376,user_7376@mail.com,35,52125
7377,user_7377,user_7377@mail.com,36,52128
7378,user_7378,user_7378@mail.com,37,52131
7379,user_7379,user_7379@mail.com,38,52134
7380,user_7380,user_7380@mail.com,39,52137
7381,user_7381,user_7381@mail.com,40,52140
7382,user_7382,user_7382@mail.com,41,52143
7383,user_7383,user_7383@mail.com,42,52146
7384,user_7384,user_7384@mail.com,43,52149
7385,user_7385,user_7385@mail.com,44,52152
7386,user_7386,user_7386@mail.com,45,52155
7387,user_7387,user_7387@mail.com,46,52158
7388,user_7388,user_7388@mail.com,47,52161
7389,user_7389,user_7389@mail.com,48,52164
7390,user_7390,user_7390@mail.com,49,52167
7391,user_7391,user_7391@mail.com,50,52170
7392,user_7392,user_7392@mail.com,51,52173
7393,user_7393,user_7393@mail.com,52,52176
7394,user_7394,user_7394@mail.com,53,52179
7395,user_7395,user_7395@mail.com,54,52182
7396,user_7396,user_7396@mail.com,55,52185
7397,user_7397,user_7397@mail.com,56,52188
7398,user_7398,user_7398@mail.com,57,52191
7399,user_7399,user_7399@mail.com,58,52194
7400,user_7400,user_7400@mail.com,59,52197
7401,user_7401,user_7401@mail.com,20,52200
7402,user_7402,user_7402@mail.com,21,52203
7403,user_7403,user_7403@mail.com,22,52206
7404,user_7404,user_7404@mail.com,23,52209
7405,user_7405,user_7405@mail.com,24,52212
7406,user_7406,user_7406@mail.com,25,52215
7407,user_7407,user_7407@mail.com,26,52218
7408,user_7408,user_7408@mail.com,27,52221
7409,user_7409,user_7409@mail.com,28,52224
7410,user_7410,user_7410@mail.com,29,52227
7411,user_7411,user_7411@mail.com,30,52230
7412,user_7412,user_7412@mail.com,31,52233
7413,user_7413,user_7413@mail.com,32,52236
7414,user_7414,user_7414@mail.com,33,52239
7415,user_7415,user_7415@mail.com,34,52242
7416,user_7416,user_7416@mail.com,35,52245
7417,user_7417,user_7417@mail.com,36,52248
7418,user_7418,user_7418@mail.com,37,52251
7419,user_7419,user_7419@mail.com,38,52254
7420,user_7420,user_7420@mail.com,39,52257
7421,user_7421,user_7421@mail.com,40,52260
7422,user_7422,user_7422@mail.com,41,52263
7423,user_7423,user_7423@mail.com,42,52266
7424,user_7424,user_7424@mail.com,43,52269
7425,user_7425,user_7425@mail.com,44,52272
7426,user_7426,user_7426@mail.com,45,52275
7427,user_7427,user_7427@mail.com,46,52278
7428,user_7428,user_7428@mail.com,47,52281
7429,user_7429,user_7429@mail.com,48,52284
7430,user_7430,user_7430@mail.com,49,52287
7431,user_7431,user_7431@mail.com,50,52290
7432,user_7432,user_7432@mail.com,51,52293
7433,user_7433,user_7433@mail.com,52,52296
7434,user_7434,user_7434@mail.com,53,52299
7435,user_7435,user_7435@mail.com,54,52302
7436,user_7436,user_7436@mail.com,55,52305
7437,user_7437,user_7437@mail.com,56,52308
7438,user_7438,user_7438@mail.com,57,52311
7439,user_7439,user_7439@mail.com,58,52314
7440,user_7440,user_7440@mail.com,59,52317
7441,user_7441,user_7441@mail.com,20,52320
7442,user_7442,user_7442@mail.com,21,52323
7443,user_7443,user_7443@mail.com,22,52326
7444,user_7444,user_7444@mail.com,23,52329
7445,user_7445,user_7445@mail.com,24,52332
7446,user_7446,user_7446@mail.com,25,52335
7447,user_7447,user_7447@mail.com,26,52338
7448,user_7448,user_7448@mail.com,27,52341
7449,user_7449,user_7449@mail.com,28,52344
7450,user_7450,user_7450@mail.com,29,52347
7451,user_7451,user_7451@mail.com,30,52350
7452,user_7452,user_7452@mail.com,31,52353
7453,user_7453,user_7453@mail.com,32,52356
7454,user_7454,user_7454@mail.com,33,52359
7455,user_7455,user_7455@mail.com,34,52362
7456,user_7456,user_7456@mail.com,35,52365
7457,user_7457,user_7457@mail.com,36,52368
7458,user_7458,user_7458@mail.com,37,52371
7459,user_7459,user_7459@mail.com,38,52374
7460,user_7460,user_7460@mail.com,39,52377
7461,user_7461,user_7461@mail.com,40,52380
7462,user_7462,user_7462@mail.com,41,52383
7463,user_7463,user_7463@mail.com,42,52386
7464,user_7464,user_7464@mail.com,43,52389
7465,user_7465,user_7465@mail.com,44,52392
7466,user_7466,user_7466@mail.com,45,52395
7467,user_7467,user_7467@mail.com,46,52398
7468,user_7468,user_7468@mail.com,47,52401
7469,user_7469,user_7469@mail.com,48,52404
7470,user_7470,user_7470@mail.com,49,52407
7471,user_7471,user_7471@mail.com,50,52410
7472,user_7472,user_7472@mail.com,51,52413
7473,user_7473,user_7473@mail.com,52,52416
7474,user_7474,user_7474@mail.com,53,52419
7475,user_7475,user_7475@mail.com,54,52422
7476,user_7476,user_7476@mail.com,55,52425
7477,user_7477,user_7477@mail.com,56,52428
7478,user_7478,user_7478@mail.com,57,52431
7479,user_7479,user_7479@mail.com,58,52434
7480,user_7480,user_7480@mail.com,59,52437
7481,user_7481,user_7481@mail.com,20,52440
7482,user_7482,user_7482@mail.com,21,52443
7483,user_7483,user_7483@mail.com,22,52446
7484,user_7484,user_7484@mail.com,23,52449
7485,user_7485,user_7485@mail.com,24,52452
7486,user_7486,user_7486@mail.com,25,52455
7487,user_7487,user_7487@mail.com,26,52458
7488,user_7488,user_7488@mail.com,27,52461
7489,user_7489,user_7489@mail.com,28,52464
7490,user_7490,user_7490@mail.com,29,52467
7491,user_7491,user_7491@mail.com,30,52470
7492,user_7492,user_7492@mail.com,31,52473
7493,user_7493,user_7493@mail.com,32,52476
7494,user_7494,user_7494@mail.com,33,52479
7495,user_7495,user_7495@mail.com,34,52482
7496,user_7496,user_7496@mail.com,35,52485
7497,user_7497,user_7497@mail.com,36,52488
7498,user_7498,user_7498@mail.com,37,52491
7499,user_7499,user_7499@mail.com,38,52494
7500,user_7500,user_7500@mail.com,39,52497
7501,user_7501,user_7501@mail.com,40,52500
7502,user_7502,user_7502@mail.com,41,52503
7503,user_7503,user_7503@mail.com,42,52506
7504,user_7504,user_7504@mail.com,43,52509
7505,user_7505,user_7505@mail.com,44,52512
7506,user_7506,user_7506@mail.com,45,52515
7507,user_7507,user_7507@mail.com,46,52518
7508,user_7508,user_7508@mail.com,47,52521
7509,user_7509,user_7509@mail.com,48,52524
7510,user_7510,user_7510@mail.com,49,52527
7511,user_7511,user_7511@mail.com,50,52530
7512,user_7512,user_7512@mail.com,51,52533
7513,user_7513,user_7513@mail.com,52,52536
7514,user_7514,user_7514@mail.com,53,52539
7515,user_7515,user_7515@mail.com,54,52542
7516,user_7516,user_7516@mail.com,55,52545
7517,user_7517,user_7517@mail.com,56,52548
7518,user_7518,user_7518@mail.com,57,52551
7519,user_7519,user_7519@mail.com,58,52554
7520,user_7520,user_7520@mail.com,59,52557
7521,user_7521,user_7521@mail.com,20,52560
7522,user_7522,user_7522@mail.com,21,52563
7523,user_7523,user_7523@mail.com,22,52566
7524,user_7524,user_7524@mail.com,23,52569
7525,user_7525,user_7525@mail.com,24,52572
7526,user_7526,user_7526@mail.com,25,52575
7527,user_7527,user_7527@mail.com,26,52578
7528,user_7528,user_7528@mail.com,27,52581
7529,user_7529,user_7529@mail.com,28,52584
7530,user_7530,user_7530@mail.com,29,52587
7531,user_7531,user_7531@mail.com,30,52590
7532,user_7532,user_7532@mail.com,31,52593
7533,user_7533,user_7533@mail.com,32,52596
7534,user_7534,user_7534@mail.com,33,52599
7535,user_7535,user_7535@mail.com,34,52602
7536,user_7536,user_7536@mail.com,35,52605
7537,user_7537,user_7537@mail.com,36,52608
7538,user_7538,user_7538@mail.com,37,52611
7539,user_7539,user_7539@mail.com,38,52614
7540,user_7540,user_7540@mail.com,39,52617
7541,user_7541,user_7541@mail.com,40,52620
7542,user_7542,user_7542@mail.com,41,52623
7543,user_7543,user_7543@mail.com,42,52626
7544,user_7544,user_7544@mail.com,43,52629
7545,user_7545,user_7545@mail.com,44,52632
7546,user_7546,user_7546@mail.com,45,52635
7547,user_7547,user_7547@mail.com,46,52638
7548,user_7548,user_7548@mail.com,47,52641
7549,user_7549,user_7549@mail.com,48,52644
7550,user_7550,user_7550@mail.com,49,52647
7551,user_7551,user_7551@mail.com,50,52650
7552,user_7552,user_7552@mail.com,51,52653
7553,user_7553,user_7553@mail.com,52,52656
7554,user_7554,user_7554@mail.com,53,52659
7555,user_7555,user_7555@mail.com,54,52662
7556,user_7556,user_7556@mail.com,55,52665
7557,user_7557,user_7557@mail.com,56,52668
7558,user_7558,user_7558@mail.com,57,52671
7559,user_7559,user_7559@mail.com,58,52674
7560,user_7560,user_7560@mail.com,59,52677
7561,user_7561,user_7561@mail.com,20,52680
7562,user_7562,user_7562@mail.com,21,52683
7563,user_7563,user_7563@mail.com,22,52686
7564,user_7564,user_7564@mail.com,23,52689
7565,user_7565,user_7565@mail.com,24,52692
7566,user_7566,user_7566@mail.com,25,52695
7567,user_7567,user_7567@mail.com,26,52698
7568,user_7568,user_7568@mail.com,27,52701
7569,user_7569,user_7569@mail.com,28,52704
7570,user_7570,user_7570@mail.com,29,52707
7571,user_7571,user_7571@mail.com,30,52710
7572,user_7572,user_7572@mail.com,31,52713
7573,user_7573,user_7573@mail.com,32,52716
7574,user_7574,user_7574@mail.com,33,52719
7575,user_7575,user_7575@mail.com,34,52722
7576,user_7576,user_7576@mail.com,35,52725
7577,user_7577,user_7577@mail.com,36,52728
7578,user_7578,user_7578@mail.com,37,52731
7579,user_7579,user_7579@mail.com,38,52734
7580,user_7580,user_7580@mail.com,39,52737
7581,user_7581,user_7581@mail.com,40,52740
7582,user_7582,user_7582@mail.com,41,52743
7583,user_7583,user_7583@mail.com,42,52746
7584,user_7584,user_7584@mail.com,43,52749
7585,user_7585,user_7585@mail.com,44,52752
7586,user_7586,user_7586@mail.com,45,52755
7587,user_7587,user_7587@mail.com,46,52758
7588,user_7588,user_7588@mail.com,47,52761
7589,user_7589,user_7589@mail.com,48,52764
7590,user_7590,user_7590@mail.com,49,52767
7591,user_7591,user_7591@mail.com,50,52770
7592,user_7592,user_7592@mail.com,51,52773
7593,user_7593,user_7593@mail.com,52,52776
7594,user_7594,user_7594@mail.com,53,52779
7595,user_7595,user_7595@mail.com,54,52782
7596,user_7596,user_7596@mail.com,55,52785
7597,user_7597,user_7597@mail.com,56,52788
7598,user_7598,user_7598@mail.com,57,52791
7599,user_7599,user_7599@mail.com,58,52794
7600,user_7600,user_7600@mail.com,59,52797
7601,user_7601,user_7601@mail.com,20,52800
7602,user_7602,user_7602@mail.com,21,52803
7603,user_7603,user_7603@mail.com,22,52806
7604,user_7604,user_7604@mail.com,23,52809
7605,user_7605,user_7605@mail.com,24,52812
7606,user_7606,user_7606@mail.com,25,52815
7607,user_7607,user_7607@mail.com,26,52818
7608,user_7608,user_7608@mail.com,27,52821
7609,user_7609,user_7609@mail.com,28,52824
7610,user_7610,user_7610@mail.com,29,52827
7611,user_7611,user_7611@mail.com,30,52830
7612,user_7612,user_7612@mail.com,31,52833
7613,user_7613,user_7613@mail.com,32,52836
7614,user_7614,user_7614@mail.com,33,52839
7615,user_7615,user_7615@mail.com,34,52842
7616,user_7616,user_7616@mail.com,35,52845
7617,user_7617,user_7617@mail.com,36,52848
7618,user_7618,user_7618@mail.com,37,52851
7619,user_7619,user_7619@mail.com,38,52854
7620,user_7620,user_7620@mail.com,39,52857
7621,user_7621,user_7621@mail.com,40,52860
7622,user_7622,user_7622@mail.com,41,52863
7623,user_7623,user_7623@mail.com,42,52866
7624,user_7624,user_7624@mail.com,43,52869
7625,user_7625,user_7625@mail.com,44,52872
7626,user_7626,user_7626@mail.com,45,52875
7627,user_7627,user_7627@mail.com,46,52878
7628,user_7628,user_7628@mail.com,47,52881
7629,user_7629,user_7629@mail.com,48,52884
7630,user_7630,user_7630@mail.com,49,52887
7631,user_7631,user_7631@mail.com,50,52890
7632,user_7632,user_7632@mail.com,51,52893
7633,user_7633,user_7633@mail.com,52,52896
7634,user_7634,user_7634@mail.com,53,52899
7635,user_7635,user_7635@mail.com,54,52902
7636,user_7636,user_7636@mail.com,55,52905
7637,user_7637,user_7637@mail.com,56,52908
7638,user_7638,user_7638@mail.com,57,52911
7639,user_7639,user_7639@mail.com,58,52914
7640,user_7640,user_7640@mail.com,59,52917
7641,user_7641,user_7641@mail.com,20,52920
7642,user_7642,user_7642@mail.com,21,52923
7643,user_7643,user_7643@mail.com,22,52926
7644,user_7644,user_7644@mail.com,23,52929
7645,user_7645,user_7645@mail.com,24,52932
7646,user_7646,user_7646@mail.com,25,52935
7647,user_7647,user_7647@mail.com,26,52938
7648,user_7648,user_7648@mail.com,27,52941
7649,user_7649,user_7649@mail.com,28,52944
7650,user_7650,user_7650@mail.com,29,52947
7651,user_7651,user_7651@mail.com,30,52950
7652,user_7652,user_7652@mail.com,31,52953
7653,user_7653,user_7653@mail.com,32,52956
7654,user_7654,user_7654@mail.com,33,52959
7655,user_7655,user_7655@mail.com,34,52962
7656,user_7656,user_7656@mail.com,35,52965
7657,user_7657,user_7657@mail.com,36,52968
7658,user_7658,user_7658@mail.com,37,52971
7659,user_7659,user_7659@mail.com,38,52974
7660,user_7660,user_7660@mail.com,39,52977
7661,user_7661,user_7661@mail.com,40,52980
7662,user_7662,user_7662@mail.com,41,52983
7663,user_7663,user_7663@mail.com,42,52986
7664,user_7664,user_7664@mail.com,43,52989
7665,user_7665,user_7665@mail.com,44,52992
7666,user_7666,user_7666@mail.com,45,52995
7667,user_7667,user_7667@mail.com,46,52998
7668,user_7668,user_7668@mail.com,47,53001
7669,user_7669,user_7669@mail.com,48,53004
7670,user_7670,user_7670@mail.com,49,53007
7671,user_7671,user_7671@mail.com,50,53010
7672,user_7672,user_7672@mail.com,51,53013
7673,user_7673,user_7673@mail.com,52,53016
7674,user_7674,user_7674@mail.com,53,53019
7675,user_7675,user_7675@mail.com,54,53022
7676,user_7676,user_7676@mail.com,55,53025
7677,user_7677,user_7677@mail.com,56,53028
7678,user_7678,user_7678@mail.com,57,53031
7679,user_7679,user_7679@mail.com,58,53034
7680,user_7680,user_7680@mail.com,59,53037
7681,user_7681,user_7681@mail.com,20,53040
7682,user_7682,user_7682@mail.com,21,53043
7683,user_7683,user_7683@mail.com,22,53046
7684,user_7684,user_7684@mail.com,23,53049
7685,user_7685,user_7685@mail.com,24,53052
7686,user_7686,user_7686@mail.com,25,53055
7687,user_7687,user_7687@mail.com,26,53058
7688,user_7688,user_7688@mail.com,27,53061
7689,user_7689,user_7689@mail.com,28,53064
7690,user_7690,user_7690@mail.com,29,53067
7691,user_7691,user_7691@mail.com,30,53070
7692,user_7692,user_7692@mail.com,31,53073
7693,user_7693,user_7693@mail.com,32,53076
7694,user_7694,user_7694@mail.com,33,53079
7695,user_7695,user_7695@mail.com,34,53082
7696,user_7696,user_7696@mail.com,35,53085
7697,user_7697,user_7697@mail.com,36,53088
7698,user_7698,user_7698@mail.com,37,53091
7699,user_7699,user_7699@mail.com,38,53094
7700,user_7700,user_7700@mail.com,39,53097
7701,user_7701,user_7701@mail.com,40,53100
7702,user_7702,user_7702@mail.com,41,53103
7703,user_7703,user_7703@mail.com,42,53106
7704,user_7704,user_7704@mail.com,43,53109
7705,user_7705,user_7705@mail.com,44,53112
7706,user_7706,user_7706@mail.com,45,53115
7707,user_7707,user_7707@mail.com,46,53118
7708,user_7708,user_7708@mail.com,47,53121
7709,user_7709,user_7709@mail.com,48,53124
7710,user_7710,user_7710@mail.com,49,53127
7711,user_7711,user_7711@mail.com,50,53130
7712,user_7712,user_7712@mail.com,51,53133
7713,user_7713,user_7713@mail.com,52,53136
7714,user_7714,user_7714@mail.com,53,53139
7715,user_7715,user_7715@mail.com,54,53142
7716,user_7716,user_7716@mail.com,55,53145
7717,user_7717,user_7717@mail.com,56,53148
7718,user_7718,user_7718@mail.com,57,53151
7719,user_7719,user_7719@mail.com,58,53154
7720,user_7720,user_7720@mail.com,59,53157
7721,user_7721,user_7721@mail.com,20,53160
7722,user_7722,user_7722@mail.com,21,53163
7723,user_7723,user_7723@mail.com,22,53166
7724,user_7724,user_7724@mail.com,23,53169
7725,user_7725,user_7725@mail.com,24,53172
7726,user_7726,user_7726@mail.com,25,53175
7727,user_7727,user_7727@mail.com,26,53178
7728,user_7728,user_7728@mail.com,27,53181
7729,user_7729,user_7729@mail.com,28,53184
7730,user_7730,user_7730@mail.com,29,53187
7731,user_7731,user_7731@mail.com,30,53190
7732,user_7732,user_7732@mail.com,31,53193
7733,user_7733,user_7733@mail.com,32,53196
7734,user_7734,user_7734@mail.com,33,53199
7735,user_7735,user_7735@mail.com,34,53202
7736,user_7736,user_7736@mail.com,35,53205
7737,user_7737,user_7737@mail.com,36,53208
7738,user_7738,user_7738@mail.com,37,53211
7739,user_7739,user_7739@mail.com,38,53214
7740,user_7740,user_7740@mail.com,39,53217
7741,user_7741,user_7741@mail.com,40,53220
7742,user_7742,user_7742@mail.com,41,53223
7743,user_7743,user_7743@mail.com,42,53226
7744,user_7744,user_7744@mail.com,43,53229
7745,user_7745,user_7745@mail.com,44,53232
7746,user_7746,user_7746@mail.com,45,53235
7747,user_7747,user_7747@mail.com,46,53238
7748,user_7748,user_7748@mail.com,47,53241
7749,user_7749,user_7749@mail.com,48,53244
7750,user_7750,user_7750@mail.com,49,53247
7751,user_7751,user_7751@mail.com,50,53250
7752,user_7752,user_7752@mail.com,51,53253
7753,user_7753,user_7753@mail.com,52,53256
7754,user_7754,user_7754@mail.com,53,53259
7755,user_7755,user_7755@mail.com,54,53262
7756,user_7756,user_7756@mail.com,55,53265
7757,user_7757,user_7757@mail.com,56,53268
7758,user_7758,user_7758@mail.com,57,53271
7759,user_7759,user_7759@mail.com,58,53274
7760,user_7760,user_7760@mail.com,59,53277
7761,user_7761,user_7761@mail.com,20,53280
7762,user_7762,user_7762@mail.com,21,53283
7763,user_7763,user_7763@mail.com,22,53286
7764,user_7764,user_7764@mail.com,23,53289
7765,user_7765,user_7765@mail.com,24,53292
7766,user_7766,user_7766@mail.com,25,53295
7767,user_7767,user_7767@mail.com,26,53298
7768,user_7768,user_7768@mail.com,27,53301
7769,user_7769,user_7769@mail.com,28,53304
7770,user_7770,user_7770@mail.com,29,53307
7771,user_7771,user_7771@mail.com,30,53310
7772,user_7772,user_7772@mail.com,31,53313
7773,user_7773,user_7773@mail.com,32,53316
7774,user_7774,user_7774@mail.com,33,53319
7775,user_7775,user_7775@mail.com,34,53322
7776,user_7776,user_7776@mail.com,35,53325
7777,user_7777,user_7777@mail.com,36,53328
7778,user_7778,user_7778@mail.com,37,53331
7779,user_7779,user_7779@mail.com,38,53334
7780,user_7780,user_7780@mail.com,39,53337
7781,user_7781,user_7781@mail.com,40,53340
7782,user_7782,user_7782@mail.com,41,53343
7783,user_7783,user_7783@mail.com,42,53346
7784,user_7784,user_7784@mail.com,43,53349
7785,user_7785,user_7785@mail.com,44,53352
7786,user_7786,user_7786@mail.com,45,53355
7787,user_7787,user_7787@mail.com,46,53358
7788,user_7788,user_7788@mail.com,47,53361
7789,user_7789,user_7789@mail.com,48,53364
7790,user_7790,user_7790@mail.com,49,53367
7791,user_7791,user_7791@mail.com,50,53370
7792,user_7792,user_7792@mail.com,51,53373
7793,user_7793,user_7793@mail.com,52,53376
7794,user_7794,user_7794@mail.com,53,53379
7795,user_7795,user_7795@mail.com,54,53382
7796,user_7796,user_7796@mail.com,55,53385
7797,user_7797,user_7797@mail.com,56,53388
7798,user_7798,user_7798@mail.com,57,53391
7799,user_7799,user_7799@mail.com,58,53394
7800,user_7800,user_7800@mail.com,59,53397
7801,user_7801,user_7801@mail.com,20,53400
7802,user_7802,user_7802@mail.com,21,53403
7803,user_7803,user_7803@mail.com,22,53406
7804,user_7804,user_7804@mail.com,23,53409
7805,user_7805,user_7805@mail.com,24,53412
7806,user_7806,user_7806@mail.com,25,53415
7807,user_7807,user_7807@mail.com,26,53418
7808,user_7808,user_7808@mail.com,27,53421
7809,user_7809,user_7809@mail.com,28,53424
7810,user_7810,user_7810@mail.com,29,53427
7811,user_7811,user_7811@mail.com,30,53430
7812,user_7812,user_7812@mail.com,31,53433
7813,user_7813,user_7813@mail.com,32,53436
7814,user_7814,user_7814@mail.com,33,53439
7815,user_7815,user_7815@mail.com,34,53442
7816,user_7816,user_7816@mail.com,35,53445
7817,user_7817,user_7817@mail.com,36,53448
7818,user_7818,user_7818@mail.com,37,53451
7819,user_7819,user_7819@mail.com,38,53454
7820,user_7820,user_7820@mail.com,39,53457
7821,user_7821,user_7821@mail.com,40,53460
7822,user_7822,user_7822@mail.com,41,53463
7823,user_7823,user_7823@mail.com,42,53466
7824,user_7824,user_7824@mail.com,43,53469
7825,user_7825,user_7825@mail.com,44,53472
7826,user_7826,user_7826@mail.com,45,53475
7827,user_7827,user_7827@mail.com,46,53478
7828,user_7828,user_7828@mail.com,47,53481
7829,user_7829,user_7829@mail.com,48,53484
7830,user_7830,user_7830@mail.com,49,53487
7831,user_7831,user_7831@mail.com,50,53490
7832,user_7832,user_7832@mail.com,51,53493
7833,user_7833,user_7833@mail.com,52,53496
7834,user_7834,user_7834@mail.com,53,53499
7835,user_7835,user_7835@mail.com,54,53502
7836,user_7836,user_7836@mail.com,55,53505
7837,user_7837,user_7837@mail.com,56,53508
7838,user_7838,user_7838@mail.com,57,53511
7839,user_7839,user_7839@mail.com,58,53514
7840,user_7840,user_7840@mail.com,59,53517
7841,user_7841,user_7841@mail.com,20,53520
7842,user_7842,user_7842@mail.com,21,53523
7843,user_7843,user_7843@mail.com,22,53526
7844,user_7844,user_7844@mail.com,23,53529
7845,user_7845,user_7845@mail.com,24,53532
7846,user_7846,user_7846@mail.com,25,53535
7847,user_7847,user_7847@mail.com,26,53538
7848,user_7848,user_7848@mail.com,27,53541
7849,user_7849,user_7849@mail.com,28,53544
7850,user_7850,user_7850@mail.com,29,53547
7851,user_7851,user_7851@mail.com,30,53550
7852,user_7852,user_7852@mail.com,31,53553
7853,user_7853,user_7853@mail.com,32,53556
7854,user_7854,user_7854@mail.com,33,53559
7855,user_7855,user_7855@mail.com,34,53562
7856,user_7856,user_7856@mail.com,35,53565
7857,user_7857,user_7857@mail.com,36,53568
7858,user_7858,user_7858@mail.com,37,53571
7859,user_7859,user_7859@mail.com,38,53574
7860,user_7860,user_7860@mail.com,39,53577
7861,user_7861,user_7861@mail.com,40,53580
7862,user_7862,user_7862@mail.com,41,53583
7863,user_7863,user_7863@mail.com,42,53586
7864,user_7864,user_7864@mail.com,43,53589
7865,user_7865,user_7865@mail.com,44,53592
7866,user_7866,user_7866@mail.com,45,53595
7867,user_7867,user_7867@mail.com,46,53598
7868,user_7868,user_7868@mail.com,47,53601
7869,user_7869,user_7869@mail.com,48,53604
7870,user_7870,user_7870@mail.com,49,53607
7871,user_7871,user_7871@mail.com,50,53610
7872,user_7872,user_7872@mail.com,51,53613
7873,user_7873,user_7873@mail.com,52,53616
7874,user_7874,user_7874@mail.com,53,53619
7875,user_7875,user_7875@mail.com,54,53622
7876,user_7876,user_7876@mail.com,55,53625
7877,user_7877,user_7877@mail.com,56,53628
7878,user_7878,user_7878@mail.com,57,53631
7879,user_7879,user_7879@mail.com,58,53634
7880,user_7880,user_7880@mail.com,59,53637
7881,user_7881,user_7881@mail.com,20,53640
7882,user_7882,user_7882@mail.com,21,53643
7883,user_7883,user_7883@mail.com,22,53646
7884,user_7884,user_7884@mail.com,23,53649
7885,user_7885,user_7885@mail.com,24,53652
7886,user_7886,user_7886@mail.com,25,53655
7887,user_7887,user_7887@mail.com,26,53658
7888,user_7888,user_7888@mail.com,27,53661
7889,user_7889,user_7889@mail.com,28,53664
7890,user_7890,user_7890@mail.com,29,53667
7891,user_7891,user_7891@mail.com,30,53670
7892,user_7892,user_7892@mail.com,31,53673
7893,user_7893,user_7893@mail.com,32,53676
7894,user_7894,user_7894@mail.com,33,53679
7895,user_7895,user_7895@mail.com,34,53682
7896,user_7896,user_7896@mail.com,35,53685
7897,user_7897,user_7897@mail.com,36,53688
7898,user_7898,user_7898@mail.com,37,53691
7899,user_7899,user_7899@mail.com,38,53694
7900,user_7900,user_7900@mail.com,39,53697
7901,user_7901,user_7901@mail.com,40,53700
7902,user_7902,user_7902@mail.com,41,53703
7903,user_7903,user_7903@mail.com,42,53706
7904,user_7904,user_7904@mail.com,43,53709
7905,user_7905,user_7905@mail.com,44,53712
7906,user_7906,user_7906@mail.com,45,53715
7907,user_7907,user_7907@mail.com,46,53718
7908,user_7908,user_7908@mail.com,47,53721
7909,user_7909,user_7909@mail.com,48,53724
7910,user_7910,user_7910@mail.com,49,53727
7911,user_7911,user_7911@mail.com,50,53730
7912,user_7912,user_7912@mail.com,51,53733
7913,user_7913,user_7913@mail.com,52,53736
7914,user_7914,user_7914@mail.com,53,53739
7915,user_7915,user_7915@mail.com,54,53742
7916,user_7916,user_7916@mail.com,55,53745
7917,user_7917,user_7917@mail.com,56,53748
7918,user_7918,user_7918@mail.com,57,53751
7919,user_7919,user_7919@mail.com,58,53754
7920,user_7920,user_7920@mail.com,59,53757
7921,user_7921,user_7921@mail.com,20,53760
7922,user_7922,user_7922@mail.com,21,53763
7923,user_7923,user_7923@mail.com,22,53766
7924,user_7924,user_7924@mail.com,23,53769
7925,user_7925,user_7925@mail.com,24,53772
7926,user_7926,user_7926@mail.com,25,53775
7927,user_7927,user_7927@mail.com,26,53778
7928,user_7928,user_7928@mail.com,27,53781
7929,user_7929,user_7929@mail.com,28,53784
7930,user_7930,user_7930@mail.com,29,53787
7931,user_7931,user_7931@mail.com,30,53790
7932,user_7932,user_7932@mail.com,31,53793
7933,user_7933,user_7933@mail.com,32,53796
7934,user_7934,user_7934@mail.com,33,53799
7935,user_7935,user_7935@mail.com,34,53802
7936,user_7936,user_7936@mail.com,35,53805
7937,user_7937,user_7937@mail.com,36,53808
7938,user_7938,user_7938@mail.com,37,53811
7939,user_7939,user_7939@mail.com,38,53814
7940,user_7940,user_7940@mail.com,39,53817
7941,user_7941,user_7941@mail.com,40,53820
7942,user_7942,user_7942@mail.com,41,53823
7943,user_7943,user_7943@mail.com,42,53826
7944,user_7944,user_7944@mail.com,43,53829
7945,user_7945,user_7945@mail.com,44,53832
7946,user_7946,user_7946@mail.com,45,53835
7947,user_7947,user_7947@mail.com,46,53838
7948,user_7948,user_7948@mail.com,47,53841
7949,user_7949,user_7949@mail.com,48,53844
7950,user_7950,user_7950@mail.com,49,53847
7951,user_7951,user_7951@mail.com,50,53850
7952,user_7952,user_7952@mail.com,51,53853
7953,user_7953,user_7953@mail.com,52,53856
7954,user_7954,user_7954@mail.com,53,53859
7955,user_7955,user_7955@mail.com,54,53862
7956,user_7956,user_7956@mail.com,55,53865
7957,user_7957,user_7957@mail.com,56,53868
7958,user_7958,user_7958@mail.com,57,53871
7959,user_7959,user_7959@mail.com,58,53874
7960,user_7960,user_7960@mail.com,59,53877
7961,user_7961,user_7961@mail.com,20,53880
7962,user_7962,user_7962@mail.com,21,53883
7963,user_7963,user_7963@mail.com,22,53886
7964,user_7964,user_7964@mail.com,23,53889
7965,user_7965,user_7965@mail.com,24,53892
7966,user_7966,user_7966@mail.com,25,53895
7967,user_7967,user_7967@mail.com,26,53898
7968,user_7968,user_7968@mail.com,27,53901
7969,user_7969,user_7969@mail.com,28,53904
7970,user_7970,user_7970@mail.com,29,53907
7971,user_7971,user_7971@mail.com,30,53910
7972,user_7972,user_7972@mail.com,31,53913
7973,user_7973,user_7973@mail.com,32,53916
7974,user_7974,user_7974@mail.com,33,53919
7975,user_7975,user_7975@mail.com,34,53922
7976,user_7976,user_7976@mail.com,35,53925
7977,user_7977,user_7977@mail.com,36,53928
7978,user_7978,user_7978@mail.com,37,53931
7979,user_7979,user_7979@mail.com,38,53934
7980,user_7980,user_7980@mail.com,39,53937
7981,user_7981,user_7981@mail.com,40,53940
7982,user_7982,user_7982@mail.com,41,53943
7983,user_7983,user_7983@mail.com,42,53946
7984,user_7984,user_7984@mail.com,43,53949
7985,user_7985,user_7985@mail.com,44,53952
7986,user_7986,user_7986@mail.com,45,53955
7987,user_7987,user_7987@mail.com,46,53958
7988,user_7988,user_7988@mail.com,47,53961
7989,user_7989,user_7989@mail.com,48,53964
7990,user_7990,user_7990@mail.com,49,53967
7991,user_7991,user_7991@mail.com,50,53970
7992,user_7992,user_7992@mail.com,51,53973
7993,user_7993,user_7993@mail.com,52,53976
7994,user_7994,user_7994@mail.com,53,53979
7995,user_7995,user_7995@mail.com,54,53982
7996,user_7996,user_7996@mail.com,55,53985
7997,user_7997,user_7997@mail.com,56,53988
7998,user_7998,user_7998@mail.com,57,53991
7999,user_7999,user_7999@mail.com,58,53994
8000,user_8000,user_8000@mail.com,59,53997
8001,user_8001,user_8001@mail.com,20,54000
8002,user_8002,user_8002@mail.com,21,54003
8003,user_8003,user_8003@mail.com,22,54006
8004,user_8004,user_8004@mail.com,23,54009
8005,user_8005,user_8005@mail.com,24,54012
8006,user_8006,user_8006@mail.com,25,54015
8007,user_8007,user_8007@mail.com,26,54018
8008,user_8008,user_8008@mail.com,27,54021
8009,user_8009,user_8009@mail.com,28,54024
8010,user_8010,user_8010@mail.com,29,54027
8011,user_8011,user_8011@mail.com,30,54030
8012,user_8012,user_8012@mail.com,31,54033
8013,user_8013,user_8013@mail.com,32,54036
8014,user_8014,user_8014@mail.com,33,54039
8015,user_8015,user_8015@mail.com,34,54042
8016,user_8016,user_8016@mail.com,35,54045
8017,user_8017,user_8017@mail.com,36,54048
8018,user_8018,user_8018@mail.com,37,54051
8019,user_8019,user_8019@mail.com,38,54054
8020,user_8020,user_8020@mail.com,39,54057
8021,user_8021,user_8021@mail.com,40,54060
8022,user_8022,user_8022@mail.com,41,54063
8023,user_8023,user_8023@mail.com,42,54066
8024,user_8024,user_8024@mail.com,43,54069
8025,user_8025,user_8025@mail.com,44,54072
8026,user_8026,user_8026@mail.com,45,54075
8027,user_8027,user_8027@mail.com,46,54078
8028,user_8028,user_8028@mail.com,47,54081
8029,user_8029,user_8029@mail.com,48,54084
8030,user_8030,user_8030@mail.com,49,54087
8031,user_8031,user_8031@mail.com,50,54090
8032,user_8032,user_8032@mail.com,51,54093
8033,user_8033,user_8033@mail.com,52,54096
8034,user_8034,user_8034@mail.com,53,54099
8035,user_8035,user_8035@mail.com,54,54102
8036,user_8036,user_8036@mail.com,55,54105
8037,user_8037,user_8037@mail.com,56,54108
8038,user_8038,user_8038@mail.com,57,54111
8039,user_8039,user_8039@mail.com,58,54114
8040,user_8040,user_8040@mail.com,59,54117
8041,user_8041,user_8041@mail.com,20,54120
8042,user_8042,user_8042@mail.com,21,54123
8043,user_8043,user_8043@mail.com,22,54126
8044,user_8044,user_8044@mail.com,23,54129
8045,user_8045,user_8045@mail.com,24,54132
8046,user_8046,user_8046@mail.com,25,54135
8047,user_8047,user_8047@mail.com,26,54138
8048,user_8048,user_8048@mail.com,27,54141
8049,user_8049,user_8049@mail.com,28,54144
8050,user_8050,user_8050@mail.com,29,54147
8051,user_8051,user_8051@mail.com,30,54150
8052,user_8052,user_8052@mail.com,31,54153
8053,user_8053,user_8053@mail.com,32,54156
8054,user_8054,user_8054@mail.com,33,54159
8055,user_8055,user_8055@mail.com,34,54162
8056,user_8056,user_8056@mail.com,35,54165
8057,user_8057,user_8057@mail.com,36,54168
8058,user_8058,user_8058@mail.com,37,54171
8059,user_8059,user_8059@mail.com,38,54174
8060,user_8060,user_8060@mail.com,39,54177
8061,user_8061,user_8061@mail.com,40,54180
8062,user_8062,user_8062@mail.com,41,54183
8063,user_8063,user_8063@mail.com,42,54186
8064,user_8064,user_8064@mail.com,43,54189
8065,user_8065,user_8065@mail.com,44,54192
8066,user_8066,user_8066@mail.com,45,54195
8067,user_8067,user_8067@mail.com,46,54198
8068,user_8068,user_8068@mail.com,47,54201
8069,user_8069,user_8069@mail.com,48,54204
8070,user_8070,user_8070@mail.com,49,54207
8071,user_8071,user_8071@mail.com,50,54210
8072,user_8072,user_8072@mail.com,51,54213
8073,user_8073,user_8073@mail.com,52,54216
8074,user_8074,user_8074@mail.com,53,54219
8075,user_8075,user_8075@mail.com,54,54222
8076,user_8076,user_8076@mail.com,55,54225
8077,user_8077,user_8077@mail.com,56,54228
8078,user_8078,user_8078@mail.com,57,54231
8079,user_8079,user_8079@mail.com,58,54234
8080,user_8080,user_8080@mail.com,59,54237
8081,user_8081,user_8081@mail.com,20,54240
8082,user_8082,user_8082@mail.com,21,54243
8083,user_8083,user_8083@mail.com,22,54246
8084,user_8084,user_8084@mail.com,23,54249
8085,user_8085,user_8085@mail.com,24,54252
8086,user_8086,user_8086@mail.com,25,54255
8087,user_8087,user_8087@mail.com,26,54258
8088,user_8088,user_8088@mail.com,27,54261
8089,user_8089,user_8089@mail.com,28,54264
8090,user_8090,user_8090@mail.com,29,54267
8091,user_8091,user_8091@mail.com,30,54270
8092,user_8092,user_8092@mail.com,31,54273
8093,user_8093,user_8093@mail.com,32,54276
8094,user_8094,user_8094@mail.com,33,54279
8095,user_8095,user_8095@mail.com,34,54282
8096,user_8096,user_8096@mail.com,35,54285
8097,user_8097,user_8097@mail.com,36,54288
8098,user_8098,user_8098@mail.com,37,54291
8099,user_8099,user_8099@mail.com,38,54294
8100,user_8100,user_8100@mail.com,39,54297
8101,user_8101,user_8101@mail.com,40,54300
8102,user_8102,user_8102@mail.com,41,54303
8103,user_8103,user_8103@mail.com,42,54306
8104,user_8104,user_8104@mail.com,43,54309
8105,user_8105,user_8105@mail.com,44,54312
8106,user_8106,user_8106@mail.com,45,54315
8107,user_8107,user_8107@mail.com,46,54318
8108,user_8108,user_8108@mail.com,47,54321
8109,user_8109,user_8109@mail.com,48,54324
8110,user_8110,user_8110@mail.com,49,54327
8111,user_8111,user_8111@mail.com,50,54330
8112,user_8112,user_8112@mail.com,51,54333
8113,user_8113,user_8113@mail.com,52,54336
8114,user_8114,user_8114@mail.com,53,54339
8115,user_8115,user_8115@mail.com,54,54342
8116,user_8116,user_8116@mail.com,55,54345
8117,user_8117,user_8117@mail.com,56,54348
8118,user_8118,user_8118@mail.com,57,54351
8119,user_8119,user_8119@mail.com,58,54354
8120,user_8120,user_8120@mail.com,59,54357
8121,user_8121,user_8121@mail.com,20,54360
8122,user_8122,user_8122@mail.com,21,54363
8123,user_8123,user_8123@mail.com,22,54366
8124,user_8124,user_8124@mail.com,23,54369
8125,user_8125,user_8125@mail.com,24,54372
8126,user_8126,user_8126@mail.com,25,54375
8127,user_8127,user_8127@mail.com,26,54378
8128,user_8128,user_8128@mail.com,27,54381
8129,user_8129,user_8129@mail.com,28,54384
8130,user_8130,user_8130@mail.com,29,54387
8131,user_8131,user_8131@mail.com,30,54390
8132,user_8132,user_8132@mail.com,31,54393
8133,user_8133,user_8133@mail.com,32,54396
8134,user_8134,user_8134@mail.com,33,54399
8135,user_8135,user_8135@mail.com,34,54402
8136,user_8136,user_8136@mail.com,35,54405
8137,user_8137,user_8137@mail.com,36,54408
8138,user_8138,user_8138@mail.com,37,54411
8139,user_8139,user_8139@mail.com,38,54414
8140,user_8140,user_8140@mail.com,39,54417
8141,user_8141,user_8141@mail.com,40,54420
8142,user_8142,user_8142@mail.com,41,54423
8143,user_8143,user_8143@mail.com,42,54426
8144,user_8144,user_8144@mail.com,43,54429
8145,user_8145,user_8145@mail.com,44,54432
8146,user_8146,user_8146@mail.com,45,54435
8147,user_8147,user_8147@mail.com,46,54438
8148,user_8148,user_8148@mail.com,47,54441
8149,user_8149,user_8149@mail.com,48,54444
8150,user_8150,user_8150@mail.com,49,54447
8151,user_8151,user_8151@mail.com,50,54450
8152,user_8152,user_8152@mail.com,51,54453
8153,user_8153,user_8153@mail.com,52,54456
8154,user_8154,user_8154@mail.com,53,54459
8155,user_8155,user_8155@mail.com,54,54462
8156,user_8156,user_8156@mail.com,55,54465
8157,user_8157,user_8157@mail.com,56,54468
8158,user_8158,user_8158@mail.com,57,54471
8159,user_8159,user_8159@mail.com,58,54474
8160,user_8160,user_8160@mail.com,59,54477
8161,user_8161,user_8161@mail.com,20,54480
8162,user_8162,user_8162@mail.com,21,54483
8163,user_8163,user_8163@mail.com,22,54486
8164,user_8164,user_8164@mail.com,23,54489
8165,user_8165,user_8165@mail.com,24,54492
8166,user_8166,user_8166@mail.com,25,54495
8167,user_8167,user_8167@mail.com,26,54498
8168,user_8168,user_8168@mail.com,27,54501
8169,user_8169,user_8169@mail.com,28,54504
8170,user_8170,user_8170@mail.com,29,54507
8171,user_8171,user_8171@mail.com,30,54510
8172,user_8172,user_8172@mail.com,31,54513
8173,user_8173,user_8173@mail.com,32,54516
8174,user_8174,user_8174@mail.com,33,54519
8175,user_8175,user_8175@mail.com,34,54522
8176,user_8176,user_8176@mail.com,35,54525
8177,user_8177,user_8177@mail.com,36,54528
8178,user_8178,user_8178@mail.com,37,54531
8179,user_8179,user_8179@mail.com,38,54534
8180,user_8180,user_8180@mail.com,39,54537
8181,user_8181,user_8181@mail.com,40,54540
8182,user_8182,user_8182@mail.com,41,54543
8183,user_8183,user_8183@mail.com,42,54546
8184,user_8184,user_8184@mail.com,43,54549
8185,user_8185,user_8185@mail.com,44,54552
8186,user_8186,user_8186@mail.com,45,54555
8187,user_8187,user_8187@mail.com,46,54558
8188,user_8188,user_8188@mail.com,47,54561
8189,user_8189,user_8189@mail.com,48,54564
8190,user_8190,user_8190@mail.com,49,54567
8191,user_8191,user_8191@mail.com,50,54570
8192,user_8192,user_8192@mail.com,51,54573
8193,user_8193,user_8193@mail.com,52,54576
8194,user_8194,user_8194@mail.com,53,54579
8195,user_8195,user_8195@mail.com,54,54582
8196,user_8196,user_8196@mail.com,55,54585
8197,user_8197,user_8197@mail.com,56,54588
8198,user_8198,user_8198@mail.com,57,54591
8199,user_8199,user_8199@mail.com,58,54594
8200,user_8200,user_8200@mail.com,59,54597
8201,user_8201,user_8201@mail.com,20,54600
8202,user_8202,user_8202@mail.com,21,54603
8203,user_8203,user_8203@mail.com,22,54606
8204,user_8204,user_8204@mail.com,23,54609
8205,user_8205,user_8205@mail.com,24,54612
8206,user_8206,user_8206@mail.com,25,54615
8207,user_8207,user_8207@mail.com,26,54618
8208,user_8208,user_8208@mail.com,27,54621
8209,user_8209,user_8209@mail.com,28,54624
8210,user_8210,user_8210@mail.com,29,54627
8211,user_8211,user_8211@mail.com,30,54630
8212,user_8212,user_8212@mail.com,31,54633
8213,user_8213,user_8213@mail.com,32,54636
8214,user_8214,user_8214@mail.com,33,54639
8215,user_8215,user_8215@mail.com,34,54642
8216,user_8216,user_8216@mail.com,35,54645
8217,user_8217,user_8217@mail.com,36,54648
8218,user_8218,user_8218@mail.com,37,54651
8219,user_8219,user_8219@mail.com,38,54654
8220,user_8220,user_8220@mail.com,39,54657
8221,user_8221,user_8221@mail.com,40,54660
8222,user_8222,user_8222@mail.com,41,54663
8223,user_8223,user_8223@mail.com,42,54666
8224,user_8224,user_8224@mail.com,43,54669
8225,user_8225,user_8225@mail.com,44,54672
8226,user_8226,user_8226@mail.com,45,54675
8227,user_8227,user_8227@mail.com,46,54678
8228,user_8228,user_8228@mail.com,47,54681
8229,user_8229,user_8229@mail.com,48,54684
8230,user_8230,user_8230@mail.com,49,54687
8231,user_8231,user_8231@mail.com,50,54690
8232,user_8232,user_8232@mail.com,51,54693
8233,user_8233,user_8233@mail.com,52,54696
8234,user_8234,user_8234@mail.com,53,54699
8235,user_8235,user_8235@mail.com,54,54702
8236,user_8236,user_8236@mail.com,55,54705
8237,user_8237,user_8237@mail.com,56,54708
8238,user_8238,user_8238@mail.com,57,54711
8239,user_8239,user_8239@mail.com,58,54714
8240,user_8240,user_8240@mail.com,59,54717
8241,user_8241,user_8241@mail.com,20,54720
8242,user_8242,user_8242@mail.com,21,54723
8243,user_8243,user_8243@mail.com,22,54726
8244,user_8244,user_8244@mail.com,23,54729
8245,user_8245,user_8245@mail.com,24,54732
8246,user_8246,user_8246@mail.com,25,54735
8247,user_8247,user_8247@mail.com,26,54738
8248,user_8248,user_8248@mail.com,27,54741
8249,user_8249,user_8249@mail.com,28,54744
8250,user_8250,user_8250@mail.com,29,54747
8251,user_8251,user_8251@mail.com,30,54750
8252,user_8252,user_8252@mail.com,31,54753
8253,user_8253,user_8253@mail.com,32,54756
8254,user_8254,user_8254@mail.com,33,54759
8255,user_8255,user_8255@mail.com,34,54762
8256,user_8256,user_8256@mail.com,35,54765
8257,user_8257,user_8257@mail.com,36,54768
8258,user_8258,user_8258@mail.com,37,54771
8259,user_8259,user_8259@mail.com,38,54774
8260,user_8260,user_8260@mail.com,39,54777
8261,user_8261,user_8261@mail.com,40,54780
8262,user_8262,user_8262@mail.com,41,54783
8263,user_8263,user_8263@mail.com,42,54786
8264,user_8264,user_8264@mail.com,43,54789
8265,user_8265,user_8265@mail.com,44,54792
8266,user_8266,user_8266@mail.com,45,54795
8267,user_8267,user_8267@mail.com,46,54798
8268,user_8268,user_8268@mail.com,47,54801
8269,user_8269,user_8269@mail.com,48,54804
8270,user_8270,user_8270@mail.com,49,54807
8271,user_8271,user_8271@mail.com,50,54810
8272,user_8272,user_8272@mail.com,51,54813
8273,user_8273,user_8273@mail.com,52,54816
8274,user_8274,user_8274@mail.com,53,54819
8275,user_8275,user_8275@mail.com,54,54822
8276,user_8276,user_8276@mail.com,55,54825
8277,user_8277,user_8277@mail.com,56,54828
8278,user_8278,user_8278@mail.com,57,54831
8279,user_8279,user_8279@mail.com,58,54834
8280,user_8280,user_8280@mail.com,59,54837
8281,user_8281,user_8281@mail.com,20,54840
8282,user_8282,user_8282@mail.com,21,54843
8283,user_8283,user_8283@mail.com,22,54846
8284,user_8284,user_8284@mail.com,23,54849
8285,user_8285,user_8285@mail.com,24,54852
8286,user_8286,user_8286@mail.com,25,54855
8287,user_8287,user_8287@mail.com,26,54858
8288,user_8288,user_8288@mail.com,27,54861
8289,user_8289,user_8289@mail.com,28,54864
8290,user_8290,user_8290@mail.com,29,54867
8291,user_8291,user_8291@mail.com,30,54870
8292,user_8292,user_8292@mail.com,31,54873
8293,user_8293,user_8293@mail.com,32,54876
8294,user_8294,user_8294@mail.com,33,54879
8295,user_8295,user_8295@mail.com,34,54882
8296,user_8296,user_8296@mail.com,35,54885
8297,user_8297,user_8297@mail.com,36,54888
8298,user_8298,user_8298@mail.com,37,54891
8299,user_8299,user_8299@mail.com,38,54894
8300,user_8300,user_8300@mail.com,39,54897
8301,user_8301,user_8301@mail.com,40,54900
8302,user_8302,user_8302@mail.com,41,54903
8303,user_8303,user_8303@mail.com,42,54906
8304,user_8304,user_8304@mail.com,43,54909
8305,user_8305,user_8305@mail.com,44,54912
8306,user_8306,user_8306@mail.com,45,54915
8307,user_8307,user_8307@mail.com,46,54918
8308,user_8308,user_8308@mail.com,47,54921
8309,user_8309,user_8309@mail.com,48,54924
8310,user_8310,user_8310@mail.com,49,54927
8311,user_8311,user_8311@mail.com,50,54930
8312,user_8312,user_8312@mail.com,51,54933
8313,user_8313,user_8313@mail.com,52,54936
8314,user_8314,user_8314@mail.com,53,54939
8315,user_8315,user_8315@mail.com,54,54942
8316,user_8316,user_8316@mail.com,55,54945
8317,user_8317,user_8317@mail.com,56,54948
8318,user_8318,user_8318@mail.com,57,54951
8319,user_8319,user_8319@mail.com,58,54954
8320,user_8320,user_8320@mail.com,59,54957
8321,user_8321,user_8321@mail.com,20,54960
8322,user_8322,user_8322@mail.com,21,54963
8323,user_8323,user_8323@mail.com,22,54966
8324,user_8324,user_8324@mail.com,23,54969
8325,user_8325,user_8325@mail.com,24,54972
8326,user_8326,user_8326@mail.com,25,54975
8327,user_8327,user_8327@mail.com,26,54978
8328,user_8328,user_8328@mail.com,27,54981
8329,user_8329,user_8329@mail.com,28,54984
8330,user_8330,user_8330@mail.com,29,54987
8331,user_8331,user_8331@mail.com,30,54990
8332,user_8332,user_8332@mail.com,31,54993
8333,user_8333,user_8333@mail.com,32,54996
8334,user_8334,user_8334@mail.com,33,54999
8335,user_8335,user_8335@mail.com,34,55002
8336,user_8336,user_8336@mail.com,35,55005
8337,user_8337,user_8337@mail.com,36,55008
8338,user_8338,user_8338@mail.com,37,55011
8339,user_8339,user_8339@mail.com,38,55014
8340,user_8340,user_8340@mail.com,39,55017
8341,user_8341,user_8341@mail.com,40,55020
8342,user_8342,user_8342@mail.com,41,55023
8343,user_8343,user_8343@mail.com,42,55026
8344,user_8344,user_8344@mail.com,43,55029
8345,user_8345,user_8345@mail.com,44,55032
8346,user_8346,user_8346@mail.com,45,55035
8347,user_8347,user_8347@mail.com,46,55038
8348,user_8348,user_8348@mail.com,47,55041
8349,user_8349,user_8349@mail.com,48,55044
8350,user_8350,user_8350@mail.com,49,55047
8351,user_8351,user_8351@mail.com,50,55050
8352,user_8352,user_8352@mail.com,51,55053
8353,user_8353,user_8353@mail.com,52,55056
8354,user_8354,user_8354@mail.com,53,55059
8355,user_8355,user_8355@mail.com,54,55062
8356,user_8356,user_8356@mail.com,55,55065
8357,user_8357,user_8357@mail.com,56,55068
8358,user_8358,user_8358@mail.com,57,55071
8359,user_8359,user_8359@mail.com,58,55074
8360,user_8360,user_8360@mail.com,59,55077
8361,user_8361,user_8361@mail.com,20,55080
8362,user_8362,user_8362@mail.com,21,55083
8363,user_8363,user_8363@mail.com,22,55086
8364,user_8364,user_8364@mail.com,23,55089
8365,user_8365,user_8365@mail.com,24,55092
8366,user_8366,user_8366@mail.com,25,55095
8367,user_8367,user_8367@mail.com,26,55098
8368,user_8368,user_8368@mail.com,27,55101
8369,user_8369,user_8369@mail.com,28,55104
8370,user_8370,user_8370@mail.com,29,55107
8371,user_8371,user_8371@mail.com,30,55110
8372,user_8372,user_8372@mail.com,31,55113
8373,user_8373,user_8373@mail.com,32,55116
8374,user_8374,user_8374@mail.com,33,55119
8375,user_8375,user_8375@mail.com,34,55122
8376,user_8376,user_8376@mail.com,35,55125
8377,user_8377,user_8377@mail.com,36,55128
8378,user_8378,user_8378@mail.com,37,55131
8379,user_8379,user_8379@mail.com,38,55134
8380,user_8380,user_8380@mail.com,39,55137
8381,user_8381,user_8381@mail.com,40,55140
8382,user_8382,user_8382@mail.com,41,55143
8383,user_8383,user_8383@mail.com,42,55146
8384,user_8384,user_8384@mail.com,43,55149
8385,user_8385,user_8385@mail.com,44,55152
8386,user_8386,user_8386@mail.com,45,55155
8387,user_8387,user_8387@mail.com,46,55158
8388,user_8388,user_8388@mail.com,47,55161
8389,user_8389,user_8389@mail.com,48,55164
8390,user_8390,user_8390@mail.com,49,55167
8391,user_8391,user_8391@mail.com,50,55170
8392,user_8392,user_8392@mail.com,51,55173
8393,user_8393,user_8393@mail.com,52,55176
8394,user_8394,user_8394@mail.com,53,55179
8395,user_8395,user_8395@mail.com,54,55182
8396,user_8396,user_8396@mail.com,55,55185
8397,user_8397,user_8397@mail.com,56,55188
8398,user_8398,user_8398@mail.com,57,55191
8399,user_8399,user_8399@mail.com,58,55194
8400,user_8400,user_8400@mail.com,59,55197
8401,user_8401,user_8401@mail.com,20,55200
8402,user_8402,user_8402@mail.com,21,55203
8403,user_8403,user_8403@mail.com,22,55206
8404,user_8404,user_8404@mail.com,23,55209
8405,user_8405,user_8405@mail.com,24,55212
8406,user_8406,user_8406@mail.com,25,55215
8407,user_8407,user_8407@mail.com,26,55218
8408,user_8408,user_8408@mail.com,27,55221
8409,user_8409,user_8409@mail.com,28,55224
8410,user_8410,user_8410@mail.com,29,55227
8411,user_8411,user_8411@mail.com,30,55230
8412,user_8412,user_8412@mail.com,31,55233
8413,user_8413,user_8413@mail.com,32,55236
8414,user_8414,user_8414@mail.com,33,55239
8415,user_8415,user_8415@mail.com,34,55242
8416,user_8416,user_8416@mail.com,35,55245
8417,user_8417,user_8417@mail.com,36,55248
8418,user_8418,user_8418@mail.com,37,55251
8419,user_8419,user_8419@mail.com,38,55254
8420,user_8420,user_8420@mail.com,39,55257
8421,user_8421,user_8421@mail.com,40,55260
8422,user_8422,user_8422@mail.com,41,55263
8423,user_8423,user_8423@mail.com,42,55266
8424,user_8424,user_8424@mail.com,43,55269
8425,user_8425,user_8425@mail.com,44,55272
8426,user_8426,user_8426@mail.com,45,55275
8427,user_8427,user_8427@mail.com,46,55278
8428,user_8428,user_8428@mail.com,47,55281
8429,user_8429,user_8429@mail.com,48,55284
8430,user_8430,user_8430@mail.com,49,55287
8431,user_8431,user_8431@mail.com,50,55290
8432,user_8432,user_8432@mail.com,51,55293
8433,user_8433,user_8433@mail.com,52,55296
8434,user_8434,user_8434@mail.com,53,55299
8435,user_8435,user_8435@mail.com,54,55302
8436,user_8436,user_8436@mail.com,55,55305
8437,user_8437,user_8437@mail.com,56,55308
8438,user_8438,user_8438@mail.com,57,55311
8439,user_8439,user_8439@mail.com,58,55314
8440,user_8440,user_8440@mail.com,59,55317
8441,user_8441,user_8441@mail.com,20,55320
8442,user_8442,user_8442@mail.com,21,55323
8443,user_8443,user_8443@mail.com,22,55326
8444,user_8444,user_8444@mail.com,23,55329
8445,user_8445,user_8445@mail.com,24,55332
8446,user_8446,user_8446@mail.com,25,55335
8447,user_8447,user_8447@mail.com,26,55338
8448,user_8448,user_8448@mail.com,27,55341
8449,user_8449,user_8449@mail.com,28,55344
8450,user_8450,user_8450@mail.com,29,55347
8451,user_8451,user_8451@mail.com,30,55350
8452,user_8452,user_8452@mail.com,31,55353
8453,user_8453,user_8453@mail.com,32,55356
8454,user_8454,user_8454@mail.com,33,55359
8455,user_8455,user_8455@mail.com,34,55362
8456,user_8456,user_8456@mail.com,35,55365
8457,user_8457,user_8457@mail.com,36,55368
8458,user_8458,user_8458@mail.com,37,55371
8459,user_8459,user_8459@mail.com,38,55374
8460,user_8460,user_8460@mail.com,39,55377
8461,user_8461,user_8461@mail.com,40,55380
8462,user_8462,user_8462@mail.com,41,55383
8463,user_8463,user_8463@mail.com,42,55386
8464,user_8464,user_8464@mail.com,43,55389
8465,user_8465,user_8465@mail.com,44,55392
8466,user_8466,user_8466@mail.com,45,55395
8467,user_8467,user_8467@mail.com,46,55398
8468,user_8468,user_8468@mail.com,47,55401
8469,user_8469,user_8469@mail.com,48,55404
8470,user_8470,user_8470@mail.com,49,55407
8471,user_8471,user_8471@mail.com,50,55410
8472,user_8472,user_8472@mail.com,51,55413
8473,user_8473,user_8473@mail.com,52,55416
8474,user_8474,user_8474@mail.com,53,55419
8475,user_8475,user_8475@mail.com,54,55422
8476,user_8476,user_8476@mail.com,55,55425
8477,user_8477,user_8477@mail.com,56,55428
8478,user_8478,user_8478@mail.com,57,55431
8479,user_8479,user_8479@mail.com,58,55434
8480,user_8480,user_8480@mail.com,59,55437
8481,user_8481,user_8481@mail.com,20,55440
8482,user_8482,user_8482@mail.com,21,55443
8483,user_8483,user_8483@mail.com,22,55446
8484,user_8484,user_8484@mail.com,23,55449
8485,user_8485,user_8485@mail.com,24,55452
8486,user_8486,user_8486@mail.com,25,55455
8487,user_8487,user_8487@mail.com,26,55458
8488,user_8488,user_8488@mail.com,27,55461
8489,user_8489,user_8489@mail.com,28,55464
8490,user_8490,user_8490@mail.com,29,55467
8491,user_8491,user_8491@mail.com,30,55470
8492,user_8492,user_8492@mail.com,31,55473
8493,user_8493,user_8493@mail.com,32,55476
8494,user_8494,user_8494@mail.com,33,55479
8495,user_8495,user_8495@mail.com,34,55482
8496,user_8496,user_8496@mail.com,35,55485
8497,user_8497,user_8497@mail.com,36,55488
8498,user_8498,user_8498@mail.com,37,55491
8499,user_8499,user_8499@mail.com,38,55494
8500,user_8500,user_8500@mail.com,39,55497
8501,user_8501,user_8501@mail.com,40,55500
8502,user_8502,user_8502@mail.com,41,55503
8503,user_8503,user_8503@mail.com,42,55506
8504,user_8504,user_8504@mail.com,43,55509
8505,user_8505,user_8505@mail.com,44,55512
8506,user_8506,user_8506@mail.com,45,55515
8507,user_8507,user_8507@mail.com,46,55518
8508,user_8508,user_8508@mail.com,47,55521
8509,user_8509,user_8509@mail.com,48,55524
8510,user_8510,user_8510@mail.com,49,55527
8511,user_8511,user_8511@mail.com,50,55530
8512,user_8512,user_8512@mail.com,51,55533
8513,user_8513,user_8513@mail.com,52,55536
8514,user_8514,user_8514@mail.com,53,55539
8515,user_8515,user_8515@mail.com,54,55542
8516,user_8516,user_8516@mail.com,55,55545
8517,user_8517,user_8517@mail.com,56,55548
8518,user_8518,user_8518@mail.com,57,55551
8519,user_8519,user_8519@mail.com,58,55554
8520,user_8520,user_8520@mail.com,59,55557
8521,user_8521,user_8521@mail.com,20,55560
8522,user_8522,user_8522@mail.com,21,55563
8523,user_8523,user_8523@mail.com,22,55566
8524,user_8524,user_8524@mail.com,23,55569
8525,user_8525,user_8525@mail.com,24,55572
8526,user_8526,user_8526@mail.com,25,55575
8527,user_8527,user_8527@mail.com,26,55578
8528,user_8528,user_8528@mail.com,27,55581
8529,user_8529,user_8529@mail.com,28,55584
8530,user_8530,user_8530@mail.com,29,55587
8531,user_8531,user_8531@mail.com,30,55590
8532,user_8532,user_8532@mail.com,31,55593
8533,user_8533,user_8533@mail.com,32,55596
8534,user_8534,user_8534@mail.com,33,55599
8535,user_8535,user_8535@mail.com,34,55602
8536,user_8536,user_8536@mail.com,35,55605
8537,user_8537,user_8537@mail.com,36,55608
8538,user_8538,user_8538@mail.com,37,55611
8539,user_8539,user_8539@mail.com,38,55614
8540,user_8540,user_8540@mail.com,39,55617
8541,user_8541,user_8541@mail.com,40,55620
8542,user_8542,user_8542@mail.com,41,55623
8543,user_8543,user_8543@mail.com,42,55626
8544,user_8544,user_8544@mail.com,43,55629
8545,user_8545,user_8545@mail.com,44,55632
8546,user_8546,user_8546@mail.com,45,55635
8547,user_8547,user_8547@mail.com,46,55638
8548,user_8548,user_8548@mail.com,47,55641
8549,user_8549,user_8549@mail.com,48,55644
8550,user_8550,user_8550@mail.com,49,55647
8551,user_8551,user_8551@mail.com,50,55650
8552,user_8552,user_8552@mail.com,51,55653
8553,user_8553,user_8553@mail.com,52,55656
8554,user_8554,user_8554@mail.com,53,55659
8555,user_8555,user_8555@mail.com,54,55662
8556,user_8556,user_8556@mail.com,55,55665
8557,user_8557,user_8557@mail.com,56,55668
8558,user_8558,user_8558@mail.com,57,55671
8559,user_8559,user_8559@mail.com,58,55674
8560,user_8560,user_8560@mail.com,59,55677
8561,user_8561,user_8561@mail.com,20,55680
8562,user_8562,user_8562@mail.com,21,55683
8563,user_8563,user_8563@mail.com,22,55686
8564,user_8564,user_8564@mail.com,23,55689
8565,user_8565,user_8565@mail.com,24,55692
8566,user_8566,user_8566@mail.com,25,55695
8567,user_8567,user_8567@mail.com,26,55698
8568,user_8568,user_8568@mail.com,27,55701
8569,user_8569,user_8569@mail.com,28,55704
8570,user_8570,user_8570@mail.com,29,55707
8571,user_8571,user_8571@mail.com,30,55710
8572,user_8572,user_8572@mail.com,31,55713
8573,user_8573,user_8573@mail.com,32,55716
8574,user_8574,user_8574@mail.com,33,55719
8575,user_8575,user_8575@mail.com,34,55722
8576,user_8576,user_8576@mail.com,35,55725
8577,user_8577,user_8577@mail.com,36,55728
8578,user_8578,user_8578@mail.com,37,55731
8579,user_8579,user_8579@mail.com,38,55734
8580,user_8580,user_8580@mail.com,39,55737
8581,user_8581,user_8581@mail.com,40,55740
8582,user_8582,user_8582@mail.com,41,55743
8583,user_8583,user_8583@mail.com,42,55746
8584,user_8584,user_8584@mail.com,43,55749
8585,user_8585,user_8585@mail.com,44,55752
8586,user_8586,user_8586@mail.com,45,55755
8587,user_8587,user_8587@mail.com,46,55758
8588,user_8588,user_8588@mail.com,47,55761
8589,user_8589,user_8589@mail.com,48,55764
8590,user_8590,user_8590@mail.com,49,55767
8591,user_8591,user_8591@mail.com,50,55770
8592,user_8592,user_8592@mail.com,51,55773
8593,user_8593,user_8593@mail.com,52,55776
8594,user_8594,user_8594@mail.com,53,55779
8595,user_8595,user_8595@mail.com,54,55782
8596,user_8596,user_8596@mail.com,55,55785
8597,user_8597,user_8597@mail.com,56,55788
8598,user_8598,user_8598@mail.com,57,55791
8599,user_8599,user_8599@mail.com,58,55794
8600,user_8600,user_8600@mail.com,59,55797
8601,user_8601,user_8601@mail.com,20,55800
8602,user_8602,user_8602@mail.com,21,55803
8603,user_8603,user_8603@mail.com,22,55806
8604,user_8604,user_8604@mail.com,23,55809
8605,user_8605,user_8605@mail.com,24,55812
8606,user_8606,user_8606@mail.com,25,55815
8607,user_8607,user_8607@mail.com,26,55818
8608,user_8608,user_8608@mail.com,27,55821
8609,user_8609,user_8609@mail.com,28,55824
8610,user_8610,user_8610@mail.com,29,55827
8611,user_8611,user_8611@mail.com,30,55830
8612,user_8612,user_8612@mail.com,31,55833
8613,user_8613,user_8613@mail.com,32,55836
8614,user_8614,user_8614@mail.com,33,55839
8615,user_8615,user_8615@mail.com,34,55842
8616,user_8616,user_8616@mail.com,35,55845
8617,user_8617,user_8617@mail.com,36,55848
8618,user_8618,user_8618@mail.com,37,55851
8619,user_8619,user_8619@mail.com,38,55854
8620,user_8620,user_8620@mail.com,39,55857
8621,user_8621,user_8621@mail.com,40,55860
8622,user_8622,user_8622@mail.com,41,55863
8623,user_8623,user_8623@mail.com,42,55866
8624,user_8624,user_8624@mail.com,43,55869
8625,user_8625,user_8625@mail.com,44,55872
8626,user_8626,user_8626@mail.com,45,55875
8627,user_8627,user_8627@mail.com,46,55878
8628,user_8628,user_8628@mail.com,47,55881
8629,user_8629,user_8629@mail.com,48,55884
8630,user_8630,user_8630@mail.com,49,55887
8631,user_8631,user_8631@mail.com,50,55890
8632,user_8632,user_8632@mail.com,51,55893
8633,user_8633,user_8633@mail.com,52,55896
8634,user_8634,user_8634@mail.com,53,55899
8635,user_8635,user_8635@mail.com,54,55902
8636,user_8636,user_8636@mail.com,55,55905
8637,user_8637,user_8637@mail.com,56,55908
8638,user_8638,user_8638@mail.com,57,55911
8639,user_8639,user_8639@mail.com,58,55914
8640,user_8640,user_8640@mail.com,59,55917
8641,user_8641,user_8641@mail.com,20,55920
8642,user_8642,user_8642@mail.com,21,55923
8643,user_8643,user_8643@mail.com,22,55926
8644,user_8644,user_8644@mail.com,23,55929
8645,user_8645,user_8645@mail.com,24,55932
8646,user_8646,user_8646@mail.com,25,55935
8647,user_8647,user_8647@mail.com,26,55938
8648,user_8648,user_8648@mail.com,27,55941
8649,user_8649,user_8649@mail.com,28,55944
8650,user_8650,user_8650@mail.com,29,55947
8651,user_8651,user_8651@mail.com,30,55950
8652,user_8652,user_8652@mail.com,31,55953
8653,user_8653,user_8653@mail.com,32,55956
8654,user_8654,user_8654@mail.com,33,55959
8655,user_8655,user_8655@mail.com,34,55962
8656,user_8656,user_8656@mail.com,35,55965
8657,user_8657,user_8657@mail.com,36,55968
8658,user_8658,user_8658@mail.com,37,55971
8659,user_8659,user_8659@mail.com,38,55974
8660,user_8660,user_8660@mail.com,39,55977
8661,user_8661,user_8661@mail.com,40,55980
8662,user_8662,user_8662@mail.com,41,55983
8663,user_8663,user_8663@mail.com,42,55986
8664,user_8664,user_8664@mail.com,43,55989
8665,user_8665,user_8665@mail.com,44,55992
8666,user_8666,user_8666@mail.com,45,55995
8667,user_8667,user_8667@mail.com,46,55998
8668,user_8668,user_8668@mail.com,47,56001
8669,user_8669,user_8669@mail.com,48,56004
8670,user_8670,user_8670@mail.com,49,56007
8671,user_8671,user_8671@mail.com,50,56010
8672,user_8672,user_8672@mail.com,51,56013
8673,user_8673,user_8673@mail.com,52,56016
8674,user_8674,user_8674@mail.com,53,56019
8675,user_8675,user_8675@mail.com,54,56022
8676,user_8676,user_8676@mail.com,55,56025
8677,user_8677,user_8677@mail.com,56,56028
8678,user_8678,user_8678@mail.com,57,56031
8679,user_8679,user_8679@mail.com,58,56034
8680,user_8680,user_8680@mail.com,59,56037
8681,user_8681,user_8681@mail.com,20,56040
8682,user_8682,user_8682@mail.com,21,56043
8683,user_8683,user_8683@mail.com,22,56046
8684,user_8684,user_8684@mail.com,23,56049
8685,user_8685,user_8685@mail.com,24,56052
8686,user_8686,user_8686@mail.com,25,56055
8687,user_8687,user_8687@mail.com,26,56058
8688,user_8688,user_8688@mail.com,27,56061
8689,user_8689,user_8689@mail.com,28,56064
8690,user_8690,user_8690@mail.com,29,56067
8691,user_8691,user_8691@mail.com,30,56070
8692,user_8692,user_8692@mail.com,31,56073
8693,user_8693,user_8693@mail.com,32,56076
8694,user_8694,user_8694@mail.com,33,56079
8695,user_8695,user_8695@mail.com,34,56082
8696,user_8696,user_8696@mail.com,35,56085
8697,user_8697,user_8697@mail.com,36,56088
8698,user_8698,user_8698@mail.com,37,56091
8699,user_8699,user_8699@mail.com,38,56094
8700,user_8700,user_8700@mail.com,39,56097
8701,user_8701,user_8701@mail.com,40,56100
8702,user_8702,user_8702@mail.com,41,56103
8703,user_8703,user_8703@mail.com,42,56106
8704,user_8704,user_8704@mail.com,43,56109
8705,user_8705,user_8705@mail.com,44,56112
8706,user_8706,user_8706@mail.com,45,56115
8707,user_8707,user_8707@mail.com,46,56118
8708,user_8708,user_8708@mail.com,47,56121
8709,user_8709,user_8709@mail.com,48,56124
8710,user_8710,user_8710@mail.com,49,56127
8711,user_8711,user_8711@mail.com,50,56130
8712,user_8712,user_8712@mail.com,51,56133
8713,user_8713,user_8713@mail.com,52,56136
8714,user_8714,user_8714@mail.com,53,56139
8715,user_8715,user_8715@mail.com,54,56142
8716,user_8716,user_8716@mail.com,55,56145
8717,user_8717,user_8717@mail.com,56,56148
8718,user_8718,user_8718@mail.com,57,56151
8719,user_8719,user_8719@mail.com,58,56154
8720,user_8720,user_8720@mail.com,59,56157
8721,user_8721,user_8721@mail.com,20,56160
8722,user_8722,user_8722@mail.com,21,56163
8723,user_8723,user_8723@mail.com,22,56166
8724,user_8724,user_8724@mail.com,23,56169
8725,user_8725,user_8725@mail.com,24,56172
8726,user_8726,user_8726@mail.com,25,56175
8727,user_8727,user_8727@mail.com,26,56178
8728,user_8728,user_8728@mail.com,27,56181
8729,user_8729,user_8729@mail.com,28,56184
8730,user_8730,user_8730@mail.com,29,56187
8731,user_8731,user_8731@mail.com,30,56190
8732,user_8732,user_8732@mail.com,31,56193
8733,user_8733,user_8733@mail.com,32,56196
8734,user_8734,user_8734@mail.com,33,56199
8735,user_8735,user_8735@mail.com,34,56202
8736,user_8736,user_8736@mail.com,35,56205
8737,user_8737,user_8737@mail.com,36,56208
8738,user_8738,user_8738@mail.com,37,56211
8739,user_8739,user_8739@mail.com,38,56214
8740,user_8740,user_8740@mail.com,39,56217
8741,user_8741,user_8741@mail.com,40,56220
8742,user_8742,user_8742@mail.com,41,56223
8743,user_8743,user_8743@mail.com,42,56226
8744,user_8744,user_8744@mail.com,43,56229
8745,user_8745,user_8745@mail.com,44,56232
8746,user_8746,user_8746@mail.com,45,56235
8747,user_8747,user_8747@mail.com,46,56238
8748,user_8748,user_8748@mail.com,47,56241
8749,user_8749,user_8749@mail.com,48,56244
8750,user_8750,user_8750@mail.com,49,56247
8751,user_8751,user_8751@mail.com,50,56250
8752,user_8752,user_8752@mail.com,51,56253
8753,user_8753,user_8753@mail.com,52,56256
8754,user_8754,user_8754@mail.com,53,56259
8755,user_8755,user_8755@mail.com,54,56262
8756,user_8756,user_8756@mail.com,55,56265
8757,user_8757,user_8757@mail.com,56,56268
8758,user_8758,user_8758@mail.com,57,56271
8759,user_8759,user_8759@mail.com,58,56274
8760,user_8760,user_8760@mail.com,59,56277
8761,user_8761,user_8761@mail.com,20,56280
8762,user_8762,user_8762@mail.com,21,56283
8763,user_8763,user_8763@mail.com,22,56286
8764,user_8764,user_8764@mail.com,23,56289
8765,user_8765,user_8765@mail.com,24,56292
8766,user_8766,user_8766@mail.com,25,56295
8767,user_8767,user_8767@mail.com,26,56298
8768,user_8768,user_8768@mail.com,27,56301
8769,user_8769,user_8769@mail.com,28,56304
8770,user_8770,user_8770@mail.com,29,56307
8771,user_8771,user_8771@mail.com,30,56310
8772,user_8772,user_8772@mail.com,31,56313
8773,user_8773,user_8773@mail.com,32,56316
8774,user_8774,user_8774@mail.com,33,56319
8775,user_8775,user_8775@mail.com,34,56322
8776,user_8776,user_8776@mail.com,35,56325
8777,user_8777,user_8777@mail.com,36,56328
8778,user_8778,user_8778@mail.com,37,56331
8779,user_8779,user_8779@mail.com,38,56334
8780,user_8780,user_8780@mail.com,39,56337
8781,user_8781,user_8781@mail.com,40,56340
8782,user_8782,user_8782@mail.com,41,56343
8783,user_8783,user_8783@mail.com,42,56346
8784,user_8784,user_8784@mail.com,43,56349
8785,user_8785,user_8785@mail.com,44,56352
8786,user_8786,user_8786@mail.com,45,56355
8787,user_8787,user_8787@mail.com,46,56358
8788,user_8788,user_8788@mail.com,47,56361
8789,user_8789,user_8789@mail.com,48,56364
8790,user_8790,user_8790@mail.com,49,56367
8791,user_8791,user_8791@mail.com,50,56370
8792,user_8792,user_8792@mail.com,51,56373
8793,user_8793,user_8793@mail.com,52,56376
8794,user_8794,user_8794@mail.com,53,56379
8795,user_8795,user_8795@mail.com,54,56382
8796,user_8796,user_8796@mail.com,55,56385
8797,user_8797,user_8797@mail.com,56,56388
8798,user_8798,user_8798@mail.com,57,56391
8799,user_8799,user_8799@mail.com,58,56394
8800,user_8800,user_8800@mail.com,59,56397
8801,user_8801,user_8801@mail.com,20,56400
8802,user_8802,user_8802@mail.com,21,56403
8803,user_8803,user_8803@mail.com,22,56406
8804,user_8804,user_8804@mail.com,23,56409
8805,user_8805,user_8805@mail.com,24,56412
8806,user_8806,user_8806@mail.com,25,56415
8807,user_8807,user_8807@mail.com,26,56418
8808,user_8808,user_8808@mail.com,27,56421
8809,user_8809,user_8809@mail.com,28,56424
8810,user_8810,user_8810@mail.com,29,56427
8811,user_8811,user_8811@mail.com,30,56430
8812,user_8812,user_8812@mail.com,31,56433
8813,user_8813,user_8813@mail.com,32,56436
8814,user_8814,user_8814@mail.com,33,56439
8815,user_8815,user_8815@mail.com,34,56442
8816,user_8816,user_8816@mail.com,35,56445
8817,user_8817,user_8817@mail.com,36,56448
8818,user_8818,user_8818@mail.com,37,56451
8819,user_8819,user_8819@mail.com,38,56454
8820,user_8820,user_8820@mail.com,39,56457
8821,user_8821,user_8821@mail.com,40,56460
8822,user_8822,user_8822@mail.com,41,56463
8823,user_8823,user_8823@mail.com,42,56466
8824,user_8824,user_8824@mail.com,43,56469
8825,user_8825,user_8825@mail.com,44,56472
8826,user_8826,user_8826@mail.com,45,56475
8827,user_8827,user_8827@mail.com,46,56478
8828,user_8828,user_8828@mail.com,47,56481
8829,user_8829,user_8829@mail.com,48,56484
8830,user_8830,user_8830@mail.com,49,56487
8831,user_8831,user_8831@mail.com,50,56490
8832,user_8832,user_8832@mail.com,51,56493
8833,user_8833,user_8833@mail.com,52,56496
8834,user_8834,user_8834@mail.com,53,56499
8835,user_8835,user_8835@mail.com,54,56502
8836,user_8836,user_8836@mail.com,55,56505
8837,user_8837,user_8837@mail.com,56,56508
8838,user_8838,user_8838@mail.com,57,56511
8839,user_8839,user_8839@mail.com,58,56514
8840,user_8840,user_8840@mail.com,59,56517
8841,user_8841,user_8841@mail.com,20,56520
8842,user_8842,user_8842@mail.com,21,56523
8843,user_8843,user_8843@mail.com,22,56526
8844,user_8844,user_8844@mail.com,23,56529
8845,user_8845,user_8845@mail.com,24,56532
8846,user_8846,user_8846@mail.com,25,56535
8847,user_8847,user_8847@mail.com,26,56538
8848,user_8848,user_8848@mail.com,27,56541
8849,user_8849,user_8849@mail.com,28,56544
8850,user_8850,user_8850@mail.com,29,56547
8851,user_8851,user_8851@mail.com,30,56550
8852,user_8852,user_8852@mail.com,31,56553
8853,user_8853,user_8853@mail.com,32,56556
8854,user_8854,user_8854@mail.com,33,56559
8855,user_8855,user_8855@mail.com,34,56562
8856,user_8856,user_8856@mail.com,35,56565
8857,user_8857,user_8857@mail.com,36,56568
8858,user_8858,user_8858@mail.com,37,56571
8859,user_8859,user_8859@mail.com,38,56574
8860,user_8860,user_8860@mail.com,39,56577
8861,user_8861,user_8861@mail.com,40,56580
8862,user_8862,user_8862@mail.com,41,56583
8863,user_8863,user_8863@mail.com,42,56586
8864,user_8864,user_8864@mail.com,43,56589
8865,user_8865,user_8865@mail.com,44,56592
8866,user_8866,user_8866@mail.com,45,56595
8867,user_8867,user_8867@mail.com,46,56598
8868,user_8868,user_8868@mail.com,47,56601
8869,user_8869,user_8869@mail.com,48,56604
8870,user_8870,user_8870@mail.com,49,56607
8871,user_8871,user_8871@mail.com,50,56610
8872,user_8872,user_8872@mail.com,51,56613
8873,user_8873,user_8873@mail.com,52,56616
8874,user_8874,user_8874@mail.com,53,56619
8875,user_8875,user_8875@mail.com,54,56622
8876,user_8876,user_8876@mail.com,55,56625
8877,user_8877,user_8877@mail.com,56,56628
8878,user_8878,user_8878@mail.com,57,56631
8879,user_8879,user_8879@mail.com,58,56634
8880,user_8880,user_8880@mail.com,59,56637
8881,user_8881,user_8881@mail.com,20,56640
8882,user_8882,user_8882@mail.com,21,56643
8883,user_8883,user_8883@mail.com,22,56646
8884,user_8884,user_8884@mail.com,23,56649
8885,user_8885,user_8885@mail.com,24,56652
8886,user_8886,user_8886@mail.com,25,56655
8887,user_8887,user_8887@mail.com,26,56658
8888,user_8888,user_8888@mail.com,27,56661
8889,user_8889,user_8889@mail.com,28,56664
8890,user_8890,user_8890@mail.com,29,56667
8891,user_8891,user_8891@mail.com,30,56670
8892,user_8892,user_8892@mail.com,31,56673
8893,user_8893,user_8893@mail.com,32,56676
8894,user_8894,user_8894@mail.com,33,56679
8895,user_8895,user_8895@mail.com,34,56682
8896,user_8896,user_8896@mail.com,35,56685
8897,user_8897,user_8897@mail.com,36,56688
8898,user_8898,user_8898@mail.com,37,56691
8899,user_8899,user_8899@mail.com,38,56694
8900,user_8900,user_8900@mail.com,39,56697
8901,user_8901,user_8901@mail.com,40,56700
8902,user_8902,user_8902@mail.com,41,56703
8903,user_8903,user_8903@mail.com,42,56706
8904,user_8904,user_8904@mail.com,43,56709
8905,user_8905,user_8905@mail.com,44,56712
8906,user_8906,user_8906@mail.com,45,56715
8907,user_8907,user_8907@mail.com,46,56718
8908,user_8908,user_8908@mail.com,47,56721
8909,user_8909,user_8909@mail.com,48,56724
8910,user_8910,user_8910@mail.com,49,56727
8911,user_8911,user_8911@mail.com,50,56730
8912,user_8912,user_8912@mail.com,51,56733
8913,user_8913,user_8913@mail.com,52,56736
8914,user_8914,user_8914@mail.com,53,56739
8915,user_8915,user_8915@mail.com,54,56742
8916,user_8916,user_8916@mail.com,55,56745
8917,user_8917,user_8917@mail.com,56,56748
8918,user_8918,user_8918@mail.com,57,56751
8919,user_8919,user_8919@mail.com,58,56754
8920,user_8920,user_8920@mail.com,59,56757
8921,user_8921,user_8921@mail.com,20,56760
8922,user_8922,user_8922@mail.com,21,56763
8923,user_8923,user_8923@mail.com,22,56766
8924,user_8924,user_8924@mail.com,23,56769
8925,user_8925,user_8925@mail.com,24,56772
8926,user_8926,user_8926@mail.com,25,56775
8927,user_8927,user_8927@mail.com,26,56778
8928,user_8928,user_8928@mail.com,27,56781
8929,user_8929,user_8929@mail.com,28,56784
8930,user_8930,user_8930@mail.com,29,56787
8931,user_8931,user_8931@mail.com,30,56790
8932,user_8932,user_8932@mail.com,31,56793
8933,user_8933,user_8933@mail.com,32,56796
8934,user_8934,user_8934@mail.com,33,56799
8935,user_8935,user_8935@mail.com,34,56802
8936,user_8936,user_8936@mail.com,35,56805
8937,user_8937,user_8937@mail.com,36,56808
8938,user_8938,user_8938@mail.com,37,56811
8939,user_8939,user_8939@mail.com,38,56814
8940,user_8940,user_8940@mail.com,39,56817
8941,user_8941,user_8941@mail.com,40,56820
8942,user_8942,user_8942@mail.com,41,56823
8943,user_8943,user_8943@mail.com,42,56826
8944,user_8944,user_8944@mail.com,43,56829
8945,user_8945,user_8945@mail.com,44,56832
8946,user_8946,user_8946@mail.com,45,56835
8947,user_8947,user_8947@mail.com,46,56838
8948,user_8948,user_8948@mail.com,47,56841
8949,user_8949,user_8949@mail.com,48,56844
8950,user_8950,user_8950@mail.com,49,56847
8951,user_8951,user_8951@mail.com,50,56850
8952,user_8952,user_8952@mail.com,51,56853
8953,user_8953,user_8953@mail.com,52,56856
8954,user_8954,user_8954@mail.com,53,56859
8955,user_8955,user_8955@mail.com,54,56862
8956,user_8956,user_8956@mail.com,55,56865
8957,user_8957,user_8957@mail.com,56,56868
8958,user_8958,user_8958@mail.com,57,56871
8959,user_8959,user_8959@mail.com,58,56874
8960,user_8960,user_8960@mail.com,59,56877
8961,user_8961,user_8961@mail.com,20,56880
8962,user_8962,user_8962@mail.com,21,56883
8963,user_8963,user_8963@mail.com,22,56886
8964,user_8964,user_8964@mail.com,23,56889
8965,user_8965,user_8965@mail.com,24,56892
8966,user_8966,user_8966@mail.com,25,56895
8967,user_8967,user_8967@mail.com,26,56898
8968,user_8968,user_8968@mail.com,27,56901
8969,user_8969,user_8969@mail.com,28,56904
8970,user_8970,user_8970@mail.com,29,56907
8971,user_8971,user_8971@mail.com,30,56910
8972,user_8972,user_8972@mail.com,31,56913
8973,user_8973,user_8973@mail.com,32,56916
8974,user_8974,user_8974@mail.com,33,56919
8975,user_8975,user_8975@mail.com,34,56922
8976,user_8976,user_8976@mail.com,35,56925
8977,user_8977,user_8977@mail.com,36,56928
8978,user_8978,user_8978@mail.com,37,56931
8979,user_8979,user_8979@mail.com,38,56934
8980,user_8980,user_8980@mail.com,39,56937
8981,user_8981,user_8981@mail.com,40,56940
8982,user_8982,user_8982@mail.com,41,56943
8983,user_8983,user_8983@mail.com,42,56946
8984,user_8984,user_8984@mail.com,43,56949
8985,user_8985,user_8985@mail.com,44,56952
8986,user_8986,user_8986@mail.com,45,56955
8987,user_8987,user_8987@mail.com,46,56958
8988,user_8988,user_8988@mail.com,47,56961
8989,user_8989,user_8989@mail.com,48,56964
8990,user_8990,user_8990@mail.com,49,56967
8991,user_8991,user_8991@mail.com,50,56970
8992,user_8992,user_8992@mail.com,51,56973
8993,user_8993,user_8993@mail.com,52,56976
8994,user_8994,user_8994@mail.com,53,56979
8995,user_8995,user_8995@mail.com,54,56982
8996,user_8996,user_8996@mail.com,55,56985
8997,user_8997,user_8997@mail.com,56,56988
8998,user_8998,user_8998@mail.com,57,56991
8999,user_8999,user_8999@mail.com,58,56994
9000,user_9000,user_9000@mail.com,59,56997
9001,user_9001,user_9001@mail.com,20,57000
9002,user_9002,user_9002@mail.com,21,57003
9003,user_9003,user_9003@mail.com,22,57006
9004,user_9004,user_9004@mail.com,23,57009
9005,user_9005,user_9005@mail.com,24,57012
9006,user_9006,user_9006@mail.com,25,57015
9007,user_9007,user_9007@mail.com,26,57018
9008,user_9008,user_9008@mail.com,27,57021
9009,user_9009,user_9009@mail.com,28,57024
9010,user_9010,user_9010@mail.com,29,57027
9011,user_9011,user_9011@mail.com,30,57030
9012,user_9012,user_9012@mail.com,31,57033
9013,user_9013,user_9013@mail.com,32,57036
9014,user_9014,user_9014@mail.com,33,57039
9015,user_9015,user_9015@mail.com,34,57042
9016,user_9016,user_9016@mail.com,35,57045
9017,user_9017,user_9017@mail.com,36,57048
9018,user_9018,user_9018@mail.com,37,57051
9019,user_9019,user_9019@mail.com,38,57054
9020,user_9020,user_9020@mail.com,39,57057
9021,user_9021,user_9021@mail.com,40,57060
9022,user_9022,user_9022@mail.com,41,57063
9023,user_9023,user_9023@mail.com,42,57066
9024,user_9024,user_9024@mail.com,43,57069
9025,user_9025,user_9025@mail.com,44,57072
9026,user_9026,user_9026@mail.com,45,57075
9027,user_9027,user_9027@mail.com,46,57078
9028,user_9028,user_9028@mail.com,47,57081
9029,user_9029,user_9029@mail.com,48,57084
9030,user_9030,user_9030@mail.com,49,57087
9031,user_9031,user_9031@mail.com,50,57090
9032,user_9032,user_9032@mail.com,51,57093
9033,user_9033,user_9033@mail.com,52,57096
9034,user_9034,user_9034@mail.com,53,57099
9035,user_9035,user_9035@mail.com,54,57102
9036,user_9036,user_9036@mail.com,55,57105
9037,user_9037,user_9037@mail.com,56,57108
9038,user_9038,user_9038@mail.com,57,57111
9039,user_9039,user_9039@mail.com,58,57114
9040,user_9040,user_9040@mail.com,59,57117
9041,user_9041,user_9041@mail.com,20,57120
9042,user_9042,user_9042@mail.com,21,57123
9043,user_9043,user_9043@mail.com,22,57126
9044,user_9044,user_9044@mail.com,23,57129
9045,user_9045,user_9045@mail.com,24,57132
9046,user_9046,user_9046@mail.com,25,57135
9047,user_9047,user_9047@mail.com,26,57138
9048,user_9048,user_9048@mail.com,27,57141
9049,user_9049,user_9049@mail.com,28,57144
9050,user_9050,user_9050@mail.com,29,57147
9051,user_9051,user_9051@mail.com,30,57150
9052,user_9052,user_9052@mail.com,31,57153
9053,user_9053,user_9053@mail.com,32,57156
9054,user_9054,user_9054@mail.com,33,57159
9055,user_9055,user_9055@mail.com,34,57162
9056,user_9056,user_9056@mail.com,35,57165
9057,user_9057,user_9057@mail.com,36,57168
9058,user_9058,user_9058@mail.com,37,57171
9059,user_9059,user_9059@mail.com,38,57174
9060,user_9060,user_9060@mail.com,39,57177
9061,user_9061,user_9061@mail.com,40,57180
9062,user_9062,user_9062@mail.com,41,57183
9063,user_9063,user_9063@mail.com,42,57186
9064,user_9064,user_9064@mail.com,43,57189
9065,user_9065,user_9065@mail.com,44,57192
9066,user_9066,user_9066@mail.com,45,57195
9067,user_9067,user_9067@mail.com,46,57198
9068,user_9068,user_9068@mail.com,47,57201
9069,user_9069,user_9069@mail.com,48,57204
9070,user_9070,user_9070@mail.com,49,57207
9071,user_9071,user_9071@mail.com,50,57210
9072,user_9072,user_9072@mail.com,51,57213
9073,user_9073,user_9073@mail.com,52,57216
9074,user_9074,user_9074@mail.com,53,57219
9075,user_9075,user_9075@mail.com,54,57222
9076,user_9076,user_9076@mail.com,55,57225
9077,user_9077,user_9077@mail.com,56,57228
9078,user_9078,user_9078@mail.com,57,57231
9079,user_9079,user_9079@mail.com,58,57234
9080,user_9080,user_9080@mail.com,59,57237
9081,user_9081,user_9081@mail.com,20,57240
9082,user_9082,user_9082@mail.com,21,57243
9083,user_9083,user_9083@mail.com,22,57246
9084,user_9084,user_9084@mail.com,23,57249
9085,user_9085,user_9085@mail.com,24,57252
9086,user_9086,user_9086@mail.com,25,57255
9087,user_9087,user_9087@mail.com,26,57258
9088,user_9088,user_9088@mail.com,27,57261
9089,user_9089,user_9089@mail.com,28,57264
9090,user_9090,user_9090@mail.com,29,57267
9091,user_9091,user_9091@mail.com,30,57270
9092,user_9092,user_9092@mail.com,31,57273
9093,user_9093,user_9093@mail.com,32,57276
9094,user_9094,user_9094@mail.com,33,57279
9095,user_9095,user_9095@mail.com,34,57282
9096,user_9096,user_9096@mail.com,35,57285
9097,user_9097,user_9097@mail.com,36,57288
9098,user_9098,user_9098@mail.com,37,57291
9099,user_9099,user_9099@mail.com,38,57294
9100,user_9100,user_9100@mail.com,39,57297
9101,user_9101,user_9101@mail.com,40,57300
9102,user_9102,user_9102@mail.com,41,57303
9103,user_9103,user_9103@mail.com,42,57306
9104,user_9104,user_9104@mail.com,43,57309
9105,user_9105,user_9105@mail.com,44,57312
9106,user_9106,user_9106@mail.com,45,57315
9107,user_9107,user_9107@mail.com,46,57318
9108,user_9108,user_9108@mail.com,47,57321
9109,user_9109,user_9109@mail.com,48,57324
9110,user_9110,user_9110@mail.com,49,57327
9111,user_9111,user_9111@mail.com,50,57330
9112,user_9112,user_9112@mail.com,51,57333
9113,user_9113,user_9113@mail.com,52,57336
9114,user_9114,user_9114@mail.com,53,57339
9115,user_9115,user_9115@mail.com,54,57342
9116,user_9116,user_9116@mail.com,55,57345
9117,user_9117,user_9117@mail.com,56,57348
9118,user_9118,user_9118@mail.com,57,57351
9119,user_9119,user_9119@mail.com,58,57354
9120,user_9120,user_9120@mail.com,59,57357
9121,user_9121,user_9121@mail.com,20,57360
9122,user_9122,user_9122@mail.com,21,57363
9123,user_9123,user_9123@mail.com,22,57366
9124,user_9124,user_9124@mail.com,23,57369
9125,user_9125,user_9125@mail.com,24,57372
9126,user_9126,user_9126@mail.com,25,57375
9127,user_9127,user_9127@mail.com,26,57378
9128,user_9128,user_9128@mail.com,27,57381
9129,user_9129,user_9129@mail.com,28,57384
9130,user_9130,user_9130@mail.com,29,57387
9131,user_9131,user_9131@mail.com,30,57390
9132,user_9132,user_9132@mail.com,31,57393
9133,user_9133,user_9133@mail.com,32,57396
9134,user_9134,user_9134@mail.com,33,57399
9135,user_9135,user_9135@mail.com,34,57402
9136,user_9136,user_9136@mail.com,35,57405
9137,user_9137,user_9137@mail.com,36,57408
9138,user_9138,user_9138@mail.com,37,57411
9139,user_9139,user_9139@mail.com,38,57414
9140,user_9140,user_9140@mail.com,39,57417
9141,user_9141,user_9141@mail.com,40,57420
9142,user_9142,user_9142@mail.com,41,57423
9143,user_9143,user_9143@mail.com,42,57426
9144,user_9144,user_9144@mail.com,43,57429
9145,user_9145,user_9145@mail.com,44,57432
9146,user_9146,user_9146@mail.com,45,57435
9147,user_9147,user_9147@mail.com,46,57438
9148,user_9148,user_9148@mail.com,47,57441
9149,user_9149,user_9149@mail.com,48,57444
9150,user_9150,user_9150@mail.com,49,57447
9151,user_9151,user_9151@mail.com,50,57450
9152,user_9152,user_9152@mail.com,51,57453
9153,user_9153,user_9153@mail.com,52,57456
9154,user_9154,user_9154@mail.com,53,57459
9155,user_9155,user_9155@mail.com,54,57462
9156,user_9156,user_9156@mail.com,55,57465
9157,user_9157,user_9157@mail.com,56,57468
9158,user_9158,user_9158@mail.com,57,57471
9159,user_9159,user_9159@mail.com,58,57474
9160,user_9160,user_9160@mail.com,59,57477
9161,user_9161,user_9161@mail.com,20,57480
9162,user_9162,user_9162@mail.com,21,57483
9163,user_9163,user_9163@mail.com,22,57486
9164,user_9164,user_9164@mail.com,23,57489
9165,user_9165,user_9165@mail.com,24,57492
9166,user_9166,user_9166@mail.com,25,57495
9167,user_9167,user_9167@mail.com,26,57498
9168,user_9168,user_9168@mail.com,27,57501
9169,user_9169,user_9169@mail.com,28,57504
9170,user_9170,user_9170@mail.com,29,57507
9171,user_9171,user_9171@mail.com,30,57510
9172,user_9172,user_9172@mail.com,31,57513
9173,user_9173,user_9173@mail.com,32,57516
9174,user_9174,user_9174@mail.com,33,57519
9175,user_9175,user_9175@mail.com,34,57522
9176,user_9176,user_9176@mail.com,35,57525
9177,user_9177,user_9177@mail.com,36,57528
9178,user_9178,user_9178@mail.com,37,57531
9179,user_9179,user_9179@mail.com,38,57534
9180,user_9180,user_9180@mail.com,39,57537
9181,user_9181,user_9181@mail.com,40,57540
9182,user_9182,user_9182@mail.com,41,57543
9183,user_9183,user_9183@mail.com,42,57546
9184,user_9184,user_9184@mail.com,43,57549
9185,user_9185,user_9185@mail.com,44,57552
9186,user_9186,user_9186@mail.com,45,57555
9187,user_9187,user_9187@mail.com,46,57558
9188,user_9188,user_9188@mail.com,47,57561
9189,user_9189,user_9189@mail.com,48,57564
9190,user_9190,user_9190@mail.com,49,57567
9191,user_9191,user_9191@mail.com,50,57570
9192,user_9192,user_9192@mail.com,51,57573
9193,user_9193,user_9193@mail.com,52,57576
9194,user_9194,user_9194@mail.com,53,57579
9195,user_9195,user_9195@mail.com,54,57582
9196,user_9196,user_9196@mail.com,55,57585
9197,user_9197,user_9197@mail.com,56,57588
9198,user_9198,user_9198@mail.com,57,57591
9199,user_9199,user_9199@mail.com,58,57594
9200,user_9200,user_9200@mail.com,59,57597
9201,user_9201,user_9201@mail.com,20,57600
9202,user_9202,user_9202@mail.com,21,57603
9203,user_9203,user_9203@mail.com,22,57606
9204,user_9204,user_9204@mail.com,23,57609
9205,user_9205,user_9205@mail.com,24,57612
9206,user_9206,user_9206@mail.com,25,57615
9207,user_9207,user_9207@mail.com,26,57618
9208,user_9208,user_9208@mail.com,27,57621
9209,user_9209,user_9209@mail.com,28,57624
9210,user_9210,user_9210@mail.com,29,57627
9211,user_9211,user_9211@mail.com,30,57630
9212,user_9212,user_9212@mail.com,31,57633
9213,user_9213,user_9213@mail.com,32,57636
9214,user_9214,user_9214@mail.com,33,57639
9215,user_9215,user_9215@mail.com,34,57642
9216,user_9216,user_9216@mail.com,35,57645
9217,user_9217,user_9217@mail.com,36,57648
9218,user_9218,user_9218@mail.com,37,57651
9219,user_9219,user_9219@mail.com,38,57654
9220,user_9220,user_9220@mail.com,39,57657
9221,user_9221,user_9221@mail.com,40,57660
9222,user_9222,user_9222@mail.com,41,57663
9223,user_9223,user_9223@mail.com,42,57666
9224,user_9224,user_9224@mail.com,43,57669
9225,user_9225,user_9225@mail.com,44,57672
9226,user_9226,user_9226@mail.com,45,57675
9227,user_9227,user_9227@mail.com,46,57678
9228,user_9228,user_9228@mail.com,47,57681
9229,user_9229,user_9229@mail.com,48,57684
9230,user_9230,user_9230@mail.com,49,57687
9231,user_9231,user_9231@mail.com,50,57690
9232,user_9232,user_9232@mail.com,51,57693
9233,user_9233,user_9233@mail.com,52,57696
9234,user_9234,user_9234@mail.com,53,57699
9235,user_9235,user_9235@mail.com,54,57702
9236,user_9236,user_9236@mail.com,55,57705
9237,user_9237,user_9237@mail.com,56,57708
9238,user_9238,user_9238@mail.com,57,57711
9239,user_9239,user_9239@mail.com,58,57714
9240,user_9240,user_9240@mail.com,59,57717
9241,user_9241,user_9241@mail.com,20,57720
9242,user_9242,user_9242@mail.com,21,57723
9243,user_9243,user_9243@mail.com,22,57726
9244,user_9244,user_9244@mail.com,23,57729
9245,user_9245,user_9245@mail.com,24,57732
9246,user_9246,user_9246@mail.com,25,57735
9247,user_9247,user_9247@mail.com,26,57738
9248,user_9248,user_9248@mail.com,27,57741
9249,user_9249,user_9249@mail.com,28,57744
9250,user_9250,user_9250@mail.com,29,57747
9251,user_9251,user_9251@mail.com,30,57750
9252,user_9252,user_9252@mail.com,31,57753
9253,user_9253,user_9253@mail.com,32,57756
9254,user_9254,user_9254@mail.com,33,57759
9255,user_9255,user_9255@mail.com,34,57762
9256,user_9256,user_9256@mail.com,35,57765
9257,user_9257,user_9257@mail.com,36,57768
9258,user_9258,user_9258@mail.com,37,57771
9259,user_9259,user_9259@mail.com,38,57774
9260,user_9260,user_9260@mail.com,39,57777
9261,user_9261,user_9261@mail.com,40,57780
9262,user_9262,user_9262@mail.com,41,57783
9263,user_9263,user_9263@mail.com,42,57786
9264,user_9264,user_9264@mail.com,43,57789
9265,user_9265,user_9265@mail.com,44,57792
9266,user_9266,user_9266@mail.com,45,57795
9267,user_9267,user_9267@mail.com,46,57798
9268,user_9268,user_9268@mail.com,47,57801
9269,user_9269,user_9269@mail.com,48,57804
9270,user_9270,user_9270@mail.com,49,57807
9271,user_9271,user_9271@mail.com,50,57810
9272,user_9272,user_9272@mail.com,51,57813
9273,user_9273,user_9273@mail.com,52,57816
9274,user_9274,user_9274@mail.com,53,57819
9275,user_9275,user_9275@mail.com,54,57822
9276,user_9276,user_9276@mail.com,55,57825
9277,user_9277,user_9277@mail.com,56,57828
9278,user_9278,user_9278@mail.com,57,57831
9279,user_9279,user_9279@mail.com,58,57834
9280,user_9280,user_9280@mail.com,59,57837
9281,user_9281,user_9281@mail.com,20,57840
9282,user_9282,user_9282@mail.com,21,57843
9283,user_9283,user_9283@mail.com,22,57846
9284,user_9284,user_9284@mail.com,23,57849
9285,user_9285,user_9285@mail.com,24,57852
9286,user_9286,user_9286@mail.com,25,57855
9287,user_9287,user_9287@mail.com,26,57858
9288,user_9288,user_9288@mail.com,27,57861
9289,user_9289,user_9289@mail.com,28,57864
9290,user_9290,user_9290@mail.com,29,57867
9291,user_9291,user_9291@mail.com,30,57870
9292,user_9292,user_9292@mail.com,31,57873
9293,user_9293,user_9293@mail.com,32,57876
9294,user_9294,user_9294@mail.com,33,57879
9295,user_9295,user_9295@mail.com,34,57882
9296,user_9296,user_9296@mail.com,35,57885
9297,user_9297,user_9297@mail.com,36,57888
9298,user_9298,user_9298@mail.com,37,57891
9299,user_9299,user_9299@mail.com,38,57894
9300,user_9300,user_9300@mail.com,39,57897
9301,user_9301,user_9301@mail.com,40,57900
9302,user_9302,user_9302@mail.com,41,57903
9303,user_9303,user_9303@mail.com,42,57906
9304,user_9304,user_9304@mail.com,43,57909
9305,user_9305,user_9305@mail.com,44,57912
9306,user_9306,user_9306@mail.com,45,57915
9307,user_9307,user_9307@mail.com,46,57918
9308,user_9308,user_9308@mail.com,47,57921
9309,user_9309,user_9309@mail.com,48,57924
9310,user_9310,user_9310@mail.com,49,57927
9311,user_9311,user_9311@mail.com,50,57930
9312,user_9312,user_9312@mail.com,51,57933
9313,user_9313,user_9313@mail.com,52,57936
9314,user_9314,user_9314@mail.com,53,57939
9315,user_9315,user_9315@mail.com,54,57942
9316,user_9316,user_9316@mail.com,55,57945
9317,user_9317,user_9317@mail.com,56,57948
9318,user_9318,user_9318@mail.com,57,57951
9319,user_9319,user_9319@mail.com,58,57954
9320,user_9320,user_9320@mail.com,59,57957
9321,user_9321,user_9321@mail.com,20,57960
9322,user_9322,user_9322@mail.com,21,57963
9323,user_9323,user_9323@mail.com,22,57966
9324,user_9324,user_9324@mail.com,23,57969
9325,user_9325,user_9325@mail.com,24,57972
9326,user_9326,user_9326@mail.com,25,57975
9327,user_9327,user_9327@mail.com,26,57978
9328,user_9328,user_9328@mail.com,27,57981
9329,user_9329,user_9329@mail.com,28,57984
9330,user_9330,user_9330@mail.com,29,57987
9331,user_9331,user_9331@mail.com,30,57990
9332,user_9332,user_9332@mail.com,31,57993
9333,user_9333,user_9333@mail.com,32,57996
9334,user_9334,user_9334@mail.com,33,57999
9335,user_9335,user_9335@mail.com,34,58002
9336,user_9336,user_9336@mail.com,35,58005
9337,user_9337,user_9337@mail.com,36,58008
9338,user_9338,user_9338@mail.com,37,58011
9339,user_9339,user_9339@mail.com,38,58014
9340,user_9340,user_9340@mail.com,39,58017
9341,user_9341,user_9341@mail.com,40,58020
9342,user_9342,user_9342@mail.com,41,58023
9343,user_9343,user_9343@mail.com,42,58026
9344,user_9344,user_9344@mail.com,43,58029
9345,user_9345,user_9345@mail.com,44,58032
9346,user_9346,user_9346@mail.com,45,58035
9347,user_9347,user_9347@mail.com,46,58038
9348,user_9348,user_9348@mail.com,47,58041
9349,user_9349,user_9349@mail.com,48,58044
9350,user_9350,user_9350@mail.com,49,58047
9351,user_9351,user_9351@mail.com,50,58050
9352,user_9352,user_9352@mail.com,51,58053
9353,user_9353,user_9353@mail.com,52,58056
9354,user_9354,user_9354@mail.com,53,58059
9355,user_9355,user_9355@mail.com,54,58062
9356,user_9356,user_9356@mail.com,55,58065
9357,user_9357,user_9357@mail.com,56,58068
9358,user_9358,user_9358@mail.com,57,58071
9359,user_9359,user_9359@mail.com,58,58074
9360,user_9360,user_9360@mail.com,59,58077
9361,user_9361,user_9361@mail.com,20,58080
9362,user_9362,user_9362@mail.com,21,58083
9363,user_9363,user_9363@mail.com,22,58086
9364,user_9364,user_9364@mail.com,23,58089
9365,user_9365,user_9365@mail.com,24,58092
9366,user_9366,user_9366@mail.com,25,58095
9367,user_9367,user_9367@mail.com,26,58098
9368,user_9368,user_9368@mail.com,27,58101
9369,user_9369,user_9369@mail.com,28,58104
9370,user_9370,user_9370@mail.com,29,58107
9371,user_9371,user_9371@mail.com,30,58110
9372,user_9372,user_9372@mail.com,31,58113
9373,user_9373,user_9373@mail.com,32,58116
9374,user_9374,user_9374@mail.com,33,58119
9375,user_9375,user_9375@mail.com,34,58122
9376,user_9376,user_9376@mail.com,35,58125
9377,user_9377,user_9377@mail.com,36,58128
9378,user_9378,user_9378@mail.com,37,58131
9379,user_9379,user_9379@mail.com,38,58134
9380,user_9380,user_9380@mail.com,39,58137
9381,user_9381,user_9381@mail.com,40,58140
9382,user_9382,user_9382@mail.com,41,58143
9383,user_9383,user_9383@mail.com,42,58146
9384,user_9384,user_9384@mail.com,43,58149
9385,user_9385,user_9385@mail.com,44,58152
9386,user_9386,user_9386@mail.com,45,58155
9387,user_9387,user_9387@mail.com,46,58158
9388,user_9388,user_9388@mail.com,47,58161
9389,user_9389,user_9389@mail.com,48,58164
9390,user_9390,user_9390@mail.com,49,58167
9391,user_9391,user_9391@mail.com,50,58170
9392,user_9392,user_9392@mail.com,51,58173
9393,user_9393,user_9393@mail.com,52,58176
9394,user_9394,user_9394@mail.com,53,58179
9395,user_9395,user_9395@mail.com,54,58182
9396,user_9396,user_9396@mail.com,55,58185
9397,user_9397,user_9397@mail.com,56,58188
9398,user_9398,user_9398@mail.com,57,58191
9399,user_9399,user_9399@mail.com,58,58194
9400,user_9400,user_9400@mail.com,59,58197
9401,user_9401,user_9401@mail.com,20,58200
9402,user_9402,user_9402@mail.com,21,58203
9403,user_9403,user_9403@mail.com,22,58206
9404,user_9404,user_9404@mail.com,23,58209
9405,user_9405,user_9405@mail.com,24,58212
9406,user_9406,user_9406@mail.com,25,58215
9407,user_9407,user_9407@mail.com,26,58218
9408,user_9408,user_9408@mail.com,27,58221
9409,user_9409,user_9409@mail.com,28,58224
9410,user_9410,user_9410@mail.com,29,58227
9411,user_9411,user_9411@mail.com,30,58230
9412,user_9412,user_9412@mail.com,31,58233
9413,user_9413,user_9413@mail.com,32,58236
9414,user_9414,user_9414@mail.com,33,58239
9415,user_9415,user_9415@mail.com,34,58242
9416,user_9416,user_9416@mail.com,35,58245
9417,user_9417,user_9417@mail.com,36,58248
9418,user_9418,user_9418@mail.com,37,58251
9419,user_9419,user_9419@mail.com,38,58254
9420,user_9420,user_9420@mail.com,39,58257
9421,user_9421,user_9421@mail.com,40,58260
9422,user_9422,user_9422@mail.com,41,58263
9423,user_9423,user_9423@mail.com,42,58266
9424,user_9424,user_9424@mail.com,43,58269
9425,user_9425,user_9425@mail.com,44,58272
9426,user_9426,user_9426@mail.com,45,58275
9427,user_9427,user_9427@mail.com,46,58278
9428,user_9428,user_9428@mail.com,47,58281
9429,user_9429,user_9429@mail.com,48,58284
9430,user_9430,user_9430@mail.com,49,58287
9431,user_9431,user_9431@mail.com,50,58290
9432,user_9432,user_9432@mail.com,51,58293
9433,user_9433,user_9433@mail.com,52,58296
9434,user_9434,user_9434@mail.com,53,58299
9435,user_9435,user_9435@mail.com,54,58302
9436,user_9436,user_9436@mail.com,55,58305
9437,user_9437,user_9437@mail.com,56,58308
9438,user_9438,user_9438@mail.com,57,58311
9439,user_9439,user_9439@mail.com,58,58314
9440,user_9440,user_9440@mail.com,59,58317
9441,user_9441,user_9441@mail.com,20,58320
9442,user_9442,user_9442@mail.com,21,58323
9443,user_9443,user_9443@mail.com,22,58326
9444,user_9444,user_9444@mail.com,23,58329
9445,user_9445,user_9445@mail.com,24,58332
9446,user_9446,user_9446@mail.com,25,58335
9447,user_9447,user_9447@mail.com,26,58338
9448,user_9448,user_9448@mail.com,27,58341
9449,user_9449,user_9449@mail.com,28,58344
9450,user_9450,user_9450@mail.com,29,58347
9451,user_9451,user_9451@mail.com,30,58350
9452,user_9452,user_9452@mail.com,31,58353
9453,user_9453,user_9453@mail.com,32,58356
9454,user_9454,user_9454@mail.com,33,58359
9455,user_9455,user_9455@mail.com,34,58362
9456,user_9456,user_9456@mail.com,35,58365
9457,user_9457,user_9457@mail.com,36,58368
9458,user_9458,user_9458@mail.com,37,58371
9459,user_9459,user_9459@mail.com,38,58374
9460,user_9460,user_9460@mail.com,39,58377
9461,user_9461,user_9461@mail.com,40,58380
9462,user_9462,user_9462@mail.com,41,58383
9463,user_9463,user_9463@mail.com,42,58386
9464,user_9464,user_9464@mail.com,43,58389
9465,user_9465,user_9465@mail.com,44,58392
9466,user_9466,user_9466@mail.com,45,58395
9467,user_9467,user_9467@mail.com,46,58398
9468,user_9468,user_9468@mail.com,47,58401
9469,user_9469,user_9469@mail.com,48,58404
9470,user_9470,user_9470@mail.com,49,58407
9471,user_9471,user_9471@mail.com,50,58410
9472,user_9472,user_9472@mail.com,51,58413
9473,user_9473,user_9473@mail.com,52,58416
9474,user_9474,user_9474@mail.com,53,58419
9475,user_9475,user_9475@mail.com,54,58422
9476,user_9476,user_9476@mail.com,55,58425
9477,user_9477,user_9477@mail.com,56,58428
9478,user_9478,user_9478@mail.com,57,58431
9479,user_9479,user_9479@mail.com,58,58434
9480,user_9480,user_9480@mail.com,59,58437
9481,user_9481,user_9481@mail.com,20,58440
9482,user_9482,user_9482@mail.com,21,58443
9483,user_9483,user_9483@mail.com,22,58446
9484,user_9484,user_9484@mail.com,23,58449
9485,user_9485,user_9485@mail.com,24,58452
9486,user_9486,user_9486@mail.com,25,58455
9487,user_9487,user_9487@mail.com,26,58458
9488,user_9488,user_9488@mail.com,27,58461
9489,user_9489,user_9489@mail.com,28,58464
9490,user_9490,user_9490@mail.com,29,58467
9491,user_9491,user_9491@mail.com,30,58470
9492,user_9492,user_9492@mail.com,31,58473
9493,user_9493,user_9493@mail.com,32,58476
9494,user_9494,user_9494@mail.com,33,58479
9495,user_9495,user_9495@mail.com,34,58482
9496,user_9496,user_9496@mail.com,35,58485
9497,user_9497,user_9497@mail.com,36,58488
9498,user_9498,user_9498@mail.com,37,58491
9499,user_9499,user_9499@mail.com,38,58494
9500,user_9500,user_9500@mail.com,39,58497
9501,user_9501,user_9501@mail.com,40,58500
9502,user_9502,user_9502@mail.com,41,58503
9503,user_9503,user_9503@mail.com,42,58506
9504,user_9504,user_9504@mail.com,43,58509
9505,user_9505,user_9505@mail.com,44,58512
9506,user_9506,user_9506@mail.com,45,58515
9507,user_9507,user_9507@mail.com,46,58518
9508,user_9508,user_9508@mail.com,47,58521
9509,user_9509,user_9509@mail.com,48,58524
9510,user_9510,user_9510@mail.com,49,58527
9511,user_9511,user_9511@mail.com,50,58530
9512,user_9512,user_9512@mail.com,51,58533
9513,user_9513,user_9513@mail.com,52,58536
9514,user_9514,user_9514@mail.com,53,58539
9515,user_9515,user_9515@mail.com,54,58542
9516,user_9516,user_9516@mail.com,55,58545
9517,user_9517,user_9517@mail.com,56,58548
9518,user_9518,user_9518@mail.com,57,58551
9519,user_9519,user_9519@mail.com,58,58554
9520,user_9520,user_9520@mail.com,59,58557
9521,user_9521,user_9521@mail.com,20,58560
9522,user_9522,user_9522@mail.com,21,58563
9523,user_9523,user_9523@mail.com,22,58566
9524,user_9524,user_9524@mail.com,23,58569
9525,user_9525,user_9525@mail.com,24,58572
9526,user_9526,user_9526@mail.com,25,58575
9527,user_9527,user_9527@mail.com,26,58578
9528,user_9528,user_9528@mail.com,27,58581
9529,user_9529,user_9529@mail.com,28,58584
9530,user_9530,user_9530@mail.com,29,58587
9531,user_9531,user_9531@mail.com,30,58590
9532,user_9532,user_9532@mail.com,31,58593
9533,user_9533,user_9533@mail.com,32,58596
9534,user_9534,user_9534@mail.com,33,58599
9535,user_9535,user_9535@mail.com,34,58602
9536,user_9536,user_9536@mail.com,35,58605
9537,user_9537,user_9537@mail.com,36,58608
9538,user_9538,user_9538@mail.com,37,58611
9539,user_9539,user_9539@mail.com,38,58614
9540,user_9540,user_9540@mail.com,39,58617
9541,user_9541,user_9541@mail.com,40,58620
9542,user_9542,user_9542@mail.com,41,58623
9543,user_9543,user_9543@mail.com,42,58626
9544,user_9544,user_9544@mail.com,43,58629
9545,user_9545,user_9545@mail.com,44,58632
9546,user_9546,user_9546@mail.com,45,58635
9547,user_9547,user_9547@mail.com,46,58638
9548,user_9548,user_9548@mail.com,47,58641
9549,user_9549,user_9549@mail.com,48,58644
9550,user_9550,user_9550@mail.com,49,58647
9551,user_9551,user_9551@mail.com,50,58650
9552,user_9552,user_9552@mail.com,51,58653
9553,user_9553,user_9553@mail.com,52,58656
9554,user_9554,user_9554@mail.com,53,58659
9555,user_9555,user_9555@mail.com,54,58662
9556,user_9556,user_9556@mail.com,55,58665
9557,user_9557,user_9557@mail.com,56,58668
9558,user_9558,user_9558@mail.com,57,58671
9559,user_9559,user_9559@mail.com,58,58674
9560,user_9560,user_9560@mail.com,59,58677
9561,user_9561,user_9561@mail.com,20,58680
9562,user_9562,user_9562@mail.com,21,58683
9563,user_9563,user_9563@mail.com,22,58686
9564,user_9564,user_9564@mail.com,23,58689
9565,user_9565,user_9565@mail.com,24,58692
9566,user_9566,user_9566@mail.com,25,58695
9567,user_9567,user_9567@mail.com,26,58698
9568,user_9568,user_9568@mail.com,27,58701
9569,user_9569,user_9569@mail.com,28,58704
9570,user_9570,user_9570@mail.com,29,58707
9571,user_9571,user_9571@mail.com,30,58710
9572,user_9572,user_9572@mail.com,31,58713
9573,user_9573,user_9573@mail.com,32,58716
9574,user_9574,user_9574@mail.com,33,58719
9575,user_9575,user_9575@mail.com,34,58722
9576,user_9576,user_9576@mail.com,35,58725
9577,user_9577,user_9577@mail.com,36,58728
9578,user_9578,user_9578@mail.com,37,58731
9579,user_9579,user_9579@mail.com,38,58734
9580,user_9580,user_9580@mail.com,39,58737
9581,user_9581,user_9581@mail.com,40,58740
9582,user_9582,user_9582@mail.com,41,58743
9583,user_9583,user_9583@mail.com,42,58746
9584,user_9584,user_9584@mail.com,43,58749
9585,user_9585,user_9585@mail.com,44,58752
9586,user_9586,user_9586@mail.com,45,58755
9587,user_9587,user_9587@mail.com,46,58758
9588,user_9588,user_9588@mail.com,47,58761
9589,user_9589,user_9589@mail.com,48,58764
9590,user_9590,user_9590@mail.com,49,58767
9591,user_9591,user_9591@mail.com,50,58770
9592,user_9592,user_9592@mail.com,51,58773
9593,user_9593,user_9593@mail.com,52,58776
9594,user_9594,user_9594@mail.com,53,58779
9595,user_9595,user_9595@mail.com,54,58782
9596,user_9596,user_9596@mail.com,55,58785
9597,user_9597,user_9597@mail.com,56,58788
9598,user_9598,user_9598@mail.com,57,58791
9599,user_9599,user_9599@mail.com,58,58794
9600,user_9600,user_9600@mail.com,59,58797
9601,user_9601,user_9601@mail.com,20,58800
9602,user_9602,user_9602@mail.com,21,58803
9603,user_9603,user_9603@mail.com,22,58806
9604,user_9604,user_9604@mail.com,23,58809
9605,user_9605,user_9605@mail.com,24,58812
9606,user_9606,user_9606@mail.com,25,58815
9607,user_9607,user_9607@mail.com,26,58818
9608,user_9608,user_9608@mail.com,27,58821
9609,user_9609,user_9609@mail.com,28,58824
9610,user_9610,user_9610@mail.com,29,58827
9611,user_9611,user_9611@mail.com,30,58830
9612,user_9612,user_9612@mail.com,31,58833
9613,user_9613,user_9613@mail.com,32,58836
9614,user_9614,user_9614@mail.com,33,58839
9615,user_9615,user_9615@mail.com,34,58842
9616,user_9616,user_9616@mail.com,35,58845
9617,user_9617,user_9617@mail.com,36,58848
9618,user_9618,user_9618@mail.com,37,58851
9619,user_9619,user_9619@mail.com,38,58854
9620,user_9620,user_9620@mail.com,39,58857
9621,user_9621,user_9621@mail.com,40,58860
9622,user_9622,user_9622@mail.com,41,58863
9623,user_9623,user_9623@mail.com,42,58866
9624,user_9624,user_9624@mail.com,43,58869
9625,user_9625,user_9625@mail.com,44,58872
9626,user_9626,user_9626@mail.com,45,58875
9627,user_9627,user_9627@mail.com,46,58878
9628,user_9628,user_9628@mail.com,47,58881
9629,user_9629,user_9629@mail.com,48,58884
9630,user_9630,user_9630@mail.com,49,58887
9631,user_9631,user_9631@mail.com,50,58890
9632,user_9632,user_9632@mail.com,51,58893
9633,user_9633,user_9633@mail.com,52,58896
9634,user_9634,user_9634@mail.com,53,58899
9635,user_9635,user_9635@mail.com,54,58902
9636,user_9636,user_9636@mail.com,55,58905
9637,user_9637,user_9637@mail.com,56,58908
9638,user_9638,user_9638@mail.com,57,58911
9639,user_9639,user_9639@mail.com,58,58914
9640,user_9640,user_9640@mail.com,59,58917
9641,user_9641,user_9641@mail.com,20,58920
9642,user_9642,user_9642@mail.com,21,58923
9643,user_9643,user_9643@mail.com,22,58926
9644,user_9644,user_9644@mail.com,23,58929
9645,user_9645,user_9645@mail.com,24,58932
9646,user_9646,user_9646@mail.com,25,58935
9647,user_9647,user_9647@mail.com,26,58938
9648,user_9648,user_9648@mail.com,27,58941
9649,user_9649,user_9649@mail.com,28,58944
9650,user_9650,user_9650@mail.com,29,58947
9651,user_9651,user_9651@mail.com,30,58950
9652,user_9652,user_9652@mail.com,31,58953
9653,user_9653,user_9653@mail.com,32,58956
9654,user_9654,user_9654@mail.com,33,58959
9655,user_9655,user_9655@mail.com,34,58962
9656,user_9656,user_9656@mail.com,35,58965
9657,user_9657,user_9657@mail.com,36,58968
9658,user_9658,user_9658@mail.com,37,58971
9659,user_9659,user_9659@mail.com,38,58974
9660,user_9660,user_9660@mail.com,39,58977
9661,user_9661,user_9661@mail.com,40,58980
9662,user_9662,user_9662@mail.com,41,58983
9663,user_9663,user_9663@mail.com,42,58986
9664,user_9664,user_9664@mail.com,43,58989
9665,user_9665,user_9665@mail.com,44,58992
9666,user_9666,user_9666@mail.com,45,58995
9667,user_9667,user_9667@mail.com,46,58998
9668,user_9668,user_9668@mail.com,47,59001
9669,user_9669,user_9669@mail.com,48,59004
9670,user_9670,user_9670@mail.com,49,59007
9671,user_9671,user_9671@mail.com,50,59010
9672,user_9672,user_9672@mail.com,51,59013
9673,user_9673,user_9673@mail.com,52,59016
9674,user_9674,user_9674@mail.com,53,59019
9675,user_9675,user_9675@mail.com,54,59022
9676,user_9676,user_9676@mail.com,55,59025
9677,user_9677,user_9677@mail.com,56,59028
9678,user_9678,user_9678@mail.com,57,59031
9679,user_9679,user_9679@mail.com,58,59034
9680,user_9680,user_9680@mail.com,59,59037
9681,user_9681,user_9681@mail.com,20,59040
9682,user_9682,user_9682@mail.com,21,59043
9683,user_9683,user_9683@mail.com,22,59046
9684,user_9684,user_9684@mail.com,23,59049
9685,user_9685,user_9685@mail.com,24,59052
9686,user_9686,user_9686@mail.com,25,59055
9687,user_9687,user_9687@mail.com,26,59058
9688,user_9688,user_9688@mail.com,27,59061
9689,user_9689,user_9689@mail.com,28,59064
9690,user_9690,user_9690@mail.com,29,59067
9691,user_9691,user_9691@mail.com,30,59070
9692,user_9692,user_9692@mail.com,31,59073
9693,user_9693,user_9693@mail.com,32,59076
9694,user_9694,user_9694@mail.com,33,59079
9695,user_9695,user_9695@mail.com,34,59082
9696,user_9696,user_9696@mail.com,35,59085
9697,user_9697,user_9697@mail.com,36,59088
9698,user_9698,user_9698@mail.com,37,59091
9699,user_9699,user_9699@mail.com,38,59094
9700,user_9700,user_9700@mail.com,39,59097
9701,user_9701,user_9701@mail.com,40,59100
9702,user_9702,user_9702@mail.com,41,59103
9703,user_9703,user_9703@mail.com,42,59106
9704,user_9704,user_9704@mail.com,43,59109
9705,user_9705,user_9705@mail.com,44,59112
9706,user_9706,user_9706@mail.com,45,59115
9707,user_9707,user_9707@mail.com,46,59118
9708,user_9708,user_9708@mail.com,47,59121
9709,user_9709,user_9709@mail.com,48,59124
9710,user_9710,user_9710@mail.com,49,59127
9711,user_9711,user_9711@mail.com,50,59130
9712,user_9712,user_9712@mail.com,51,59133
9713,user_9713,user_9713@mail.com,52,59136
9714,user_9714,user_9714@mail.com,53,59139
9715,user_9715,user_9715@mail.com,54,59142
9716,user_9716,user_9716@mail.com,55,59145
9717,user_9717,user_9717@mail.com,56,59148
9718,user_9718,user_9718@mail.com,57,59151
9719,user_9719,user_9719@mail.com,58,59154
9720,user_9720,user_9720@mail.com,59,59157
9721,user_9721,user_9721@mail.com,20,59160
9722,user_9722,user_9722@mail.com,21,59163
9723,user_9723,user_9723@mail.com,22,59166
9724,user_9724,user_9724@mail.com,23,59169
9725,user_9725,user_9725@mail.com,24,59172
9726,user_9726,user_9726@mail.com,25,59175
9727,user_9727,user_9727@mail.com,26,59178
9728,user_9728,user_9728@mail.com,27,59181
9729,user_9729,user_9729@mail.com,28,59184
9730,user_9730,user_9730@mail.com,29,59187
9731,user_9731,user_9731@mail.com,30,59190
9732,user_9732,user_9732@mail.com,31,59193
9733,user_9733,user_9733@mail.com,32,59196
9734,user_9734,user_9734@mail.com,33,59199
9735,user_9735,user_9735@mail.com,34,59202
9736,user_9736,user_9736@mail.com,35,59205
9737,user_9737,user_9737@mail.com,36,59208
9738,user_9738,user_9738@mail.com,37,59211
9739,user_9739,user_9739@mail.com,38,59214
9740,user_9740,user_9740@mail.com,39,59217
9741,user_9741,user_9741@mail.com,40,59220
9742,user_9742,user_9742@mail.com,41,59223
9743,user_9743,user_9743@mail.com,42,59226
9744,user_9744,user_9744@mail.com,43,59229
9745,user_9745,user_9745@mail.com,44,59232
9746,user_9746,user_9746@mail.com,45,59235
9747,user_9747,user_9747@mail.com,46,59238
9748,user_9748,user_9748@mail.com,47,59241
9749,user_9749,user_9749@mail.com,48,59244
9750,user_9750,user_9750@mail.com,49,59247
9751,user_9751,user_9751@mail.com,50,59250
9752,user_9752,user_9752@mail.com,51,59253
9753,user_9753,user_9753@mail.com,52,59256
9754,user_9754,user_9754@mail.com,53,59259
9755,user_9755,user_9755@mail.com,54,59262
9756,user_9756,user_9756@mail.com,55,59265
9757,user_9757,user_9757@mail.com,56,59268
9758,user_9758,user_9758@mail.com,57,59271
9759,user_9759,user_9759@mail.com,58,59274
9760,user_9760,user_9760@mail.com,59,59277
9761,user_9761,user_9761@mail.com,20,59280
9762,user_9762,user_9762@mail.com,21,59283
9763,user_9763,user_9763@mail.com,22,59286
9764,user_9764,user_9764@mail.com,23,59289
9765,user_9765,user_9765@mail.com,24,59292
9766,user_9766,user_9766@mail.com,25,59295
9767,user_9767,user_9767@mail.com,26,59298
9768,user_9768,user_9768@mail.com,27,59301
9769,user_9769,user_9769@mail.com,28,59304
9770,user_9770,user_9770@mail.com,29,59307
9771,user_9771,user_9771@mail.com,30,59310
9772,user_9772,user_9772@mail.com,31,59313
9773,user_9773,user_9773@mail.com,32,59316
9774,user_9774,user_9774@mail.com,33,59319
9775,user_9775,user_9775@mail.com,34,59322
9776,user_9776,user_9776@mail.com,35,59325
9777,user_9777,user_9777@mail.com,36,59328
9778,user_9778,user_9778@mail.com,37,59331
9779,user_9779,user_9779@mail.com,38,59334
9780,user_9780,user_9780@mail.com,39,59337
9781,user_9781,user_9781@mail.com,40,59340
9782,user_9782,user_9782@mail.com,41,59343
9783,user_9783,user_9783@mail.com,42,59346
9784,user_9784,user_9784@mail.com,43,59349
9785,user_9785,user_9785@mail.com,44,59352
9786,user_9786,user_9786@mail.com,45,59355
9787,user_9787,user_9787@mail.com,46,59358
9788,user_9788,user_9788@mail.com,47,59361
9789,user_9789,user_9789@mail.com,48,59364
9790,user_9790,user_9790@mail.com,49,59367
9791,user_9791,user_9791@mail.com,50,59370
9792,user_9792,user_9792@mail.com,51,59373
9793,user_9793,user_9793@mail.com,52,59376
9794,user_9794,user_9794@mail.com,53,59379
9795,user_9795,user_9795@mail.com,54,59382
9796,user_9796,user_9796@mail.com,55,59385
9797,user_9797,user_9797@mail.com,56,59388
9798,user_9798,user_9798@mail.com,57,59391
9799,user_9799,user_9799@mail.com,58,59394
9800,user_9800,user_9800@mail.com,59,59397
9801,user_9801,user_9801@mail.com,20,59400
9802,user_9802,user_9802@mail.com,21,59403
9803,user_9803,user_9803@mail.com,22,59406
9804,user_9804,user_9804@mail.com,23,59409
9805,user_9805,user_9805@mail.com,24,59412
9806,user_9806,user_9806@mail.com,25,59415
9807,user_9807,user_9807@mail.com,26,59418
9808,user_9808,user_9808@mail.com,27,59421
9809,user_9809,user_9809@mail.com,28,59424
9810,user_9810,user_9810@mail.com,29,59427
9811,user_9811,user_9811@mail.com,30,59430
9812,user_9812,user_9812@mail.com,31,59433
9813,user_9813,user_9813@mail.com,32,59436
9814,user_9814,user_9814@mail.com,33,59439
9815,user_9815,user_9815@mail.com,34,59442
9816,user_9816,user_9816@mail.com,35,59445
9817,user_9817,user_9817@mail.com,36,59448
9818,user_9818,user_9818@mail.com,37,59451
9819,user_9819,user_9819@mail.com,38,59454
9820,user_9820,user_9820@mail.com,39,59457
9821,user_9821,user_9821@mail.com,40,59460
9822,user_9822,user_9822@mail.com,41,59463
9823,user_9823,user_9823@mail.com,42,59466
9824,user_9824,user_9824@mail.com,43,59469
9825,user_9825,user_9825@mail.com,44,59472
9826,user_9826,user_9826@mail.com,45,59475
9827,user_9827,user_9827@mail.com,46,59478
9828,user_9828,user_9828@mail.com,47,59481
9829,user_9829,user_9829@mail.com,48,59484
9830,user_9830,user_9830@mail.com,49,59487
9831,user_9831,user_9831@mail.com,50,59490
9832,user_9832,user_9832@mail.com,51,59493
9833,user_9833,user_9833@mail.com,52,59496
9834,user_9834,user_9834@mail.com,53,59499
9835,user_9835,user_9835@mail.com,54,59502
9836,user_9836,user_9836@mail.com,55,59505
9837,user_9837,user_9837@mail.com,56,59508
9838,user_9838,user_9838@mail.com,57,59511
9839,user_9839,user_9839@mail.com,58,59514
9840,user_9840,user_9840@mail.com,59,59517
9841,user_9841,user_9841@mail.com,20,59520
9842,user_9842,user_9842@mail.com,21,59523
9843,user_9843,user_9843@mail.com,22,59526
9844,user_9844,user_9844@mail.com,23,59529
9845,user_9845,user_9845@mail.com,24,59532
9846,user_9846,user_9846@mail.com,25,59535
9847,user_9847,user_9847@mail.com,26,59538
9848,user_9848,user_9848@mail.com,27,59541
9849,user_9849,user_9849@mail.com,28,59544
9850,user_9850,user_9850@mail.com,29,59547
9851,user_9851,user_9851@mail.com,30,59550
9852,user_9852,user_9852@mail.com,31,59553
9853,user_9853,user_9853@mail.com,32,59556
9854,user_9854,user_9854@mail.com,33,59559
9855,user_9855,user_9855@mail.com,34,59562
9856,user_9856,user_9856@mail.com,35,59565
9857,user_9857,user_9857@mail.com,36,59568
9858,user_9858,user_9858@mail.com,37,59571
9859,user_9859,user_9859@mail.com,38,59574
9860,user_9860,user_9860@mail.com,39,59577
9861,user_9861,user_9861@mail.com,40,59580
9862,user_9862,user_9862@mail.com,41,59583
9863,user_9863,user_9863@mail.com,42,59586
9864,user_9864,user_9864@mail.com,43,59589
9865,user_9865,user_9865@mail.com,44,59592
9866,user_9866,user_9866@mail.com,45,59595
9867,user_9867,user_9867@mail.com,46,59598
9868,user_9868,user_9868@mail.com,47,59601
9869,user_9869,user_9869@mail.com,48,59604
9870,user_9870,user_9870@mail.com,49,59607
9871,user_9871,user_9871@mail.com,50,59610
9872,user_9872,user_9872@mail.com,51,59613
9873,user_9873,user_9873@mail.com,52,59616
9874,user_9874,user_9874@mail.com,53,59619
9875,user_9875,user_9875@mail.com,54,59622
9876,user_9876,user_9876@mail.com,55,59625
9877,user_9877,user_9877@mail.com,56,59628
9878,user_9878,user_9878@mail.com,57,59631
9879,user_9879,user_9879@mail.com,58,59634
9880,user_9880,user_9880@mail.com,59,59637
9881,user_9881,user_9881@mail.com,20,59640
9882,user_9882,user_9882@mail.com,21,59643
9883,user_9883,user_9883@mail.com,22,59646
9884,user_9884,user_9884@mail.com,23,59649
9885,user_9885,user_9885@mail.com,24,59652
9886,user_9886,user_9886@mail.com,25,59655
9887,user_9887,user_9887@mail.com,26,59658
9888,user_9888,user_9888@mail.com,27,59661
9889,user_9889,user_9889@mail.com,28,59664
9890,user_9890,user_9890@mail.com,29,59667
9891,user_9891,user_9891@mail.com,30,59670
9892,user_9892,user_9892@mail.com,31,59673
9893,user_9893,user_9893@mail.com,32,59676
9894,user_9894,user_9894@mail.com,33,59679
9895,user_9895,user_9895@mail.com,34,59682
9896,user_9896,user_9896@mail.com,35,59685
9897,user_9897,user_9897@mail.com,36,59688
9898,user_9898,user_9898@mail.com,37,59691
9899,user_9899,user_9899@mail.com,38,59694
9900,user_9900,user_9900@mail.com,39,59697
9901,user_9901,user_9901@mail.com,40,59700
9902,user_9902,user_9902@mail.com,41,59703
9903,user_9903,user_9903@mail.com,42,59706
9904,user_9904,user_9904@mail.com,43,59709
9905,user_9905,user_9905@mail.com,44,59712
9906,user_9906,user_9906@mail.com,45,59715
9907,user_9907,user_9907@mail.com,46,59718
9908,user_9908,user_9908@mail.com,47,59721
9909,user_9909,user_9909@mail.com,48,59724
9910,user_9910,user_9910@mail.com,49,59727
9911,user_9911,user_9911@mail.com,50,59730
9912,user_9912,user_9912@mail.com,51,59733
9913,user_9913,user_9913@mail.com,52,59736
9914,user_9914,user_9914@mail.com,53,59739
9915,user_9915,user_9915@mail.com,54,59742
9916,user_9916,user_9916@mail.com,55,59745
9917,user_9917,user_9917@mail.com,56,59748
9918,user_9918,user_9918@mail.com,57,59751
9919,user_9919,user_9919@mail.com,58,59754
9920,user_9920,user_9920@mail.com,59,59757
9921,user_9921,user_9921@mail.com,20,59760
9922,user_9922,user_9922@mail.com,21,59763
9923,user_9923,user_9923@mail.com,22,59766
9924,user_9924,user_9924@mail.com,23,59769
9925,user_9925,user_9925@mail.com,24,59772
9926,user_9926,user_9926@mail.com,25,59775
9927,user_9927,user_9927@mail.com,26,59778
9928,user_9928,user_9928@mail.com,27,59781
9929,user_9929,user_9929@mail.com,28,59784
9930,user_9930,user_9930@mail.com,29,59787
9931,user_9931,user_9931@mail.com,30,59790
9932,user_9932,user_9932@mail.com,31,59793
9933,user_9933,user_9933@mail.com,32,59796
9934,user_9934,user_9934@mail.com,33,59799
9935,user_9935,user_9935@mail.com,34,59802
9936,user_9936,user_9936@mail.com,35,59805
9937,user_9937,user_9937@mail.com,36,59808
9938,user_9938,user_9938@mail.com,37,59811
9939,user_9939,user_9939@mail.com,38,59814
9940,user_9940,user_9940@mail.com,39,59817
9941,user_9941,user_9941@mail.com,40,59820
9942,user_9942,user_9942@mail.com,41,59823
9943,user_9943,user_9943@mail.com,42,59826
9944,user_9944,user_9944@mail.com,43,59829
9945,user_9945,user_9945@mail.com,44,59832
9946,user_9946,user_9946@mail.com,45,59835
9947,user_9947,user_9947@mail.com,46,59838
9948,user_9948,user_9948@mail.com,47,59841
9949,user_9949,user_9949@mail.com,48,59844
9950,user_9950,user_9950@mail.com,49,59847
9951,user_9951,user_9951@mail.com,50,59850
9952,user_9952,user_9952@mail.com,51,59853
9953,user_9953,user_9953@mail.com,52,59856
9954,user_9954,user_9954@mail.com,53,59859
9955,user_9955,user_9955@mail.com,54,59862
9956,user_9956,user_9956@mail.com,55,59865
9957,user_9957,user_9957@mail.com,56,59868
9958,user_9958,user_9958@mail.com,57,59871
9959,user_9959,user_9959@mail.com,58,59874
9960,user_9960,user_9960@mail.com,59,59877
9961,user_9961,user_9961@mail.com,20,59880
9962,user_9962,user_9962@mail.com,21,59883
9963,user_9963,user_9963@mail.com,22,59886
9964,user_9964,user_9964@mail.com,23,59889
9965,user_9965,user_9965@mail.com,24,59892
9966,user_9966,user_9966@mail.com,25,59895
9967,user_9967,user_9967@mail.com,26,59898
9968,user_9968,user_9968@mail.com,27,59901
9969,user_9969,user_9969@mail.com,28,59904
9970,user_9970,user_9970@mail.com,29,59907
9971,user_9971,user_9971@mail.com,30,59910
9972,user_9972,user_9972@mail.com,31,59913
9973,user_9973,user_9973@mail.com,32,59916
9974,user_9974,user_9974@mail.com,33,59919
9975,user_9975,user_9975@mail.com,34,59922
9976,user_9976,user_9976@mail.com,35,59925
9977,user_9977,user_9977@mail.com,36,59928
9978,user_9978,user_9978@mail.com,37,59931
9979,user_9979,user_9979@mail.com,38,59934
9980,user_9980,user_9980@mail.com,39,59937
9981,user_9981,user_9981@mail.com,40,59940
9982,user_9982,user_9982@mail.com,41,59943
9983,user_9983,user_9983@mail.com,42,59946
9984,user_9984,user_9984@mail.com,43,59949
9985,user_9985,user_9985@mail.com,44,59952
9986,user_9986,user_9986@mail.com,45,59955
9987,user_9987,user_9987@mail.com,46,59958
9988,user_9988,user_9988@mail.com,47,59961
9989,user_9989,user_9989@mail.com,48,59964
9990,user_9990,user_9990@mail.com,49,59967
9991,user_9991,user_9991@mail.com,50,59970
9992,user_9992,user_9992@mail.com,51,59973
9993,user_9993,user_9993@mail.com,52,59976
9994,user_9994,user_9994@mail.com,53,59979
9995,user_9995,user_9995@mail.com,54,59982
9996,user_9996,user_9996@mail.com,55,59985
9997,user_9997,user_9997@mail.com,56,59988
9998,user_9998,user_9998@mail.com,57,59991
9999,user_9999,user_9999@mail.com,58,59994
10000,user_10000,user_10000@mail.com,59,59997
